question,answer
My child is allergic to shellfish. What are some safe snacks for them?,"For a child with a shellfish allergy, it's crucial to avoid any foods containing that allergen. For snacks, a safe option could be a sunflower seed butter and jelly sandwich on gluten-free bread, or a rice pasta with a vegetable-based sauce."
Can you give me some information about the benefits of a balanced diet for preschoolers (4-5 years)?,"The benefits of a balanced diet is especially important for preschoolers (4-5 years). For example, it's recommended that they drink plenty of water throughout the day to stay hydrated and support their growing bodies."
What are some healthy dinner for preschoolers (4-5 years)?,"For preschoolers (4-5 years), a healthy dinner could include a source of protein like lean meat or beans, a whole grain like brown rice or quinoa, and a variety of colorful vegetables. For example, a grilled chicken salad or a black bean burger on a whole wheat bun."
What are some healthy dinner for preschoolers (4-5 years)?,"For preschoolers (4-5 years), a healthy dinner could include a source of protein like lean meat or beans, a whole grain like brown rice or quinoa, and a variety of colorful vegetables. For example, a grilled chicken salad or a black bean burger on a whole wheat bun."
What are some healthy breakfast for kids (6-12 years)?,"For kids (6-12 years), a healthy breakfast could include a source of protein like lean meat or beans, a whole grain like brown rice or quinoa, and a variety of colorful vegetables. For example, a grilled chicken salad or a black bean burger on a whole wheat bun."
Can you give me some information about the importance of hydration for preschoolers (4-5 years)?,"The importance of hydration is especially important for preschoolers (4-5 years). For example, it's recommended that they drink plenty of water throughout the day to stay hydrated and support their growing bodies."
My child is allergic to shellfish. What are some safe snacks for them?,"For a child with a shellfish allergy, it's crucial to avoid any foods containing that allergen. For snacks, a safe option could be a sunflower seed butter and jelly sandwich on gluten-free bread, or a rice pasta with a vegetable-based sauce."
What are some healthy snacks for preschoolers (4-5 years)?,"For preschoolers (4-5 years), a healthy snacks could include a source of protein like lean meat or beans, a whole grain like brown rice or quinoa, and a variety of colorful vegetables. For example, a grilled chicken salad or a black bean burger on a whole wheat bun."
Can you give me some information about the how to read nutrition labels for toddlers (1-3 years)?,"The how to read nutrition labels is especially important for toddlers (1-3 years). For example, it's recommended that they drink plenty of water throughout the day to stay hydrated and support their growing bodies."
My child is allergic to gluten. What are some safe breakfast for them?,"For a child with a gluten allergy, it's crucial to avoid any foods containing that allergen. For breakfast, a safe option could be a sunflower seed butter and jelly sandwich on gluten-free bread, or a rice pasta with a vegetable-based sauce."
How can I deal with involving kids in cooking in toddlers (1-3 years)?,"Dealing with involving kids in cooking in toddlers (1-3 years) can be challenging. One tip is to involving kids in cooking, for example, by creating a colorful plate or cutting sandwiches into fun shapes. It's also important to be patient and continue offering new foods without pressure."
What are the key points of safe food storage when preparing food for toddlers (1-3 years)?,"When it comes to safe food storage for toddlers (1-3 years), it's important to always wash your hands before preparing food, cook meat to the proper temperature, and store leftovers in the refrigerator promptly."
How can I deal with how to introduce new foods in toddlers (1-3 years)?,"Dealing with how to introduce new foods in toddlers (1-3 years) can be challenging. One tip is to how to introduce new foods, for example, by creating a colorful plate or cutting sandwiches into fun shapes. It's also important to be patient and continue offering new foods without pressure."
How can I deal with making food fun in toddlers (1-3 years)?,"Dealing with making food fun in toddlers (1-3 years) can be challenging. One tip is to making food fun, for example, by creating a colorful plate or cutting sandwiches into fun shapes. It's also important to be patient and continue offering new foods without pressure."
My child is allergic to shellfish. What are some safe breakfast for them?,"For a child with a shellfish allergy, it's crucial to avoid any foods containing that allergen. For breakfast, a safe option could be a sunflower seed butter and jelly sandwich on gluten-free bread, or a rice pasta with a vegetable-based sauce."
How can I deal with how to introduce new foods in preschoolers (4-5 years)?,"Dealing with how to introduce new foods in preschoolers (4-5 years) can be challenging. One tip is to how to introduce new foods, for example, by creating a colorful plate or cutting sandwiches into fun shapes. It's also important to be patient and continue offering new foods without pressure."
How can I deal with how to introduce new foods in kids (6-12 years)?,"Dealing with how to introduce new foods in kids (6-12 years) can be challenging. One tip is to how to introduce new foods, for example, by creating a colorful plate or cutting sandwiches into fun shapes. It's also important to be patient and continue offering new foods without pressure."
Can you give me some information about the how to read nutrition labels for kids (6-12 years)?,"The how to read nutrition labels is especially important for kids (6-12 years). For example, it's recommended that they drink plenty of water throughout the day to stay hydrated and support their growing bodies."
Can you give me some information about the healthy snack ideas for teens (13-18 years)?,"The healthy snack ideas is especially important for teens (13-18 years). For example, it's recommended that they drink plenty of water throughout the day to stay hydrated and support their growing bodies."
Can you give me some information about the benefits of a balanced diet for toddlers (1-3 years)?,"The benefits of a balanced diet is especially important for toddlers (1-3 years). For example, it's recommended that they drink plenty of water throughout the day to stay hydrated and support their growing bodies."
How can I deal with making food fun in kids (6-12 years)?,"Dealing with making food fun in kids (6-12 years) can be challenging. One tip is to making food fun, for example, by creating a colorful plate or cutting sandwiches into fun shapes. It's also important to be patient and continue offering new foods without pressure."
What are the key points of cooking temperatures when preparing food for preschoolers (4-5 years)?,"When it comes to cooking temperatures for preschoolers (4-5 years), it's important to always wash your hands before preparing food, cook meat to the proper temperature, and store leftovers in the refrigerator promptly."
Can you give me some information about the importance of hydration for toddlers (1-3 years)?,"The importance of hydration is especially important for toddlers (1-3 years). For example, it's recommended that they drink plenty of water throughout the day to stay hydrated and support their growing bodies."
How can I deal with involving kids in cooking in teens (13-18 years)?,"Dealing with involving kids in cooking in teens (13-18 years) can be challenging. One tip is to involving kids in cooking, for example, by creating a colorful plate or cutting sandwiches into fun shapes. It's also important to be patient and continue offering new foods without pressure."
What are some pescatarian breakfast for toddlers (1-3 years)?,"A pescatarian breakfast for toddlers (1-3 years) could be a lentil soup with a side of whole-grain bread, or a tofu stir-fry with a variety of vegetables."
What are some pescatarian lunch for toddlers (1-3 years)?,"A pescatarian lunch for toddlers (1-3 years) could be a lentil soup with a side of whole-grain bread, or a tofu stir-fry with a variety of vegetables."
Can you give me some information about the how to read nutrition labels for teens (13-18 years)?,"The how to read nutrition labels is especially important for teens (13-18 years). For example, it's recommended that they drink plenty of water throughout the day to stay hydrated and support their growing bodies."
Can you give me some information about the how to read nutrition labels for preschoolers (4-5 years)?,"The how to read nutrition labels is especially important for preschoolers (4-5 years). For example, it's recommended that they drink plenty of water throughout the day to stay hydrated and support their growing bodies."
My child is allergic to eggs. What are some safe lunch for them?,"For a child with a eggs allergy, it's crucial to avoid any foods containing that allergen. For lunch, a safe option could be a sunflower seed butter and jelly sandwich on gluten-free bread, or a rice pasta with a vegetable-based sauce."
What are some healthy dinner for preschoolers (4-5 years)?,"For preschoolers (4-5 years), a healthy dinner could include a source of protein like lean meat or beans, a whole grain like brown rice or quinoa, and a variety of colorful vegetables. For example, a grilled chicken salad or a black bean burger on a whole wheat bun."
What are some vegetarian breakfast for kids (6-12 years)?,"A vegetarian breakfast for kids (6-12 years) could be a lentil soup with a side of whole-grain bread, or a tofu stir-fry with a variety of vegetables."
My child is allergic to eggs. What are some safe breakfast for them?,"For a child with a eggs allergy, it's crucial to avoid any foods containing that allergen. For breakfast, a safe option could be a sunflower seed butter and jelly sandwich on gluten-free bread, or a rice pasta with a vegetable-based sauce."
What are some healthy snacks for preschoolers (4-5 years)?,"For preschoolers (4-5 years), a healthy snacks could include a source of protein like lean meat or beans, a whole grain like brown rice or quinoa, and a variety of colorful vegetables. For example, a grilled chicken salad or a black bean burger on a whole wheat bun."
What are the key points of cooking temperatures when preparing food for kids (6-12 years)?,"When it comes to cooking temperatures for kids (6-12 years), it's important to always wash your hands before preparing food, cook meat to the proper temperature, and store leftovers in the refrigerator promptly."
My child is allergic to eggs. What are some safe lunch for them?,"For a child with a eggs allergy, it's crucial to avoid any foods containing that allergen. For lunch, a safe option could be a sunflower seed butter and jelly sandwich on gluten-free bread, or a rice pasta with a vegetable-based sauce."
Can you give me some information about the the food pyramid for preschoolers (4-5 years)?,"The the food pyramid is especially important for preschoolers (4-5 years). For example, it's recommended that they drink plenty of water throughout the day to stay hydrated and support their growing bodies."
What are some pescatarian lunch for kids (6-12 years)?,"A pescatarian lunch for kids (6-12 years) could be a lentil soup with a side of whole-grain bread, or a tofu stir-fry with a variety of vegetables."
My child is allergic to dairy. What are some safe snacks for them?,"For a child with a dairy allergy, it's crucial to avoid any foods containing that allergen. For snacks, a safe option could be a sunflower seed butter and jelly sandwich on gluten-free bread, or a rice pasta with a vegetable-based sauce."
What are the key points of cooking temperatures when preparing food for teens (13-18 years)?,"When it comes to cooking temperatures for teens (13-18 years), it's important to always wash your hands before preparing food, cook meat to the proper temperature, and store leftovers in the refrigerator promptly."
My child is allergic to peanuts. What are some safe snacks for them?,"For a child with a peanuts allergy, it's crucial to avoid any foods containing that allergen. For snacks, a safe option could be a sunflower seed butter and jelly sandwich on gluten-free bread, or a rice pasta with a vegetable-based sauce."
What are some healthy lunch for preschoolers (4-5 years)?,"For preschoolers (4-5 years), a healthy lunch could include a source of protein like lean meat or beans, a whole grain like brown rice or quinoa, and a variety of colorful vegetables. For example, a grilled chicken salad or a black bean burger on a whole wheat bun."
What are the key points of cross-contamination when preparing food for teens (13-18 years)?,"When it comes to cross-contamination for teens (13-18 years), it's important to always wash your hands before preparing food, cook meat to the proper temperature, and store leftovers in the refrigerator promptly."
How can I deal with making food fun in kids (6-12 years)?,"Dealing with making food fun in kids (6-12 years) can be challenging. One tip is to making food fun, for example, by creating a colorful plate or cutting sandwiches into fun shapes. It's also important to be patient and continue offering new foods without pressure."
Can you give me some information about the the food pyramid for preschoolers (4-5 years)?,"The the food pyramid is especially important for preschoolers (4-5 years). For example, it's recommended that they drink plenty of water throughout the day to stay hydrated and support their growing bodies."
Can you give me some information about the healthy snack ideas for kids (6-12 years)?,"The healthy snack ideas is especially important for kids (6-12 years). For example, it's recommended that they drink plenty of water throughout the day to stay hydrated and support their growing bodies."
My child is allergic to dairy. What are some safe lunch for them?,"For a child with a dairy allergy, it's crucial to avoid any foods containing that allergen. For lunch, a safe option could be a sunflower seed butter and jelly sandwich on gluten-free bread, or a rice pasta with a vegetable-based sauce."
What are some vegetarian lunch for preschoolers (4-5 years)?,"A vegetarian lunch for preschoolers (4-5 years) could be a lentil soup with a side of whole-grain bread, or a tofu stir-fry with a variety of vegetables."
Can you give me some information about the benefits of a balanced diet for kids (6-12 years)?,"The benefits of a balanced diet is especially important for kids (6-12 years). For example, it's recommended that they drink plenty of water throughout the day to stay hydrated and support their growing bodies."
What are some healthy dinner for teens (13-18 years)?,"For teens (13-18 years), a healthy dinner could include a source of protein like lean meat or beans, a whole grain like brown rice or quinoa, and a variety of colorful vegetables. For example, a grilled chicken salad or a black bean burger on a whole wheat bun."
Can you give me some information about the how to read nutrition labels for kids (6-12 years)?,"The how to read nutrition labels is especially important for kids (6-12 years). For example, it's recommended that they drink plenty of water throughout the day to stay hydrated and support their growing bodies."
How can I deal with involving kids in cooking in toddlers (1-3 years)?,"Dealing with involving kids in cooking in toddlers (1-3 years) can be challenging. One tip is to involving kids in cooking, for example, by creating a colorful plate or cutting sandwiches into fun shapes. It's also important to be patient and continue offering new foods without pressure."
How can I deal with making food fun in preschoolers (4-5 years)?,"Dealing with making food fun in preschoolers (4-5 years) can be challenging. One tip is to making food fun, for example, by creating a colorful plate or cutting sandwiches into fun shapes. It's also important to be patient and continue offering new foods without pressure."
Can you give me some information about the importance of hydration for teens (13-18 years)?,"The importance of hydration is especially important for teens (13-18 years). For example, it's recommended that they drink plenty of water throughout the day to stay hydrated and support their growing bodies."
What are some vegetarian dinner for kids (6-12 years)?,"A vegetarian dinner for kids (6-12 years) could be a lentil soup with a side of whole-grain bread, or a tofu stir-fry with a variety of vegetables."
What are some healthy dinner for preschoolers (4-5 years)?,"For preschoolers (4-5 years), a healthy dinner could include a source of protein like lean meat or beans, a whole grain like brown rice or quinoa, and a variety of colorful vegetables. For example, a grilled chicken salad or a black bean burger on a whole wheat bun."
How can I deal with involving kids in cooking in teens (13-18 years)?,"Dealing with involving kids in cooking in teens (13-18 years) can be challenging. One tip is to involving kids in cooking, for example, by creating a colorful plate or cutting sandwiches into fun shapes. It's also important to be patient and continue offering new foods without pressure."
What are the key points of safe food storage when preparing food for toddlers (1-3 years)?,"When it comes to safe food storage for toddlers (1-3 years), it's important to always wash your hands before preparing food, cook meat to the proper temperature, and store leftovers in the refrigerator promptly."
What are the key points of cooking temperatures when preparing food for preschoolers (4-5 years)?,"When it comes to cooking temperatures for preschoolers (4-5 years), it's important to always wash your hands before preparing food, cook meat to the proper temperature, and store leftovers in the refrigerator promptly."
Can you give me some information about the importance of hydration for preschoolers (4-5 years)?,"The importance of hydration is especially important for preschoolers (4-5 years). For example, it's recommended that they drink plenty of water throughout the day to stay hydrated and support their growing bodies."
How can I deal with making food fun in preschoolers (4-5 years)?,"Dealing with making food fun in preschoolers (4-5 years) can be challenging. One tip is to making food fun, for example, by creating a colorful plate or cutting sandwiches into fun shapes. It's also important to be patient and continue offering new foods without pressure."
My child is allergic to dairy. What are some safe breakfast for them?,"For a child with a dairy allergy, it's crucial to avoid any foods containing that allergen. For breakfast, a safe option could be a sunflower seed butter and jelly sandwich on gluten-free bread, or a rice pasta with a vegetable-based sauce."
What are the key points of safe food storage when preparing food for teens (13-18 years)?,"When it comes to safe food storage for teens (13-18 years), it's important to always wash your hands before preparing food, cook meat to the proper temperature, and store leftovers in the refrigerator promptly."
Can you give me some information about the benefits of a balanced diet for kids (6-12 years)?,"The benefits of a balanced diet is especially important for kids (6-12 years). For example, it's recommended that they drink plenty of water throughout the day to stay hydrated and support their growing bodies."
What are some pescatarian lunch for kids (6-12 years)?,"A pescatarian lunch for kids (6-12 years) could be a lentil soup with a side of whole-grain bread, or a tofu stir-fry with a variety of vegetables."
What are some vegan breakfast for preschoolers (4-5 years)?,"A vegan breakfast for preschoolers (4-5 years) could be a lentil soup with a side of whole-grain bread, or a tofu stir-fry with a variety of vegetables."
Can you give me some information about the benefits of a balanced diet for teens (13-18 years)?,"The benefits of a balanced diet is especially important for teens (13-18 years). For example, it's recommended that they drink plenty of water throughout the day to stay hydrated and support their growing bodies."
How can I deal with making food fun in preschoolers (4-5 years)?,"Dealing with making food fun in preschoolers (4-5 years) can be challenging. One tip is to making food fun, for example, by creating a colorful plate or cutting sandwiches into fun shapes. It's also important to be patient and continue offering new foods without pressure."
How can I deal with how to introduce new foods in preschoolers (4-5 years)?,"Dealing with how to introduce new foods in preschoolers (4-5 years) can be challenging. One tip is to how to introduce new foods, for example, by creating a colorful plate or cutting sandwiches into fun shapes. It's also important to be patient and continue offering new foods without pressure."
What are the key points of cross-contamination when preparing food for toddlers (1-3 years)?,"When it comes to cross-contamination for toddlers (1-3 years), it's important to always wash your hands before preparing food, cook meat to the proper temperature, and store leftovers in the refrigerator promptly."
What are some pescatarian snacks for toddlers (1-3 years)?,"A pescatarian snacks for toddlers (1-3 years) could be a lentil soup with a side of whole-grain bread, or a tofu stir-fry with a variety of vegetables."
What are some vegetarian snacks for teens (13-18 years)?,"A vegetarian snacks for teens (13-18 years) could be a lentil soup with a side of whole-grain bread, or a tofu stir-fry with a variety of vegetables."
My child is allergic to shellfish. What are some safe breakfast for them?,"For a child with a shellfish allergy, it's crucial to avoid any foods containing that allergen. For breakfast, a safe option could be a sunflower seed butter and jelly sandwich on gluten-free bread, or a rice pasta with a vegetable-based sauce."
My child is allergic to dairy. What are some safe dinner for them?,"For a child with a dairy allergy, it's crucial to avoid any foods containing that allergen. For dinner, a safe option could be a sunflower seed butter and jelly sandwich on gluten-free bread, or a rice pasta with a vegetable-based sauce."
Can you give me some information about the the food pyramid for kids (6-12 years)?,"The the food pyramid is especially important for kids (6-12 years). For example, it's recommended that they drink plenty of water throughout the day to stay hydrated and support their growing bodies."
What are the key points of hand washing before meals when preparing food for kids (6-12 years)?,"When it comes to hand washing before meals for kids (6-12 years), it's important to always wash your hands before preparing food, cook meat to the proper temperature, and store leftovers in the refrigerator promptly."
My child is allergic to shellfish. What are some safe breakfast for them?,"For a child with a shellfish allergy, it's crucial to avoid any foods containing that allergen. For breakfast, a safe option could be a sunflower seed butter and jelly sandwich on gluten-free bread, or a rice pasta with a vegetable-based sauce."
What are the key points of cross-contamination when preparing food for preschoolers (4-5 years)?,"When it comes to cross-contamination for preschoolers (4-5 years), it's important to always wash your hands before preparing food, cook meat to the proper temperature, and store leftovers in the refrigerator promptly."
What are the key points of cooking temperatures when preparing food for kids (6-12 years)?,"When it comes to cooking temperatures for kids (6-12 years), it's important to always wash your hands before preparing food, cook meat to the proper temperature, and store leftovers in the refrigerator promptly."
My child is allergic to peanuts. What are some safe dinner for them?,"For a child with a peanuts allergy, it's crucial to avoid any foods containing that allergen. For dinner, a safe option could be a sunflower seed butter and jelly sandwich on gluten-free bread, or a rice pasta with a vegetable-based sauce."
My child is allergic to dairy. What are some safe snacks for them?,"For a child with a dairy allergy, it's crucial to avoid any foods containing that allergen. For snacks, a safe option could be a sunflower seed butter and jelly sandwich on gluten-free bread, or a rice pasta with a vegetable-based sauce."
How can I deal with how to introduce new foods in teens (13-18 years)?,"Dealing with how to introduce new foods in teens (13-18 years) can be challenging. One tip is to how to introduce new foods, for example, by creating a colorful plate or cutting sandwiches into fun shapes. It's also important to be patient and continue offering new foods without pressure."
What are the key points of hand washing before meals when preparing food for teens (13-18 years)?,"When it comes to hand washing before meals for teens (13-18 years), it's important to always wash your hands before preparing food, cook meat to the proper temperature, and store leftovers in the refrigerator promptly."
My child is allergic to eggs. What are some safe lunch for them?,"For a child with a eggs allergy, it's crucial to avoid any foods containing that allergen. For lunch, a safe option could be a sunflower seed butter and jelly sandwich on gluten-free bread, or a rice pasta with a vegetable-based sauce."
What are the key points of cooking temperatures when preparing food for kids (6-12 years)?,"When it comes to cooking temperatures for kids (6-12 years), it's important to always wash your hands before preparing food, cook meat to the proper temperature, and store leftovers in the refrigerator promptly."
Can you give me some information about the benefits of a balanced diet for teens (13-18 years)?,"The benefits of a balanced diet is especially important for teens (13-18 years). For example, it's recommended that they drink plenty of water throughout the day to stay hydrated and support their growing bodies."
My child is allergic to gluten. What are some safe snacks for them?,"For a child with a gluten allergy, it's crucial to avoid any foods containing that allergen. For snacks, a safe option could be a sunflower seed butter and jelly sandwich on gluten-free bread, or a rice pasta with a vegetable-based sauce."
My child is allergic to eggs. What are some safe dinner for them?,"For a child with a eggs allergy, it's crucial to avoid any foods containing that allergen. For dinner, a safe option could be a sunflower seed butter and jelly sandwich on gluten-free bread, or a rice pasta with a vegetable-based sauce."
What are the key points of cross-contamination when preparing food for teens (13-18 years)?,"When it comes to cross-contamination for teens (13-18 years), it's important to always wash your hands before preparing food, cook meat to the proper temperature, and store leftovers in the refrigerator promptly."
What are some healthy snacks for teens (13-18 years)?,"For teens (13-18 years), a healthy snacks could include a source of protein like lean meat or beans, a whole grain like brown rice or quinoa, and a variety of colorful vegetables. For example, a grilled chicken salad or a black bean burger on a whole wheat bun."
My child is allergic to dairy. What are some safe lunch for them?,"For a child with a dairy allergy, it's crucial to avoid any foods containing that allergen. For lunch, a safe option could be a sunflower seed butter and jelly sandwich on gluten-free bread, or a rice pasta with a vegetable-based sauce."
How can I deal with how to introduce new foods in teens (13-18 years)?,"Dealing with how to introduce new foods in teens (13-18 years) can be challenging. One tip is to how to introduce new foods, for example, by creating a colorful plate or cutting sandwiches into fun shapes. It's also important to be patient and continue offering new foods without pressure."
Can you give me some information about the healthy snack ideas for kids (6-12 years)?,"The healthy snack ideas is especially important for kids (6-12 years). For example, it's recommended that they drink plenty of water throughout the day to stay hydrated and support their growing bodies."
What are some healthy dinner for teens (13-18 years)?,"For teens (13-18 years), a healthy dinner could include a source of protein like lean meat or beans, a whole grain like brown rice or quinoa, and a variety of colorful vegetables. For example, a grilled chicken salad or a black bean burger on a whole wheat bun."
How can I deal with involving kids in cooking in teens (13-18 years)?,"Dealing with involving kids in cooking in teens (13-18 years) can be challenging. One tip is to involving kids in cooking, for example, by creating a colorful plate or cutting sandwiches into fun shapes. It's also important to be patient and continue offering new foods without pressure."
My child is allergic to gluten. What are some safe snacks for them?,"For a child with a gluten allergy, it's crucial to avoid any foods containing that allergen. For snacks, a safe option could be a sunflower seed butter and jelly sandwich on gluten-free bread, or a rice pasta with a vegetable-based sauce."
What are the key points of cross-contamination when preparing food for kids (6-12 years)?,"When it comes to cross-contamination for kids (6-12 years), it's important to always wash your hands before preparing food, cook meat to the proper temperature, and store leftovers in the refrigerator promptly."
My child is allergic to shellfish. What are some safe breakfast for them?,"For a child with a shellfish allergy, it's crucial to avoid any foods containing that allergen. For breakfast, a safe option could be a sunflower seed butter and jelly sandwich on gluten-free bread, or a rice pasta with a vegetable-based sauce."
How can I deal with involving kids in cooking in preschoolers (4-5 years)?,"Dealing with involving kids in cooking in preschoolers (4-5 years) can be challenging. One tip is to involving kids in cooking, for example, by creating a colorful plate or cutting sandwiches into fun shapes. It's also important to be patient and continue offering new foods without pressure."
Can you give me some information about the the food pyramid for toddlers (1-3 years)?,"The the food pyramid is especially important for toddlers (1-3 years). For example, it's recommended that they drink plenty of water throughout the day to stay hydrated and support their growing bodies."
My child is allergic to peanuts. What are some safe dinner for them?,"For a child with a peanuts allergy, it's crucial to avoid any foods containing that allergen. For dinner, a safe option could be a sunflower seed butter and jelly sandwich on gluten-free bread, or a rice pasta with a vegetable-based sauce."
My child is allergic to dairy. What are some safe dinner for them?,"For a child with a dairy allergy, it's crucial to avoid any foods containing that allergen. For dinner, a safe option could be a sunflower seed butter and jelly sandwich on gluten-free bread, or a rice pasta with a vegetable-based sauce."
Can you give me some information about the how to read nutrition labels for teens (13-18 years)?,"The how to read nutrition labels is especially important for teens (13-18 years). For example, it's recommended that they drink plenty of water throughout the day to stay hydrated and support their growing bodies."
My child is allergic to peanuts. What are some safe breakfast for them?,"For a child with a peanuts allergy, it's crucial to avoid any foods containing that allergen. For breakfast, a safe option could be a sunflower seed butter and jelly sandwich on gluten-free bread, or a rice pasta with a vegetable-based sauce."
Can you give me some information about the importance of hydration for preschoolers (4-5 years)?,"The importance of hydration is especially important for preschoolers (4-5 years). For example, it's recommended that they drink plenty of water throughout the day to stay hydrated and support their growing bodies."
What are the key points of safe food storage when preparing food for toddlers (1-3 years)?,"When it comes to safe food storage for toddlers (1-3 years), it's important to always wash your hands before preparing food, cook meat to the proper temperature, and store leftovers in the refrigerator promptly."
What are some healthy dinner for kids (6-12 years)?,"For kids (6-12 years), a healthy dinner could include a source of protein like lean meat or beans, a whole grain like brown rice or quinoa, and a variety of colorful vegetables. For example, a grilled chicken salad or a black bean burger on a whole wheat bun."
My child is allergic to eggs. What are some safe lunch for them?,"For a child with a eggs allergy, it's crucial to avoid any foods containing that allergen. For lunch, a safe option could be a sunflower seed butter and jelly sandwich on gluten-free bread, or a rice pasta with a vegetable-based sauce."
My child is allergic to shellfish. What are some safe lunch for them?,"For a child with a shellfish allergy, it's crucial to avoid any foods containing that allergen. For lunch, a safe option could be a sunflower seed butter and jelly sandwich on gluten-free bread, or a rice pasta with a vegetable-based sauce."
How can I deal with involving kids in cooking in teens (13-18 years)?,"Dealing with involving kids in cooking in teens (13-18 years) can be challenging. One tip is to involving kids in cooking, for example, by creating a colorful plate or cutting sandwiches into fun shapes. It's also important to be patient and continue offering new foods without pressure."
What are the key points of hand washing before meals when preparing food for preschoolers (4-5 years)?,"When it comes to hand washing before meals for preschoolers (4-5 years), it's important to always wash your hands before preparing food, cook meat to the proper temperature, and store leftovers in the refrigerator promptly."
What are some healthy dinner for teens (13-18 years)?,"For teens (13-18 years), a healthy dinner could include a source of protein like lean meat or beans, a whole grain like brown rice or quinoa, and a variety of colorful vegetables. For example, a grilled chicken salad or a black bean burger on a whole wheat bun."
How can I deal with involving kids in cooking in teens (13-18 years)?,"Dealing with involving kids in cooking in teens (13-18 years) can be challenging. One tip is to involving kids in cooking, for example, by creating a colorful plate or cutting sandwiches into fun shapes. It's also important to be patient and continue offering new foods without pressure."
My child is allergic to shellfish. What are some safe snacks for them?,"For a child with a shellfish allergy, it's crucial to avoid any foods containing that allergen. For snacks, a safe option could be a sunflower seed butter and jelly sandwich on gluten-free bread, or a rice pasta with a vegetable-based sauce."
What are some pescatarian snacks for toddlers (1-3 years)?,"A pescatarian snacks for toddlers (1-3 years) could be a lentil soup with a side of whole-grain bread, or a tofu stir-fry with a variety of vegetables."
What are some pescatarian dinner for kids (6-12 years)?,"A pescatarian dinner for kids (6-12 years) could be a lentil soup with a side of whole-grain bread, or a tofu stir-fry with a variety of vegetables."
My child is allergic to peanuts. What are some safe lunch for them?,"For a child with a peanuts allergy, it's crucial to avoid any foods containing that allergen. For lunch, a safe option could be a sunflower seed butter and jelly sandwich on gluten-free bread, or a rice pasta with a vegetable-based sauce."
My child is allergic to dairy. What are some safe dinner for them?,"For a child with a dairy allergy, it's crucial to avoid any foods containing that allergen. For dinner, a safe option could be a sunflower seed butter and jelly sandwich on gluten-free bread, or a rice pasta with a vegetable-based sauce."
My child is allergic to dairy. What are some safe dinner for them?,"For a child with a dairy allergy, it's crucial to avoid any foods containing that allergen. For dinner, a safe option could be a sunflower seed butter and jelly sandwich on gluten-free bread, or a rice pasta with a vegetable-based sauce."
What are some pescatarian lunch for toddlers (1-3 years)?,"A pescatarian lunch for toddlers (1-3 years) could be a lentil soup with a side of whole-grain bread, or a tofu stir-fry with a variety of vegetables."
What are some healthy breakfast for preschoolers (4-5 years)?,"For preschoolers (4-5 years), a healthy breakfast could include a source of protein like lean meat or beans, a whole grain like brown rice or quinoa, and a variety of colorful vegetables. For example, a grilled chicken salad or a black bean burger on a whole wheat bun."
What are some pescatarian dinner for toddlers (1-3 years)?,"A pescatarian dinner for toddlers (1-3 years) could be a lentil soup with a side of whole-grain bread, or a tofu stir-fry with a variety of vegetables."
How can I deal with patience with picky eaters in toddlers (1-3 years)?,"Dealing with patience with picky eaters in toddlers (1-3 years) can be challenging. One tip is to patience with picky eaters, for example, by creating a colorful plate or cutting sandwiches into fun shapes. It's also important to be patient and continue offering new foods without pressure."
What are some healthy snacks for teens (13-18 years)?,"For teens (13-18 years), a healthy snacks could include a source of protein like lean meat or beans, a whole grain like brown rice or quinoa, and a variety of colorful vegetables. For example, a grilled chicken salad or a black bean burger on a whole wheat bun."
How can I deal with how to introduce new foods in preschoolers (4-5 years)?,"Dealing with how to introduce new foods in preschoolers (4-5 years) can be challenging. One tip is to how to introduce new foods, for example, by creating a colorful plate or cutting sandwiches into fun shapes. It's also important to be patient and continue offering new foods without pressure."
How can I deal with making food fun in toddlers (1-3 years)?,"Dealing with making food fun in toddlers (1-3 years) can be challenging. One tip is to making food fun, for example, by creating a colorful plate or cutting sandwiches into fun shapes. It's also important to be patient and continue offering new foods without pressure."
What are some pescatarian lunch for teens (13-18 years)?,"A pescatarian lunch for teens (13-18 years) could be a lentil soup with a side of whole-grain bread, or a tofu stir-fry with a variety of vegetables."
How can I deal with involving kids in cooking in toddlers (1-3 years)?,"Dealing with involving kids in cooking in toddlers (1-3 years) can be challenging. One tip is to involving kids in cooking, for example, by creating a colorful plate or cutting sandwiches into fun shapes. It's also important to be patient and continue offering new foods without pressure."
How can I deal with how to introduce new foods in preschoolers (4-5 years)?,"Dealing with how to introduce new foods in preschoolers (4-5 years) can be challenging. One tip is to how to introduce new foods, for example, by creating a colorful plate or cutting sandwiches into fun shapes. It's also important to be patient and continue offering new foods without pressure."
Can you give me some information about the benefits of a balanced diet for preschoolers (4-5 years)?,"The benefits of a balanced diet is especially important for preschoolers (4-5 years). For example, it's recommended that they drink plenty of water throughout the day to stay hydrated and support their growing bodies."
What are the key points of hand washing before meals when preparing food for kids (6-12 years)?,"When it comes to hand washing before meals for kids (6-12 years), it's important to always wash your hands before preparing food, cook meat to the proper temperature, and store leftovers in the refrigerator promptly."
How can I deal with patience with picky eaters in kids (6-12 years)?,"Dealing with patience with picky eaters in kids (6-12 years) can be challenging. One tip is to patience with picky eaters, for example, by creating a colorful plate or cutting sandwiches into fun shapes. It's also important to be patient and continue offering new foods without pressure."
How can I deal with patience with picky eaters in preschoolers (4-5 years)?,"Dealing with patience with picky eaters in preschoolers (4-5 years) can be challenging. One tip is to patience with picky eaters, for example, by creating a colorful plate or cutting sandwiches into fun shapes. It's also important to be patient and continue offering new foods without pressure."
What are the key points of cooking temperatures when preparing food for kids (6-12 years)?,"When it comes to cooking temperatures for kids (6-12 years), it's important to always wash your hands before preparing food, cook meat to the proper temperature, and store leftovers in the refrigerator promptly."
What are some vegan lunch for teens (13-18 years)?,"A vegan lunch for teens (13-18 years) could be a lentil soup with a side of whole-grain bread, or a tofu stir-fry with a variety of vegetables."
What are the key points of cooking temperatures when preparing food for toddlers (1-3 years)?,"When it comes to cooking temperatures for toddlers (1-3 years), it's important to always wash your hands before preparing food, cook meat to the proper temperature, and store leftovers in the refrigerator promptly."
How can I deal with patience with picky eaters in kids (6-12 years)?,"Dealing with patience with picky eaters in kids (6-12 years) can be challenging. One tip is to patience with picky eaters, for example, by creating a colorful plate or cutting sandwiches into fun shapes. It's also important to be patient and continue offering new foods without pressure."
My child is allergic to peanuts. What are some safe lunch for them?,"For a child with a peanuts allergy, it's crucial to avoid any foods containing that allergen. For lunch, a safe option could be a sunflower seed butter and jelly sandwich on gluten-free bread, or a rice pasta with a vegetable-based sauce."
What are the key points of cross-contamination when preparing food for toddlers (1-3 years)?,"When it comes to cross-contamination for toddlers (1-3 years), it's important to always wash your hands before preparing food, cook meat to the proper temperature, and store leftovers in the refrigerator promptly."
What are some vegetarian lunch for teens (13-18 years)?,"A vegetarian lunch for teens (13-18 years) could be a lentil soup with a side of whole-grain bread, or a tofu stir-fry with a variety of vegetables."
My child is allergic to dairy. What are some safe dinner for them?,"For a child with a dairy allergy, it's crucial to avoid any foods containing that allergen. For dinner, a safe option could be a sunflower seed butter and jelly sandwich on gluten-free bread, or a rice pasta with a vegetable-based sauce."
What are some healthy lunch for toddlers (1-3 years)?,"For toddlers (1-3 years), a healthy lunch could include a source of protein like lean meat or beans, a whole grain like brown rice or quinoa, and a variety of colorful vegetables. For example, a grilled chicken salad or a black bean burger on a whole wheat bun."
Can you give me some information about the the food pyramid for teens (13-18 years)?,"The the food pyramid is especially important for teens (13-18 years). For example, it's recommended that they drink plenty of water throughout the day to stay hydrated and support their growing bodies."
What are the key points of cross-contamination when preparing food for kids (6-12 years)?,"When it comes to cross-contamination for kids (6-12 years), it's important to always wash your hands before preparing food, cook meat to the proper temperature, and store leftovers in the refrigerator promptly."
My child is allergic to shellfish. What are some safe snacks for them?,"For a child with a shellfish allergy, it's crucial to avoid any foods containing that allergen. For snacks, a safe option could be a sunflower seed butter and jelly sandwich on gluten-free bread, or a rice pasta with a vegetable-based sauce."
What are some healthy breakfast for preschoolers (4-5 years)?,"For preschoolers (4-5 years), a healthy breakfast could include a source of protein like lean meat or beans, a whole grain like brown rice or quinoa, and a variety of colorful vegetables. For example, a grilled chicken salad or a black bean burger on a whole wheat bun."
My child is allergic to shellfish. What are some safe snacks for them?,"For a child with a shellfish allergy, it's crucial to avoid any foods containing that allergen. For snacks, a safe option could be a sunflower seed butter and jelly sandwich on gluten-free bread, or a rice pasta with a vegetable-based sauce."
My child is allergic to eggs. What are some safe snacks for them?,"For a child with a eggs allergy, it's crucial to avoid any foods containing that allergen. For snacks, a safe option could be a sunflower seed butter and jelly sandwich on gluten-free bread, or a rice pasta with a vegetable-based sauce."
What are the key points of cross-contamination when preparing food for toddlers (1-3 years)?,"When it comes to cross-contamination for toddlers (1-3 years), it's important to always wash your hands before preparing food, cook meat to the proper temperature, and store leftovers in the refrigerator promptly."
What are some vegetarian dinner for preschoolers (4-5 years)?,"A vegetarian dinner for preschoolers (4-5 years) could be a lentil soup with a side of whole-grain bread, or a tofu stir-fry with a variety of vegetables."
What are the key points of cross-contamination when preparing food for kids (6-12 years)?,"When it comes to cross-contamination for kids (6-12 years), it's important to always wash your hands before preparing food, cook meat to the proper temperature, and store leftovers in the refrigerator promptly."
How can I deal with involving kids in cooking in toddlers (1-3 years)?,"Dealing with involving kids in cooking in toddlers (1-3 years) can be challenging. One tip is to involving kids in cooking, for example, by creating a colorful plate or cutting sandwiches into fun shapes. It's also important to be patient and continue offering new foods without pressure."
What are the key points of cross-contamination when preparing food for teens (13-18 years)?,"When it comes to cross-contamination for teens (13-18 years), it's important to always wash your hands before preparing food, cook meat to the proper temperature, and store leftovers in the refrigerator promptly."
What are some vegetarian breakfast for teens (13-18 years)?,"A vegetarian breakfast for teens (13-18 years) could be a lentil soup with a side of whole-grain bread, or a tofu stir-fry with a variety of vegetables."
How can I deal with patience with picky eaters in toddlers (1-3 years)?,"Dealing with patience with picky eaters in toddlers (1-3 years) can be challenging. One tip is to patience with picky eaters, for example, by creating a colorful plate or cutting sandwiches into fun shapes. It's also important to be patient and continue offering new foods without pressure."
What are the key points of hand washing before meals when preparing food for kids (6-12 years)?,"When it comes to hand washing before meals for kids (6-12 years), it's important to always wash your hands before preparing food, cook meat to the proper temperature, and store leftovers in the refrigerator promptly."
My child is allergic to eggs. What are some safe snacks for them?,"For a child with a eggs allergy, it's crucial to avoid any foods containing that allergen. For snacks, a safe option could be a sunflower seed butter and jelly sandwich on gluten-free bread, or a rice pasta with a vegetable-based sauce."
What are some vegetarian breakfast for teens (13-18 years)?,"A vegetarian breakfast for teens (13-18 years) could be a lentil soup with a side of whole-grain bread, or a tofu stir-fry with a variety of vegetables."
Can you give me some information about the how to read nutrition labels for kids (6-12 years)?,"The how to read nutrition labels is especially important for kids (6-12 years). For example, it's recommended that they drink plenty of water throughout the day to stay hydrated and support their growing bodies."
My child is allergic to dairy. What are some safe snacks for them?,"For a child with a dairy allergy, it's crucial to avoid any foods containing that allergen. For snacks, a safe option could be a sunflower seed butter and jelly sandwich on gluten-free bread, or a rice pasta with a vegetable-based sauce."
What are the key points of safe food storage when preparing food for toddlers (1-3 years)?,"When it comes to safe food storage for toddlers (1-3 years), it's important to always wash your hands before preparing food, cook meat to the proper temperature, and store leftovers in the refrigerator promptly."
What are some healthy dinner for teens (13-18 years)?,"For teens (13-18 years), a healthy dinner could include a source of protein like lean meat or beans, a whole grain like brown rice or quinoa, and a variety of colorful vegetables. For example, a grilled chicken salad or a black bean burger on a whole wheat bun."
What are the key points of cross-contamination when preparing food for toddlers (1-3 years)?,"When it comes to cross-contamination for toddlers (1-3 years), it's important to always wash your hands before preparing food, cook meat to the proper temperature, and store leftovers in the refrigerator promptly."
What are the key points of hand washing before meals when preparing food for toddlers (1-3 years)?,"When it comes to hand washing before meals for toddlers (1-3 years), it's important to always wash your hands before preparing food, cook meat to the proper temperature, and store leftovers in the refrigerator promptly."
Can you give me some information about the importance of hydration for teens (13-18 years)?,"The importance of hydration is especially important for teens (13-18 years). For example, it's recommended that they drink plenty of water throughout the day to stay hydrated and support their growing bodies."
How can I deal with patience with picky eaters in preschoolers (4-5 years)?,"Dealing with patience with picky eaters in preschoolers (4-5 years) can be challenging. One tip is to patience with picky eaters, for example, by creating a colorful plate or cutting sandwiches into fun shapes. It's also important to be patient and continue offering new foods without pressure."
How can I deal with involving kids in cooking in teens (13-18 years)?,"Dealing with involving kids in cooking in teens (13-18 years) can be challenging. One tip is to involving kids in cooking, for example, by creating a colorful plate or cutting sandwiches into fun shapes. It's also important to be patient and continue offering new foods without pressure."
What are some healthy breakfast for teens (13-18 years)?,"For teens (13-18 years), a healthy breakfast could include a source of protein like lean meat or beans, a whole grain like brown rice or quinoa, and a variety of colorful vegetables. For example, a grilled chicken salad or a black bean burger on a whole wheat bun."
How can I deal with how to introduce new foods in kids (6-12 years)?,"Dealing with how to introduce new foods in kids (6-12 years) can be challenging. One tip is to how to introduce new foods, for example, by creating a colorful plate or cutting sandwiches into fun shapes. It's also important to be patient and continue offering new foods without pressure."
Can you give me some information about the the food pyramid for toddlers (1-3 years)?,"The the food pyramid is especially important for toddlers (1-3 years). For example, it's recommended that they drink plenty of water throughout the day to stay hydrated and support their growing bodies."
Can you give me some information about the how to read nutrition labels for toddlers (1-3 years)?,"The how to read nutrition labels is especially important for toddlers (1-3 years). For example, it's recommended that they drink plenty of water throughout the day to stay hydrated and support their growing bodies."
Can you give me some information about the healthy snack ideas for kids (6-12 years)?,"The healthy snack ideas is especially important for kids (6-12 years). For example, it's recommended that they drink plenty of water throughout the day to stay hydrated and support their growing bodies."
How can I deal with how to introduce new foods in teens (13-18 years)?,"Dealing with how to introduce new foods in teens (13-18 years) can be challenging. One tip is to how to introduce new foods, for example, by creating a colorful plate or cutting sandwiches into fun shapes. It's also important to be patient and continue offering new foods without pressure."
What are the key points of safe food storage when preparing food for teens (13-18 years)?,"When it comes to safe food storage for teens (13-18 years), it's important to always wash your hands before preparing food, cook meat to the proper temperature, and store leftovers in the refrigerator promptly."
Can you give me some information about the healthy snack ideas for preschoolers (4-5 years)?,"The healthy snack ideas is especially important for preschoolers (4-5 years). For example, it's recommended that they drink plenty of water throughout the day to stay hydrated and support their growing bodies."
What are the key points of cross-contamination when preparing food for teens (13-18 years)?,"When it comes to cross-contamination for teens (13-18 years), it's important to always wash your hands before preparing food, cook meat to the proper temperature, and store leftovers in the refrigerator promptly."
How can I deal with how to introduce new foods in kids (6-12 years)?,"Dealing with how to introduce new foods in kids (6-12 years) can be challenging. One tip is to how to introduce new foods, for example, by creating a colorful plate or cutting sandwiches into fun shapes. It's also important to be patient and continue offering new foods without pressure."
How can I deal with patience with picky eaters in toddlers (1-3 years)?,"Dealing with patience with picky eaters in toddlers (1-3 years) can be challenging. One tip is to patience with picky eaters, for example, by creating a colorful plate or cutting sandwiches into fun shapes. It's also important to be patient and continue offering new foods without pressure."
How can I deal with involving kids in cooking in toddlers (1-3 years)?,"Dealing with involving kids in cooking in toddlers (1-3 years) can be challenging. One tip is to involving kids in cooking, for example, by creating a colorful plate or cutting sandwiches into fun shapes. It's also important to be patient and continue offering new foods without pressure."
What are some pescatarian lunch for teens (13-18 years)?,"A pescatarian lunch for teens (13-18 years) could be a lentil soup with a side of whole-grain bread, or a tofu stir-fry with a variety of vegetables."
My child is allergic to shellfish. What are some safe snacks for them?,"For a child with a shellfish allergy, it's crucial to avoid any foods containing that allergen. For snacks, a safe option could be a sunflower seed butter and jelly sandwich on gluten-free bread, or a rice pasta with a vegetable-based sauce."
My child is allergic to peanuts. What are some safe lunch for them?,"For a child with a peanuts allergy, it's crucial to avoid any foods containing that allergen. For lunch, a safe option could be a sunflower seed butter and jelly sandwich on gluten-free bread, or a rice pasta with a vegetable-based sauce."
My child is allergic to shellfish. What are some safe snacks for them?,"For a child with a shellfish allergy, it's crucial to avoid any foods containing that allergen. For snacks, a safe option could be a sunflower seed butter and jelly sandwich on gluten-free bread, or a rice pasta with a vegetable-based sauce."
What are some vegan lunch for kids (6-12 years)?,"A vegan lunch for kids (6-12 years) could be a lentil soup with a side of whole-grain bread, or a tofu stir-fry with a variety of vegetables."
What are the key points of cross-contamination when preparing food for preschoolers (4-5 years)?,"When it comes to cross-contamination for preschoolers (4-5 years), it's important to always wash your hands before preparing food, cook meat to the proper temperature, and store leftovers in the refrigerator promptly."
What are some healthy breakfast for preschoolers (4-5 years)?,"For preschoolers (4-5 years), a healthy breakfast could include a source of protein like lean meat or beans, a whole grain like brown rice or quinoa, and a variety of colorful vegetables. For example, a grilled chicken salad or a black bean burger on a whole wheat bun."
My child is allergic to eggs. What are some safe lunch for them?,"For a child with a eggs allergy, it's crucial to avoid any foods containing that allergen. For lunch, a safe option could be a sunflower seed butter and jelly sandwich on gluten-free bread, or a rice pasta with a vegetable-based sauce."
What are the key points of cooking temperatures when preparing food for toddlers (1-3 years)?,"When it comes to cooking temperatures for toddlers (1-3 years), it's important to always wash your hands before preparing food, cook meat to the proper temperature, and store leftovers in the refrigerator promptly."
How can I deal with making food fun in preschoolers (4-5 years)?,"Dealing with making food fun in preschoolers (4-5 years) can be challenging. One tip is to making food fun, for example, by creating a colorful plate or cutting sandwiches into fun shapes. It's also important to be patient and continue offering new foods without pressure."
My child is allergic to eggs. What are some safe snacks for them?,"For a child with a eggs allergy, it's crucial to avoid any foods containing that allergen. For snacks, a safe option could be a sunflower seed butter and jelly sandwich on gluten-free bread, or a rice pasta with a vegetable-based sauce."
What are the key points of hand washing before meals when preparing food for kids (6-12 years)?,"When it comes to hand washing before meals for kids (6-12 years), it's important to always wash your hands before preparing food, cook meat to the proper temperature, and store leftovers in the refrigerator promptly."
What are the key points of safe food storage when preparing food for toddlers (1-3 years)?,"When it comes to safe food storage for toddlers (1-3 years), it's important to always wash your hands before preparing food, cook meat to the proper temperature, and store leftovers in the refrigerator promptly."
My child is allergic to eggs. What are some safe dinner for them?,"For a child with a eggs allergy, it's crucial to avoid any foods containing that allergen. For dinner, a safe option could be a sunflower seed butter and jelly sandwich on gluten-free bread, or a rice pasta with a vegetable-based sauce."
What are the key points of cooking temperatures when preparing food for kids (6-12 years)?,"When it comes to cooking temperatures for kids (6-12 years), it's important to always wash your hands before preparing food, cook meat to the proper temperature, and store leftovers in the refrigerator promptly."
What are some vegetarian breakfast for kids (6-12 years)?,"A vegetarian breakfast for kids (6-12 years) could be a lentil soup with a side of whole-grain bread, or a tofu stir-fry with a variety of vegetables."
Can you give me some information about the the food pyramid for preschoolers (4-5 years)?,"The the food pyramid is especially important for preschoolers (4-5 years). For example, it's recommended that they drink plenty of water throughout the day to stay hydrated and support their growing bodies."
What are some pescatarian dinner for kids (6-12 years)?,"A pescatarian dinner for kids (6-12 years) could be a lentil soup with a side of whole-grain bread, or a tofu stir-fry with a variety of vegetables."
Can you give me some information about the how to read nutrition labels for kids (6-12 years)?,"The how to read nutrition labels is especially important for kids (6-12 years). For example, it's recommended that they drink plenty of water throughout the day to stay hydrated and support their growing bodies."
What are some vegetarian snacks for toddlers (1-3 years)?,"A vegetarian snacks for toddlers (1-3 years) could be a lentil soup with a side of whole-grain bread, or a tofu stir-fry with a variety of vegetables."
Can you give me some information about the benefits of a balanced diet for toddlers (1-3 years)?,"The benefits of a balanced diet is especially important for toddlers (1-3 years). For example, it's recommended that they drink plenty of water throughout the day to stay hydrated and support their growing bodies."
My child is allergic to shellfish. What are some safe snacks for them?,"For a child with a shellfish allergy, it's crucial to avoid any foods containing that allergen. For snacks, a safe option could be a sunflower seed butter and jelly sandwich on gluten-free bread, or a rice pasta with a vegetable-based sauce."
What are the key points of cross-contamination when preparing food for preschoolers (4-5 years)?,"When it comes to cross-contamination for preschoolers (4-5 years), it's important to always wash your hands before preparing food, cook meat to the proper temperature, and store leftovers in the refrigerator promptly."
Can you give me some information about the the food pyramid for toddlers (1-3 years)?,"The the food pyramid is especially important for toddlers (1-3 years). For example, it's recommended that they drink plenty of water throughout the day to stay hydrated and support their growing bodies."
What are some healthy breakfast for kids (6-12 years)?,"For kids (6-12 years), a healthy breakfast could include a source of protein like lean meat or beans, a whole grain like brown rice or quinoa, and a variety of colorful vegetables. For example, a grilled chicken salad or a black bean burger on a whole wheat bun."
What are some vegan snacks for teens (13-18 years)?,"A vegan snacks for teens (13-18 years) could be a lentil soup with a side of whole-grain bread, or a tofu stir-fry with a variety of vegetables."
Can you give me some information about the importance of hydration for teens (13-18 years)?,"The importance of hydration is especially important for teens (13-18 years). For example, it's recommended that they drink plenty of water throughout the day to stay hydrated and support their growing bodies."
How can I deal with making food fun in kids (6-12 years)?,"Dealing with making food fun in kids (6-12 years) can be challenging. One tip is to making food fun, for example, by creating a colorful plate or cutting sandwiches into fun shapes. It's also important to be patient and continue offering new foods without pressure."
What are the key points of cooking temperatures when preparing food for preschoolers (4-5 years)?,"When it comes to cooking temperatures for preschoolers (4-5 years), it's important to always wash your hands before preparing food, cook meat to the proper temperature, and store leftovers in the refrigerator promptly."
My child is allergic to gluten. What are some safe snacks for them?,"For a child with a gluten allergy, it's crucial to avoid any foods containing that allergen. For snacks, a safe option could be a sunflower seed butter and jelly sandwich on gluten-free bread, or a rice pasta with a vegetable-based sauce."
How can I deal with patience with picky eaters in toddlers (1-3 years)?,"Dealing with patience with picky eaters in toddlers (1-3 years) can be challenging. One tip is to patience with picky eaters, for example, by creating a colorful plate or cutting sandwiches into fun shapes. It's also important to be patient and continue offering new foods without pressure."
What are some pescatarian snacks for toddlers (1-3 years)?,"A pescatarian snacks for toddlers (1-3 years) could be a lentil soup with a side of whole-grain bread, or a tofu stir-fry with a variety of vegetables."
What are some vegetarian dinner for teens (13-18 years)?,"A vegetarian dinner for teens (13-18 years) could be a lentil soup with a side of whole-grain bread, or a tofu stir-fry with a variety of vegetables."
My child is allergic to eggs. What are some safe snacks for them?,"For a child with a eggs allergy, it's crucial to avoid any foods containing that allergen. For snacks, a safe option could be a sunflower seed butter and jelly sandwich on gluten-free bread, or a rice pasta with a vegetable-based sauce."
What are some vegetarian breakfast for teens (13-18 years)?,"A vegetarian breakfast for teens (13-18 years) could be a lentil soup with a side of whole-grain bread, or a tofu stir-fry with a variety of vegetables."
How can I deal with how to introduce new foods in kids (6-12 years)?,"Dealing with how to introduce new foods in kids (6-12 years) can be challenging. One tip is to how to introduce new foods, for example, by creating a colorful plate or cutting sandwiches into fun shapes. It's also important to be patient and continue offering new foods without pressure."
How can I deal with how to introduce new foods in teens (13-18 years)?,"Dealing with how to introduce new foods in teens (13-18 years) can be challenging. One tip is to how to introduce new foods, for example, by creating a colorful plate or cutting sandwiches into fun shapes. It's also important to be patient and continue offering new foods without pressure."
What are some healthy lunch for kids (6-12 years)?,"For kids (6-12 years), a healthy lunch could include a source of protein like lean meat or beans, a whole grain like brown rice or quinoa, and a variety of colorful vegetables. For example, a grilled chicken salad or a black bean burger on a whole wheat bun."
My child is allergic to eggs. What are some safe lunch for them?,"For a child with a eggs allergy, it's crucial to avoid any foods containing that allergen. For lunch, a safe option could be a sunflower seed butter and jelly sandwich on gluten-free bread, or a rice pasta with a vegetable-based sauce."
Can you give me some information about the healthy snack ideas for preschoolers (4-5 years)?,"The healthy snack ideas is especially important for preschoolers (4-5 years). For example, it's recommended that they drink plenty of water throughout the day to stay hydrated and support their growing bodies."
Can you give me some information about the healthy snack ideas for toddlers (1-3 years)?,"The healthy snack ideas is especially important for toddlers (1-3 years). For example, it's recommended that they drink plenty of water throughout the day to stay hydrated and support their growing bodies."
What are the key points of cross-contamination when preparing food for teens (13-18 years)?,"When it comes to cross-contamination for teens (13-18 years), it's important to always wash your hands before preparing food, cook meat to the proper temperature, and store leftovers in the refrigerator promptly."
What are some vegetarian snacks for toddlers (1-3 years)?,"A vegetarian snacks for toddlers (1-3 years) could be a lentil soup with a side of whole-grain bread, or a tofu stir-fry with a variety of vegetables."
How can I deal with making food fun in teens (13-18 years)?,"Dealing with making food fun in teens (13-18 years) can be challenging. One tip is to making food fun, for example, by creating a colorful plate or cutting sandwiches into fun shapes. It's also important to be patient and continue offering new foods without pressure."
What are the key points of hand washing before meals when preparing food for toddlers (1-3 years)?,"When it comes to hand washing before meals for toddlers (1-3 years), it's important to always wash your hands before preparing food, cook meat to the proper temperature, and store leftovers in the refrigerator promptly."
Can you give me some information about the benefits of a balanced diet for preschoolers (4-5 years)?,"The benefits of a balanced diet is especially important for preschoolers (4-5 years). For example, it's recommended that they drink plenty of water throughout the day to stay hydrated and support their growing bodies."
What are the key points of cooking temperatures when preparing food for kids (6-12 years)?,"When it comes to cooking temperatures for kids (6-12 years), it's important to always wash your hands before preparing food, cook meat to the proper temperature, and store leftovers in the refrigerator promptly."
What are the key points of cross-contamination when preparing food for kids (6-12 years)?,"When it comes to cross-contamination for kids (6-12 years), it's important to always wash your hands before preparing food, cook meat to the proper temperature, and store leftovers in the refrigerator promptly."
My child is allergic to gluten. What are some safe breakfast for them?,"For a child with a gluten allergy, it's crucial to avoid any foods containing that allergen. For breakfast, a safe option could be a sunflower seed butter and jelly sandwich on gluten-free bread, or a rice pasta with a vegetable-based sauce."
What are some vegetarian breakfast for toddlers (1-3 years)?,"A vegetarian breakfast for toddlers (1-3 years) could be a lentil soup with a side of whole-grain bread, or a tofu stir-fry with a variety of vegetables."
Can you give me some information about the benefits of a balanced diet for toddlers (1-3 years)?,"The benefits of a balanced diet is especially important for toddlers (1-3 years). For example, it's recommended that they drink plenty of water throughout the day to stay hydrated and support their growing bodies."
What are some healthy dinner for toddlers (1-3 years)?,"For toddlers (1-3 years), a healthy dinner could include a source of protein like lean meat or beans, a whole grain like brown rice or quinoa, and a variety of colorful vegetables. For example, a grilled chicken salad or a black bean burger on a whole wheat bun."
Can you give me some information about the healthy snack ideas for preschoolers (4-5 years)?,"The healthy snack ideas is especially important for preschoolers (4-5 years). For example, it's recommended that they drink plenty of water throughout the day to stay hydrated and support their growing bodies."
Can you give me some information about the healthy snack ideas for kids (6-12 years)?,"The healthy snack ideas is especially important for kids (6-12 years). For example, it's recommended that they drink plenty of water throughout the day to stay hydrated and support their growing bodies."
My child is allergic to eggs. What are some safe lunch for them?,"For a child with a eggs allergy, it's crucial to avoid any foods containing that allergen. For lunch, a safe option could be a sunflower seed butter and jelly sandwich on gluten-free bread, or a rice pasta with a vegetable-based sauce."
What are some healthy dinner for teens (13-18 years)?,"For teens (13-18 years), a healthy dinner could include a source of protein like lean meat or beans, a whole grain like brown rice or quinoa, and a variety of colorful vegetables. For example, a grilled chicken salad or a black bean burger on a whole wheat bun."
How can I deal with how to introduce new foods in teens (13-18 years)?,"Dealing with how to introduce new foods in teens (13-18 years) can be challenging. One tip is to how to introduce new foods, for example, by creating a colorful plate or cutting sandwiches into fun shapes. It's also important to be patient and continue offering new foods without pressure."
What are the key points of cooking temperatures when preparing food for toddlers (1-3 years)?,"When it comes to cooking temperatures for toddlers (1-3 years), it's important to always wash your hands before preparing food, cook meat to the proper temperature, and store leftovers in the refrigerator promptly."
Can you give me some information about the the food pyramid for toddlers (1-3 years)?,"The the food pyramid is especially important for toddlers (1-3 years). For example, it's recommended that they drink plenty of water throughout the day to stay hydrated and support their growing bodies."
What are the key points of safe food storage when preparing food for teens (13-18 years)?,"When it comes to safe food storage for teens (13-18 years), it's important to always wash your hands before preparing food, cook meat to the proper temperature, and store leftovers in the refrigerator promptly."
What are some healthy lunch for preschoolers (4-5 years)?,"For preschoolers (4-5 years), a healthy lunch could include a source of protein like lean meat or beans, a whole grain like brown rice or quinoa, and a variety of colorful vegetables. For example, a grilled chicken salad or a black bean burger on a whole wheat bun."
What are some healthy breakfast for toddlers (1-3 years)?,"For toddlers (1-3 years), a healthy breakfast could include a source of protein like lean meat or beans, a whole grain like brown rice or quinoa, and a variety of colorful vegetables. For example, a grilled chicken salad or a black bean burger on a whole wheat bun."
What are the key points of cross-contamination when preparing food for kids (6-12 years)?,"When it comes to cross-contamination for kids (6-12 years), it's important to always wash your hands before preparing food, cook meat to the proper temperature, and store leftovers in the refrigerator promptly."
What are the key points of cross-contamination when preparing food for kids (6-12 years)?,"When it comes to cross-contamination for kids (6-12 years), it's important to always wash your hands before preparing food, cook meat to the proper temperature, and store leftovers in the refrigerator promptly."
What are some vegetarian breakfast for toddlers (1-3 years)?,"A vegetarian breakfast for toddlers (1-3 years) could be a lentil soup with a side of whole-grain bread, or a tofu stir-fry with a variety of vegetables."
What are the key points of cooking temperatures when preparing food for toddlers (1-3 years)?,"When it comes to cooking temperatures for toddlers (1-3 years), it's important to always wash your hands before preparing food, cook meat to the proper temperature, and store leftovers in the refrigerator promptly."
My child is allergic to gluten. What are some safe snacks for them?,"For a child with a gluten allergy, it's crucial to avoid any foods containing that allergen. For snacks, a safe option could be a sunflower seed butter and jelly sandwich on gluten-free bread, or a rice pasta with a vegetable-based sauce."
What are some healthy lunch for toddlers (1-3 years)?,"For toddlers (1-3 years), a healthy lunch could include a source of protein like lean meat or beans, a whole grain like brown rice or quinoa, and a variety of colorful vegetables. For example, a grilled chicken salad or a black bean burger on a whole wheat bun."
What are some healthy dinner for kids (6-12 years)?,"For kids (6-12 years), a healthy dinner could include a source of protein like lean meat or beans, a whole grain like brown rice or quinoa, and a variety of colorful vegetables. For example, a grilled chicken salad or a black bean burger on a whole wheat bun."
Can you give me some information about the the food pyramid for kids (6-12 years)?,"The the food pyramid is especially important for kids (6-12 years). For example, it's recommended that they drink plenty of water throughout the day to stay hydrated and support their growing bodies."
What are some healthy breakfast for teens (13-18 years)?,"For teens (13-18 years), a healthy breakfast could include a source of protein like lean meat or beans, a whole grain like brown rice or quinoa, and a variety of colorful vegetables. For example, a grilled chicken salad or a black bean burger on a whole wheat bun."
How can I deal with involving kids in cooking in kids (6-12 years)?,"Dealing with involving kids in cooking in kids (6-12 years) can be challenging. One tip is to involving kids in cooking, for example, by creating a colorful plate or cutting sandwiches into fun shapes. It's also important to be patient and continue offering new foods without pressure."
What are some healthy snacks for kids (6-12 years)?,"For kids (6-12 years), a healthy snacks could include a source of protein like lean meat or beans, a whole grain like brown rice or quinoa, and a variety of colorful vegetables. For example, a grilled chicken salad or a black bean burger on a whole wheat bun."
What are the key points of cross-contamination when preparing food for toddlers (1-3 years)?,"When it comes to cross-contamination for toddlers (1-3 years), it's important to always wash your hands before preparing food, cook meat to the proper temperature, and store leftovers in the refrigerator promptly."
What are some healthy dinner for kids (6-12 years)?,"For kids (6-12 years), a healthy dinner could include a source of protein like lean meat or beans, a whole grain like brown rice or quinoa, and a variety of colorful vegetables. For example, a grilled chicken salad or a black bean burger on a whole wheat bun."
What are some vegetarian lunch for toddlers (1-3 years)?,"A vegetarian lunch for toddlers (1-3 years) could be a lentil soup with a side of whole-grain bread, or a tofu stir-fry with a variety of vegetables."
How can I deal with making food fun in toddlers (1-3 years)?,"Dealing with making food fun in toddlers (1-3 years) can be challenging. One tip is to making food fun, for example, by creating a colorful plate or cutting sandwiches into fun shapes. It's also important to be patient and continue offering new foods without pressure."
What are some healthy dinner for toddlers (1-3 years)?,"For toddlers (1-3 years), a healthy dinner could include a source of protein like lean meat or beans, a whole grain like brown rice or quinoa, and a variety of colorful vegetables. For example, a grilled chicken salad or a black bean burger on a whole wheat bun."
What are the key points of hand washing before meals when preparing food for preschoolers (4-5 years)?,"When it comes to hand washing before meals for preschoolers (4-5 years), it's important to always wash your hands before preparing food, cook meat to the proper temperature, and store leftovers in the refrigerator promptly."
What are the key points of hand washing before meals when preparing food for teens (13-18 years)?,"When it comes to hand washing before meals for teens (13-18 years), it's important to always wash your hands before preparing food, cook meat to the proper temperature, and store leftovers in the refrigerator promptly."
What are some vegetarian breakfast for preschoolers (4-5 years)?,"A vegetarian breakfast for preschoolers (4-5 years) could be a lentil soup with a side of whole-grain bread, or a tofu stir-fry with a variety of vegetables."
Can you give me some information about the the food pyramid for toddlers (1-3 years)?,"The the food pyramid is especially important for toddlers (1-3 years). For example, it's recommended that they drink plenty of water throughout the day to stay hydrated and support their growing bodies."
What are some pescatarian breakfast for kids (6-12 years)?,"A pescatarian breakfast for kids (6-12 years) could be a lentil soup with a side of whole-grain bread, or a tofu stir-fry with a variety of vegetables."
What are some pescatarian dinner for toddlers (1-3 years)?,"A pescatarian dinner for toddlers (1-3 years) could be a lentil soup with a side of whole-grain bread, or a tofu stir-fry with a variety of vegetables."
How can I deal with making food fun in preschoolers (4-5 years)?,"Dealing with making food fun in preschoolers (4-5 years) can be challenging. One tip is to making food fun, for example, by creating a colorful plate or cutting sandwiches into fun shapes. It's also important to be patient and continue offering new foods without pressure."
What are some vegan lunch for toddlers (1-3 years)?,"A vegan lunch for toddlers (1-3 years) could be a lentil soup with a side of whole-grain bread, or a tofu stir-fry with a variety of vegetables."
How can I deal with making food fun in preschoolers (4-5 years)?,"Dealing with making food fun in preschoolers (4-5 years) can be challenging. One tip is to making food fun, for example, by creating a colorful plate or cutting sandwiches into fun shapes. It's also important to be patient and continue offering new foods without pressure."
What are some healthy lunch for teens (13-18 years)?,"For teens (13-18 years), a healthy lunch could include a source of protein like lean meat or beans, a whole grain like brown rice or quinoa, and a variety of colorful vegetables. For example, a grilled chicken salad or a black bean burger on a whole wheat bun."
Can you give me some information about the importance of hydration for kids (6-12 years)?,"The importance of hydration is especially important for kids (6-12 years). For example, it's recommended that they drink plenty of water throughout the day to stay hydrated and support their growing bodies."
My child is allergic to peanuts. What are some safe snacks for them?,"For a child with a peanuts allergy, it's crucial to avoid any foods containing that allergen. For snacks, a safe option could be a sunflower seed butter and jelly sandwich on gluten-free bread, or a rice pasta with a vegetable-based sauce."
What are some healthy dinner for kids (6-12 years)?,"For kids (6-12 years), a healthy dinner could include a source of protein like lean meat or beans, a whole grain like brown rice or quinoa, and a variety of colorful vegetables. For example, a grilled chicken salad or a black bean burger on a whole wheat bun."
My child is allergic to gluten. What are some safe dinner for them?,"For a child with a gluten allergy, it's crucial to avoid any foods containing that allergen. For dinner, a safe option could be a sunflower seed butter and jelly sandwich on gluten-free bread, or a rice pasta with a vegetable-based sauce."
What are the key points of cooking temperatures when preparing food for teens (13-18 years)?,"When it comes to cooking temperatures for teens (13-18 years), it's important to always wash your hands before preparing food, cook meat to the proper temperature, and store leftovers in the refrigerator promptly."
How can I deal with involving kids in cooking in kids (6-12 years)?,"Dealing with involving kids in cooking in kids (6-12 years) can be challenging. One tip is to involving kids in cooking, for example, by creating a colorful plate or cutting sandwiches into fun shapes. It's also important to be patient and continue offering new foods without pressure."
What are some healthy breakfast for kids (6-12 years)?,"For kids (6-12 years), a healthy breakfast could include a source of protein like lean meat or beans, a whole grain like brown rice or quinoa, and a variety of colorful vegetables. For example, a grilled chicken salad or a black bean burger on a whole wheat bun."
What are some healthy snacks for toddlers (1-3 years)?,"For toddlers (1-3 years), a healthy snacks could include a source of protein like lean meat or beans, a whole grain like brown rice or quinoa, and a variety of colorful vegetables. For example, a grilled chicken salad or a black bean burger on a whole wheat bun."
What are the key points of safe food storage when preparing food for preschoolers (4-5 years)?,"When it comes to safe food storage for preschoolers (4-5 years), it's important to always wash your hands before preparing food, cook meat to the proper temperature, and store leftovers in the refrigerator promptly."
Can you give me some information about the how to read nutrition labels for preschoolers (4-5 years)?,"The how to read nutrition labels is especially important for preschoolers (4-5 years). For example, it's recommended that they drink plenty of water throughout the day to stay hydrated and support their growing bodies."
What are some pescatarian snacks for kids (6-12 years)?,"A pescatarian snacks for kids (6-12 years) could be a lentil soup with a side of whole-grain bread, or a tofu stir-fry with a variety of vegetables."
How can I deal with how to introduce new foods in toddlers (1-3 years)?,"Dealing with how to introduce new foods in toddlers (1-3 years) can be challenging. One tip is to how to introduce new foods, for example, by creating a colorful plate or cutting sandwiches into fun shapes. It's also important to be patient and continue offering new foods without pressure."
My child is allergic to shellfish. What are some safe breakfast for them?,"For a child with a shellfish allergy, it's crucial to avoid any foods containing that allergen. For breakfast, a safe option could be a sunflower seed butter and jelly sandwich on gluten-free bread, or a rice pasta with a vegetable-based sauce."
How can I deal with making food fun in kids (6-12 years)?,"Dealing with making food fun in kids (6-12 years) can be challenging. One tip is to making food fun, for example, by creating a colorful plate or cutting sandwiches into fun shapes. It's also important to be patient and continue offering new foods without pressure."
How can I deal with patience with picky eaters in teens (13-18 years)?,"Dealing with patience with picky eaters in teens (13-18 years) can be challenging. One tip is to patience with picky eaters, for example, by creating a colorful plate or cutting sandwiches into fun shapes. It's also important to be patient and continue offering new foods without pressure."
Can you give me some information about the the food pyramid for toddlers (1-3 years)?,"The the food pyramid is especially important for toddlers (1-3 years). For example, it's recommended that they drink plenty of water throughout the day to stay hydrated and support their growing bodies."
What are some healthy dinner for preschoolers (4-5 years)?,"For preschoolers (4-5 years), a healthy dinner could include a source of protein like lean meat or beans, a whole grain like brown rice or quinoa, and a variety of colorful vegetables. For example, a grilled chicken salad or a black bean burger on a whole wheat bun."
What are some vegan dinner for preschoolers (4-5 years)?,"A vegan dinner for preschoolers (4-5 years) could be a lentil soup with a side of whole-grain bread, or a tofu stir-fry with a variety of vegetables."
What are some pescatarian lunch for toddlers (1-3 years)?,"A pescatarian lunch for toddlers (1-3 years) could be a lentil soup with a side of whole-grain bread, or a tofu stir-fry with a variety of vegetables."
How can I deal with making food fun in teens (13-18 years)?,"Dealing with making food fun in teens (13-18 years) can be challenging. One tip is to making food fun, for example, by creating a colorful plate or cutting sandwiches into fun shapes. It's also important to be patient and continue offering new foods without pressure."
What are some vegan lunch for preschoolers (4-5 years)?,"A vegan lunch for preschoolers (4-5 years) could be a lentil soup with a side of whole-grain bread, or a tofu stir-fry with a variety of vegetables."
What are the key points of safe food storage when preparing food for preschoolers (4-5 years)?,"When it comes to safe food storage for preschoolers (4-5 years), it's important to always wash your hands before preparing food, cook meat to the proper temperature, and store leftovers in the refrigerator promptly."
What are some vegan lunch for teens (13-18 years)?,"A vegan lunch for teens (13-18 years) could be a lentil soup with a side of whole-grain bread, or a tofu stir-fry with a variety of vegetables."
What are some healthy lunch for toddlers (1-3 years)?,"For toddlers (1-3 years), a healthy lunch could include a source of protein like lean meat or beans, a whole grain like brown rice or quinoa, and a variety of colorful vegetables. For example, a grilled chicken salad or a black bean burger on a whole wheat bun."
My child is allergic to eggs. What are some safe breakfast for them?,"For a child with a eggs allergy, it's crucial to avoid any foods containing that allergen. For breakfast, a safe option could be a sunflower seed butter and jelly sandwich on gluten-free bread, or a rice pasta with a vegetable-based sauce."
What are some healthy lunch for toddlers (1-3 years)?,"For toddlers (1-3 years), a healthy lunch could include a source of protein like lean meat or beans, a whole grain like brown rice or quinoa, and a variety of colorful vegetables. For example, a grilled chicken salad or a black bean burger on a whole wheat bun."
My child is allergic to dairy. What are some safe dinner for them?,"For a child with a dairy allergy, it's crucial to avoid any foods containing that allergen. For dinner, a safe option could be a sunflower seed butter and jelly sandwich on gluten-free bread, or a rice pasta with a vegetable-based sauce."
Can you give me some information about the healthy snack ideas for toddlers (1-3 years)?,"The healthy snack ideas is especially important for toddlers (1-3 years). For example, it's recommended that they drink plenty of water throughout the day to stay hydrated and support their growing bodies."
My child is allergic to eggs. What are some safe snacks for them?,"For a child with a eggs allergy, it's crucial to avoid any foods containing that allergen. For snacks, a safe option could be a sunflower seed butter and jelly sandwich on gluten-free bread, or a rice pasta with a vegetable-based sauce."
What are some vegan breakfast for toddlers (1-3 years)?,"A vegan breakfast for toddlers (1-3 years) could be a lentil soup with a side of whole-grain bread, or a tofu stir-fry with a variety of vegetables."
What are some healthy dinner for preschoolers (4-5 years)?,"For preschoolers (4-5 years), a healthy dinner could include a source of protein like lean meat or beans, a whole grain like brown rice or quinoa, and a variety of colorful vegetables. For example, a grilled chicken salad or a black bean burger on a whole wheat bun."
How can I deal with involving kids in cooking in toddlers (1-3 years)?,"Dealing with involving kids in cooking in toddlers (1-3 years) can be challenging. One tip is to involving kids in cooking, for example, by creating a colorful plate or cutting sandwiches into fun shapes. It's also important to be patient and continue offering new foods without pressure."
My child is allergic to shellfish. What are some safe dinner for them?,"For a child with a shellfish allergy, it's crucial to avoid any foods containing that allergen. For dinner, a safe option could be a sunflower seed butter and jelly sandwich on gluten-free bread, or a rice pasta with a vegetable-based sauce."
What are some pescatarian lunch for toddlers (1-3 years)?,"A pescatarian lunch for toddlers (1-3 years) could be a lentil soup with a side of whole-grain bread, or a tofu stir-fry with a variety of vegetables."
Can you give me some information about the benefits of a balanced diet for kids (6-12 years)?,"The benefits of a balanced diet is especially important for kids (6-12 years). For example, it's recommended that they drink plenty of water throughout the day to stay hydrated and support their growing bodies."
What are the key points of hand washing before meals when preparing food for kids (6-12 years)?,"When it comes to hand washing before meals for kids (6-12 years), it's important to always wash your hands before preparing food, cook meat to the proper temperature, and store leftovers in the refrigerator promptly."
Can you give me some information about the the food pyramid for toddlers (1-3 years)?,"The the food pyramid is especially important for toddlers (1-3 years). For example, it's recommended that they drink plenty of water throughout the day to stay hydrated and support their growing bodies."
Can you give me some information about the the food pyramid for toddlers (1-3 years)?,"The the food pyramid is especially important for toddlers (1-3 years). For example, it's recommended that they drink plenty of water throughout the day to stay hydrated and support their growing bodies."
My child is allergic to eggs. What are some safe snacks for them?,"For a child with a eggs allergy, it's crucial to avoid any foods containing that allergen. For snacks, a safe option could be a sunflower seed butter and jelly sandwich on gluten-free bread, or a rice pasta with a vegetable-based sauce."
What are some vegan snacks for kids (6-12 years)?,"A vegan snacks for kids (6-12 years) could be a lentil soup with a side of whole-grain bread, or a tofu stir-fry with a variety of vegetables."
What are some vegan snacks for toddlers (1-3 years)?,"A vegan snacks for toddlers (1-3 years) could be a lentil soup with a side of whole-grain bread, or a tofu stir-fry with a variety of vegetables."
What are some vegan dinner for teens (13-18 years)?,"A vegan dinner for teens (13-18 years) could be a lentil soup with a side of whole-grain bread, or a tofu stir-fry with a variety of vegetables."
What are some vegetarian dinner for teens (13-18 years)?,"A vegetarian dinner for teens (13-18 years) could be a lentil soup with a side of whole-grain bread, or a tofu stir-fry with a variety of vegetables."
What are the key points of cross-contamination when preparing food for preschoolers (4-5 years)?,"When it comes to cross-contamination for preschoolers (4-5 years), it's important to always wash your hands before preparing food, cook meat to the proper temperature, and store leftovers in the refrigerator promptly."
Can you give me some information about the importance of hydration for kids (6-12 years)?,"The importance of hydration is especially important for kids (6-12 years). For example, it's recommended that they drink plenty of water throughout the day to stay hydrated and support their growing bodies."
Can you give me some information about the healthy snack ideas for preschoolers (4-5 years)?,"The healthy snack ideas is especially important for preschoolers (4-5 years). For example, it's recommended that they drink plenty of water throughout the day to stay hydrated and support their growing bodies."
Can you give me some information about the healthy snack ideas for teens (13-18 years)?,"The healthy snack ideas is especially important for teens (13-18 years). For example, it's recommended that they drink plenty of water throughout the day to stay hydrated and support their growing bodies."
What are some pescatarian dinner for teens (13-18 years)?,"A pescatarian dinner for teens (13-18 years) could be a lentil soup with a side of whole-grain bread, or a tofu stir-fry with a variety of vegetables."
What are the key points of hand washing before meals when preparing food for toddlers (1-3 years)?,"When it comes to hand washing before meals for toddlers (1-3 years), it's important to always wash your hands before preparing food, cook meat to the proper temperature, and store leftovers in the refrigerator promptly."
What are some vegetarian breakfast for teens (13-18 years)?,"A vegetarian breakfast for teens (13-18 years) could be a lentil soup with a side of whole-grain bread, or a tofu stir-fry with a variety of vegetables."
What are some vegan lunch for kids (6-12 years)?,"A vegan lunch for kids (6-12 years) could be a lentil soup with a side of whole-grain bread, or a tofu stir-fry with a variety of vegetables."
What are the key points of safe food storage when preparing food for toddlers (1-3 years)?,"When it comes to safe food storage for toddlers (1-3 years), it's important to always wash your hands before preparing food, cook meat to the proper temperature, and store leftovers in the refrigerator promptly."
What are some vegan breakfast for toddlers (1-3 years)?,"A vegan breakfast for toddlers (1-3 years) could be a lentil soup with a side of whole-grain bread, or a tofu stir-fry with a variety of vegetables."
What are the key points of cooking temperatures when preparing food for toddlers (1-3 years)?,"When it comes to cooking temperatures for toddlers (1-3 years), it's important to always wash your hands before preparing food, cook meat to the proper temperature, and store leftovers in the refrigerator promptly."
Can you give me some information about the how to read nutrition labels for preschoolers (4-5 years)?,"The how to read nutrition labels is especially important for preschoolers (4-5 years). For example, it's recommended that they drink plenty of water throughout the day to stay hydrated and support their growing bodies."
My child is allergic to dairy. What are some safe dinner for them?,"For a child with a dairy allergy, it's crucial to avoid any foods containing that allergen. For dinner, a safe option could be a sunflower seed butter and jelly sandwich on gluten-free bread, or a rice pasta with a vegetable-based sauce."
How can I deal with making food fun in kids (6-12 years)?,"Dealing with making food fun in kids (6-12 years) can be challenging. One tip is to making food fun, for example, by creating a colorful plate or cutting sandwiches into fun shapes. It's also important to be patient and continue offering new foods without pressure."
Can you give me some information about the benefits of a balanced diet for preschoolers (4-5 years)?,"The benefits of a balanced diet is especially important for preschoolers (4-5 years). For example, it's recommended that they drink plenty of water throughout the day to stay hydrated and support their growing bodies."
What are some healthy breakfast for kids (6-12 years)?,"For kids (6-12 years), a healthy breakfast could include a source of protein like lean meat or beans, a whole grain like brown rice or quinoa, and a variety of colorful vegetables. For example, a grilled chicken salad or a black bean burger on a whole wheat bun."
How can I deal with making food fun in teens (13-18 years)?,"Dealing with making food fun in teens (13-18 years) can be challenging. One tip is to making food fun, for example, by creating a colorful plate or cutting sandwiches into fun shapes. It's also important to be patient and continue offering new foods without pressure."
What are some vegetarian snacks for kids (6-12 years)?,"A vegetarian snacks for kids (6-12 years) could be a lentil soup with a side of whole-grain bread, or a tofu stir-fry with a variety of vegetables."
What are the key points of hand washing before meals when preparing food for toddlers (1-3 years)?,"When it comes to hand washing before meals for toddlers (1-3 years), it's important to always wash your hands before preparing food, cook meat to the proper temperature, and store leftovers in the refrigerator promptly."
My child is allergic to eggs. What are some safe breakfast for them?,"For a child with a eggs allergy, it's crucial to avoid any foods containing that allergen. For breakfast, a safe option could be a sunflower seed butter and jelly sandwich on gluten-free bread, or a rice pasta with a vegetable-based sauce."
What are some healthy breakfast for kids (6-12 years)?,"For kids (6-12 years), a healthy breakfast could include a source of protein like lean meat or beans, a whole grain like brown rice or quinoa, and a variety of colorful vegetables. For example, a grilled chicken salad or a black bean burger on a whole wheat bun."
How can I deal with patience with picky eaters in preschoolers (4-5 years)?,"Dealing with patience with picky eaters in preschoolers (4-5 years) can be challenging. One tip is to patience with picky eaters, for example, by creating a colorful plate or cutting sandwiches into fun shapes. It's also important to be patient and continue offering new foods without pressure."
What are some healthy dinner for toddlers (1-3 years)?,"For toddlers (1-3 years), a healthy dinner could include a source of protein like lean meat or beans, a whole grain like brown rice or quinoa, and a variety of colorful vegetables. For example, a grilled chicken salad or a black bean burger on a whole wheat bun."
What are some vegan breakfast for toddlers (1-3 years)?,"A vegan breakfast for toddlers (1-3 years) could be a lentil soup with a side of whole-grain bread, or a tofu stir-fry with a variety of vegetables."
What are some healthy lunch for teens (13-18 years)?,"For teens (13-18 years), a healthy lunch could include a source of protein like lean meat or beans, a whole grain like brown rice or quinoa, and a variety of colorful vegetables. For example, a grilled chicken salad or a black bean burger on a whole wheat bun."
What are the key points of safe food storage when preparing food for kids (6-12 years)?,"When it comes to safe food storage for kids (6-12 years), it's important to always wash your hands before preparing food, cook meat to the proper temperature, and store leftovers in the refrigerator promptly."
My child is allergic to shellfish. What are some safe snacks for them?,"For a child with a shellfish allergy, it's crucial to avoid any foods containing that allergen. For snacks, a safe option could be a sunflower seed butter and jelly sandwich on gluten-free bread, or a rice pasta with a vegetable-based sauce."
What are some healthy dinner for toddlers (1-3 years)?,"For toddlers (1-3 years), a healthy dinner could include a source of protein like lean meat or beans, a whole grain like brown rice or quinoa, and a variety of colorful vegetables. For example, a grilled chicken salad or a black bean burger on a whole wheat bun."
What are some pescatarian snacks for toddlers (1-3 years)?,"A pescatarian snacks for toddlers (1-3 years) could be a lentil soup with a side of whole-grain bread, or a tofu stir-fry with a variety of vegetables."
What are some healthy snacks for teens (13-18 years)?,"For teens (13-18 years), a healthy snacks could include a source of protein like lean meat or beans, a whole grain like brown rice or quinoa, and a variety of colorful vegetables. For example, a grilled chicken salad or a black bean burger on a whole wheat bun."
Can you give me some information about the how to read nutrition labels for kids (6-12 years)?,"The how to read nutrition labels is especially important for kids (6-12 years). For example, it's recommended that they drink plenty of water throughout the day to stay hydrated and support their growing bodies."
What are the key points of cross-contamination when preparing food for teens (13-18 years)?,"When it comes to cross-contamination for teens (13-18 years), it's important to always wash your hands before preparing food, cook meat to the proper temperature, and store leftovers in the refrigerator promptly."
What are some healthy lunch for preschoolers (4-5 years)?,"For preschoolers (4-5 years), a healthy lunch could include a source of protein like lean meat or beans, a whole grain like brown rice or quinoa, and a variety of colorful vegetables. For example, a grilled chicken salad or a black bean burger on a whole wheat bun."
How can I deal with making food fun in kids (6-12 years)?,"Dealing with making food fun in kids (6-12 years) can be challenging. One tip is to making food fun, for example, by creating a colorful plate or cutting sandwiches into fun shapes. It's also important to be patient and continue offering new foods without pressure."
What are some vegetarian lunch for teens (13-18 years)?,"A vegetarian lunch for teens (13-18 years) could be a lentil soup with a side of whole-grain bread, or a tofu stir-fry with a variety of vegetables."
What are some vegetarian lunch for kids (6-12 years)?,"A vegetarian lunch for kids (6-12 years) could be a lentil soup with a side of whole-grain bread, or a tofu stir-fry with a variety of vegetables."
How can I deal with involving kids in cooking in preschoolers (4-5 years)?,"Dealing with involving kids in cooking in preschoolers (4-5 years) can be challenging. One tip is to involving kids in cooking, for example, by creating a colorful plate or cutting sandwiches into fun shapes. It's also important to be patient and continue offering new foods without pressure."
What are some healthy breakfast for kids (6-12 years)?,"For kids (6-12 years), a healthy breakfast could include a source of protein like lean meat or beans, a whole grain like brown rice or quinoa, and a variety of colorful vegetables. For example, a grilled chicken salad or a black bean burger on a whole wheat bun."
Can you give me some information about the healthy snack ideas for toddlers (1-3 years)?,"The healthy snack ideas is especially important for toddlers (1-3 years). For example, it's recommended that they drink plenty of water throughout the day to stay hydrated and support their growing bodies."
What are some healthy dinner for kids (6-12 years)?,"For kids (6-12 years), a healthy dinner could include a source of protein like lean meat or beans, a whole grain like brown rice or quinoa, and a variety of colorful vegetables. For example, a grilled chicken salad or a black bean burger on a whole wheat bun."
Can you give me some information about the healthy snack ideas for toddlers (1-3 years)?,"The healthy snack ideas is especially important for toddlers (1-3 years). For example, it's recommended that they drink plenty of water throughout the day to stay hydrated and support their growing bodies."
How can I deal with making food fun in teens (13-18 years)?,"Dealing with making food fun in teens (13-18 years) can be challenging. One tip is to making food fun, for example, by creating a colorful plate or cutting sandwiches into fun shapes. It's also important to be patient and continue offering new foods without pressure."
Can you give me some information about the the food pyramid for preschoolers (4-5 years)?,"The the food pyramid is especially important for preschoolers (4-5 years). For example, it's recommended that they drink plenty of water throughout the day to stay hydrated and support their growing bodies."
What are the key points of hand washing before meals when preparing food for teens (13-18 years)?,"When it comes to hand washing before meals for teens (13-18 years), it's important to always wash your hands before preparing food, cook meat to the proper temperature, and store leftovers in the refrigerator promptly."
What are some vegan snacks for preschoolers (4-5 years)?,"A vegan snacks for preschoolers (4-5 years) could be a lentil soup with a side of whole-grain bread, or a tofu stir-fry with a variety of vegetables."
What are the key points of cooking temperatures when preparing food for toddlers (1-3 years)?,"When it comes to cooking temperatures for toddlers (1-3 years), it's important to always wash your hands before preparing food, cook meat to the proper temperature, and store leftovers in the refrigerator promptly."
What are some healthy dinner for kids (6-12 years)?,"For kids (6-12 years), a healthy dinner could include a source of protein like lean meat or beans, a whole grain like brown rice or quinoa, and a variety of colorful vegetables. For example, a grilled chicken salad or a black bean burger on a whole wheat bun."
What are some vegetarian breakfast for toddlers (1-3 years)?,"A vegetarian breakfast for toddlers (1-3 years) could be a lentil soup with a side of whole-grain bread, or a tofu stir-fry with a variety of vegetables."
My child is allergic to shellfish. What are some safe snacks for them?,"For a child with a shellfish allergy, it's crucial to avoid any foods containing that allergen. For snacks, a safe option could be a sunflower seed butter and jelly sandwich on gluten-free bread, or a rice pasta with a vegetable-based sauce."
Can you give me some information about the the food pyramid for toddlers (1-3 years)?,"The the food pyramid is especially important for toddlers (1-3 years). For example, it's recommended that they drink plenty of water throughout the day to stay hydrated and support their growing bodies."
What are some healthy lunch for preschoolers (4-5 years)?,"For preschoolers (4-5 years), a healthy lunch could include a source of protein like lean meat or beans, a whole grain like brown rice or quinoa, and a variety of colorful vegetables. For example, a grilled chicken salad or a black bean burger on a whole wheat bun."
Can you give me some information about the how to read nutrition labels for kids (6-12 years)?,"The how to read nutrition labels is especially important for kids (6-12 years). For example, it's recommended that they drink plenty of water throughout the day to stay hydrated and support their growing bodies."
What are the key points of cross-contamination when preparing food for toddlers (1-3 years)?,"When it comes to cross-contamination for toddlers (1-3 years), it's important to always wash your hands before preparing food, cook meat to the proper temperature, and store leftovers in the refrigerator promptly."
My child is allergic to gluten. What are some safe breakfast for them?,"For a child with a gluten allergy, it's crucial to avoid any foods containing that allergen. For breakfast, a safe option could be a sunflower seed butter and jelly sandwich on gluten-free bread, or a rice pasta with a vegetable-based sauce."
What are the key points of cross-contamination when preparing food for kids (6-12 years)?,"When it comes to cross-contamination for kids (6-12 years), it's important to always wash your hands before preparing food, cook meat to the proper temperature, and store leftovers in the refrigerator promptly."
How can I deal with involving kids in cooking in preschoolers (4-5 years)?,"Dealing with involving kids in cooking in preschoolers (4-5 years) can be challenging. One tip is to involving kids in cooking, for example, by creating a colorful plate or cutting sandwiches into fun shapes. It's also important to be patient and continue offering new foods without pressure."
What are some pescatarian lunch for kids (6-12 years)?,"A pescatarian lunch for kids (6-12 years) could be a lentil soup with a side of whole-grain bread, or a tofu stir-fry with a variety of vegetables."
Can you give me some information about the how to read nutrition labels for toddlers (1-3 years)?,"The how to read nutrition labels is especially important for toddlers (1-3 years). For example, it's recommended that they drink plenty of water throughout the day to stay hydrated and support their growing bodies."
What are some healthy dinner for preschoolers (4-5 years)?,"For preschoolers (4-5 years), a healthy dinner could include a source of protein like lean meat or beans, a whole grain like brown rice or quinoa, and a variety of colorful vegetables. For example, a grilled chicken salad or a black bean burger on a whole wheat bun."
What are some vegetarian lunch for teens (13-18 years)?,"A vegetarian lunch for teens (13-18 years) could be a lentil soup with a side of whole-grain bread, or a tofu stir-fry with a variety of vegetables."
How can I deal with patience with picky eaters in toddlers (1-3 years)?,"Dealing with patience with picky eaters in toddlers (1-3 years) can be challenging. One tip is to patience with picky eaters, for example, by creating a colorful plate or cutting sandwiches into fun shapes. It's also important to be patient and continue offering new foods without pressure."
What are some vegetarian dinner for kids (6-12 years)?,"A vegetarian dinner for kids (6-12 years) could be a lentil soup with a side of whole-grain bread, or a tofu stir-fry with a variety of vegetables."
What are the key points of cross-contamination when preparing food for kids (6-12 years)?,"When it comes to cross-contamination for kids (6-12 years), it's important to always wash your hands before preparing food, cook meat to the proper temperature, and store leftovers in the refrigerator promptly."
What are some healthy dinner for teens (13-18 years)?,"For teens (13-18 years), a healthy dinner could include a source of protein like lean meat or beans, a whole grain like brown rice or quinoa, and a variety of colorful vegetables. For example, a grilled chicken salad or a black bean burger on a whole wheat bun."
How can I deal with patience with picky eaters in teens (13-18 years)?,"Dealing with patience with picky eaters in teens (13-18 years) can be challenging. One tip is to patience with picky eaters, for example, by creating a colorful plate or cutting sandwiches into fun shapes. It's also important to be patient and continue offering new foods without pressure."
Can you give me some information about the importance of hydration for toddlers (1-3 years)?,"The importance of hydration is especially important for toddlers (1-3 years). For example, it's recommended that they drink plenty of water throughout the day to stay hydrated and support their growing bodies."
My child is allergic to gluten. What are some safe lunch for them?,"For a child with a gluten allergy, it's crucial to avoid any foods containing that allergen. For lunch, a safe option could be a sunflower seed butter and jelly sandwich on gluten-free bread, or a rice pasta with a vegetable-based sauce."
How can I deal with making food fun in kids (6-12 years)?,"Dealing with making food fun in kids (6-12 years) can be challenging. One tip is to making food fun, for example, by creating a colorful plate or cutting sandwiches into fun shapes. It's also important to be patient and continue offering new foods without pressure."
What are some vegan lunch for preschoolers (4-5 years)?,"A vegan lunch for preschoolers (4-5 years) could be a lentil soup with a side of whole-grain bread, or a tofu stir-fry with a variety of vegetables."
How can I deal with patience with picky eaters in preschoolers (4-5 years)?,"Dealing with patience with picky eaters in preschoolers (4-5 years) can be challenging. One tip is to patience with picky eaters, for example, by creating a colorful plate or cutting sandwiches into fun shapes. It's also important to be patient and continue offering new foods without pressure."
What are the key points of safe food storage when preparing food for teens (13-18 years)?,"When it comes to safe food storage for teens (13-18 years), it's important to always wash your hands before preparing food, cook meat to the proper temperature, and store leftovers in the refrigerator promptly."
How can I deal with patience with picky eaters in toddlers (1-3 years)?,"Dealing with patience with picky eaters in toddlers (1-3 years) can be challenging. One tip is to patience with picky eaters, for example, by creating a colorful plate or cutting sandwiches into fun shapes. It's also important to be patient and continue offering new foods without pressure."
My child is allergic to peanuts. What are some safe dinner for them?,"For a child with a peanuts allergy, it's crucial to avoid any foods containing that allergen. For dinner, a safe option could be a sunflower seed butter and jelly sandwich on gluten-free bread, or a rice pasta with a vegetable-based sauce."
How can I deal with how to introduce new foods in toddlers (1-3 years)?,"Dealing with how to introduce new foods in toddlers (1-3 years) can be challenging. One tip is to how to introduce new foods, for example, by creating a colorful plate or cutting sandwiches into fun shapes. It's also important to be patient and continue offering new foods without pressure."
What are the key points of cross-contamination when preparing food for kids (6-12 years)?,"When it comes to cross-contamination for kids (6-12 years), it's important to always wash your hands before preparing food, cook meat to the proper temperature, and store leftovers in the refrigerator promptly."
Can you give me some information about the healthy snack ideas for teens (13-18 years)?,"The healthy snack ideas is especially important for teens (13-18 years). For example, it's recommended that they drink plenty of water throughout the day to stay hydrated and support their growing bodies."
What are the key points of cross-contamination when preparing food for toddlers (1-3 years)?,"When it comes to cross-contamination for toddlers (1-3 years), it's important to always wash your hands before preparing food, cook meat to the proper temperature, and store leftovers in the refrigerator promptly."
What are the key points of cooking temperatures when preparing food for teens (13-18 years)?,"When it comes to cooking temperatures for teens (13-18 years), it's important to always wash your hands before preparing food, cook meat to the proper temperature, and store leftovers in the refrigerator promptly."
Can you give me some information about the how to read nutrition labels for kids (6-12 years)?,"The how to read nutrition labels is especially important for kids (6-12 years). For example, it's recommended that they drink plenty of water throughout the day to stay hydrated and support their growing bodies."
Can you give me some information about the healthy snack ideas for kids (6-12 years)?,"The healthy snack ideas is especially important for kids (6-12 years). For example, it's recommended that they drink plenty of water throughout the day to stay hydrated and support their growing bodies."
What are some vegetarian lunch for kids (6-12 years)?,"A vegetarian lunch for kids (6-12 years) could be a lentil soup with a side of whole-grain bread, or a tofu stir-fry with a variety of vegetables."
What are some vegan dinner for teens (13-18 years)?,"A vegan dinner for teens (13-18 years) could be a lentil soup with a side of whole-grain bread, or a tofu stir-fry with a variety of vegetables."
What are some healthy dinner for preschoolers (4-5 years)?,"For preschoolers (4-5 years), a healthy dinner could include a source of protein like lean meat or beans, a whole grain like brown rice or quinoa, and a variety of colorful vegetables. For example, a grilled chicken salad or a black bean burger on a whole wheat bun."
What are the key points of safe food storage when preparing food for kids (6-12 years)?,"When it comes to safe food storage for kids (6-12 years), it's important to always wash your hands before preparing food, cook meat to the proper temperature, and store leftovers in the refrigerator promptly."
Can you give me some information about the how to read nutrition labels for toddlers (1-3 years)?,"The how to read nutrition labels is especially important for toddlers (1-3 years). For example, it's recommended that they drink plenty of water throughout the day to stay hydrated and support their growing bodies."
What are the key points of cooking temperatures when preparing food for kids (6-12 years)?,"When it comes to cooking temperatures for kids (6-12 years), it's important to always wash your hands before preparing food, cook meat to the proper temperature, and store leftovers in the refrigerator promptly."
What are some healthy dinner for kids (6-12 years)?,"For kids (6-12 years), a healthy dinner could include a source of protein like lean meat or beans, a whole grain like brown rice or quinoa, and a variety of colorful vegetables. For example, a grilled chicken salad or a black bean burger on a whole wheat bun."
What are some vegan snacks for preschoolers (4-5 years)?,"A vegan snacks for preschoolers (4-5 years) could be a lentil soup with a side of whole-grain bread, or a tofu stir-fry with a variety of vegetables."
What are some healthy breakfast for toddlers (1-3 years)?,"For toddlers (1-3 years), a healthy breakfast could include a source of protein like lean meat or beans, a whole grain like brown rice or quinoa, and a variety of colorful vegetables. For example, a grilled chicken salad or a black bean burger on a whole wheat bun."
How can I deal with patience with picky eaters in preschoolers (4-5 years)?,"Dealing with patience with picky eaters in preschoolers (4-5 years) can be challenging. One tip is to patience with picky eaters, for example, by creating a colorful plate or cutting sandwiches into fun shapes. It's also important to be patient and continue offering new foods without pressure."
What are some healthy lunch for kids (6-12 years)?,"For kids (6-12 years), a healthy lunch could include a source of protein like lean meat or beans, a whole grain like brown rice or quinoa, and a variety of colorful vegetables. For example, a grilled chicken salad or a black bean burger on a whole wheat bun."
My child is allergic to gluten. What are some safe dinner for them?,"For a child with a gluten allergy, it's crucial to avoid any foods containing that allergen. For dinner, a safe option could be a sunflower seed butter and jelly sandwich on gluten-free bread, or a rice pasta with a vegetable-based sauce."
How can I deal with how to introduce new foods in preschoolers (4-5 years)?,"Dealing with how to introduce new foods in preschoolers (4-5 years) can be challenging. One tip is to how to introduce new foods, for example, by creating a colorful plate or cutting sandwiches into fun shapes. It's also important to be patient and continue offering new foods without pressure."
How can I deal with making food fun in kids (6-12 years)?,"Dealing with making food fun in kids (6-12 years) can be challenging. One tip is to making food fun, for example, by creating a colorful plate or cutting sandwiches into fun shapes. It's also important to be patient and continue offering new foods without pressure."
What are the key points of safe food storage when preparing food for teens (13-18 years)?,"When it comes to safe food storage for teens (13-18 years), it's important to always wash your hands before preparing food, cook meat to the proper temperature, and store leftovers in the refrigerator promptly."
What are the key points of cooking temperatures when preparing food for preschoolers (4-5 years)?,"When it comes to cooking temperatures for preschoolers (4-5 years), it's important to always wash your hands before preparing food, cook meat to the proper temperature, and store leftovers in the refrigerator promptly."
What are some healthy dinner for toddlers (1-3 years)?,"For toddlers (1-3 years), a healthy dinner could include a source of protein like lean meat or beans, a whole grain like brown rice or quinoa, and a variety of colorful vegetables. For example, a grilled chicken salad or a black bean burger on a whole wheat bun."
What are some pescatarian dinner for teens (13-18 years)?,"A pescatarian dinner for teens (13-18 years) could be a lentil soup with a side of whole-grain bread, or a tofu stir-fry with a variety of vegetables."
What are some vegetarian dinner for preschoolers (4-5 years)?,"A vegetarian dinner for preschoolers (4-5 years) could be a lentil soup with a side of whole-grain bread, or a tofu stir-fry with a variety of vegetables."
What are the key points of safe food storage when preparing food for toddlers (1-3 years)?,"When it comes to safe food storage for toddlers (1-3 years), it's important to always wash your hands before preparing food, cook meat to the proper temperature, and store leftovers in the refrigerator promptly."
What are some healthy breakfast for teens (13-18 years)?,"For teens (13-18 years), a healthy breakfast could include a source of protein like lean meat or beans, a whole grain like brown rice or quinoa, and a variety of colorful vegetables. For example, a grilled chicken salad or a black bean burger on a whole wheat bun."
How can I deal with patience with picky eaters in kids (6-12 years)?,"Dealing with patience with picky eaters in kids (6-12 years) can be challenging. One tip is to patience with picky eaters, for example, by creating a colorful plate or cutting sandwiches into fun shapes. It's also important to be patient and continue offering new foods without pressure."
Can you give me some information about the benefits of a balanced diet for preschoolers (4-5 years)?,"The benefits of a balanced diet is especially important for preschoolers (4-5 years). For example, it's recommended that they drink plenty of water throughout the day to stay hydrated and support their growing bodies."
What are some vegetarian snacks for toddlers (1-3 years)?,"A vegetarian snacks for toddlers (1-3 years) could be a lentil soup with a side of whole-grain bread, or a tofu stir-fry with a variety of vegetables."
What are some vegetarian dinner for kids (6-12 years)?,"A vegetarian dinner for kids (6-12 years) could be a lentil soup with a side of whole-grain bread, or a tofu stir-fry with a variety of vegetables."
My child is allergic to shellfish. What are some safe lunch for them?,"For a child with a shellfish allergy, it's crucial to avoid any foods containing that allergen. For lunch, a safe option could be a sunflower seed butter and jelly sandwich on gluten-free bread, or a rice pasta with a vegetable-based sauce."
Can you give me some information about the benefits of a balanced diet for teens (13-18 years)?,"The benefits of a balanced diet is especially important for teens (13-18 years). For example, it's recommended that they drink plenty of water throughout the day to stay hydrated and support their growing bodies."
What are some vegan snacks for teens (13-18 years)?,"A vegan snacks for teens (13-18 years) could be a lentil soup with a side of whole-grain bread, or a tofu stir-fry with a variety of vegetables."
What are some pescatarian dinner for preschoolers (4-5 years)?,"A pescatarian dinner for preschoolers (4-5 years) could be a lentil soup with a side of whole-grain bread, or a tofu stir-fry with a variety of vegetables."
My child is allergic to gluten. What are some safe lunch for them?,"For a child with a gluten allergy, it's crucial to avoid any foods containing that allergen. For lunch, a safe option could be a sunflower seed butter and jelly sandwich on gluten-free bread, or a rice pasta with a vegetable-based sauce."
Can you give me some information about the benefits of a balanced diet for preschoolers (4-5 years)?,"The benefits of a balanced diet is especially important for preschoolers (4-5 years). For example, it's recommended that they drink plenty of water throughout the day to stay hydrated and support their growing bodies."
What are the key points of hand washing before meals when preparing food for teens (13-18 years)?,"When it comes to hand washing before meals for teens (13-18 years), it's important to always wash your hands before preparing food, cook meat to the proper temperature, and store leftovers in the refrigerator promptly."
What are some healthy lunch for kids (6-12 years)?,"For kids (6-12 years), a healthy lunch could include a source of protein like lean meat or beans, a whole grain like brown rice or quinoa, and a variety of colorful vegetables. For example, a grilled chicken salad or a black bean burger on a whole wheat bun."
My child is allergic to dairy. What are some safe lunch for them?,"For a child with a dairy allergy, it's crucial to avoid any foods containing that allergen. For lunch, a safe option could be a sunflower seed butter and jelly sandwich on gluten-free bread, or a rice pasta with a vegetable-based sauce."
What are some healthy snacks for kids (6-12 years)?,"For kids (6-12 years), a healthy snacks could include a source of protein like lean meat or beans, a whole grain like brown rice or quinoa, and a variety of colorful vegetables. For example, a grilled chicken salad or a black bean burger on a whole wheat bun."
Can you give me some information about the benefits of a balanced diet for preschoolers (4-5 years)?,"The benefits of a balanced diet is especially important for preschoolers (4-5 years). For example, it's recommended that they drink plenty of water throughout the day to stay hydrated and support their growing bodies."
What are some vegan lunch for preschoolers (4-5 years)?,"A vegan lunch for preschoolers (4-5 years) could be a lentil soup with a side of whole-grain bread, or a tofu stir-fry with a variety of vegetables."
What are some healthy snacks for toddlers (1-3 years)?,"For toddlers (1-3 years), a healthy snacks could include a source of protein like lean meat or beans, a whole grain like brown rice or quinoa, and a variety of colorful vegetables. For example, a grilled chicken salad or a black bean burger on a whole wheat bun."
What are some healthy dinner for preschoolers (4-5 years)?,"For preschoolers (4-5 years), a healthy dinner could include a source of protein like lean meat or beans, a whole grain like brown rice or quinoa, and a variety of colorful vegetables. For example, a grilled chicken salad or a black bean burger on a whole wheat bun."
What are the key points of cooking temperatures when preparing food for teens (13-18 years)?,"When it comes to cooking temperatures for teens (13-18 years), it's important to always wash your hands before preparing food, cook meat to the proper temperature, and store leftovers in the refrigerator promptly."
What are some healthy snacks for teens (13-18 years)?,"For teens (13-18 years), a healthy snacks could include a source of protein like lean meat or beans, a whole grain like brown rice or quinoa, and a variety of colorful vegetables. For example, a grilled chicken salad or a black bean burger on a whole wheat bun."
My child is allergic to shellfish. What are some safe lunch for them?,"For a child with a shellfish allergy, it's crucial to avoid any foods containing that allergen. For lunch, a safe option could be a sunflower seed butter and jelly sandwich on gluten-free bread, or a rice pasta with a vegetable-based sauce."
What are the key points of hand washing before meals when preparing food for preschoolers (4-5 years)?,"When it comes to hand washing before meals for preschoolers (4-5 years), it's important to always wash your hands before preparing food, cook meat to the proper temperature, and store leftovers in the refrigerator promptly."
What are the key points of safe food storage when preparing food for teens (13-18 years)?,"When it comes to safe food storage for teens (13-18 years), it's important to always wash your hands before preparing food, cook meat to the proper temperature, and store leftovers in the refrigerator promptly."
How can I deal with how to introduce new foods in teens (13-18 years)?,"Dealing with how to introduce new foods in teens (13-18 years) can be challenging. One tip is to how to introduce new foods, for example, by creating a colorful plate or cutting sandwiches into fun shapes. It's also important to be patient and continue offering new foods without pressure."
What are the key points of cross-contamination when preparing food for preschoolers (4-5 years)?,"When it comes to cross-contamination for preschoolers (4-5 years), it's important to always wash your hands before preparing food, cook meat to the proper temperature, and store leftovers in the refrigerator promptly."
How can I deal with patience with picky eaters in kids (6-12 years)?,"Dealing with patience with picky eaters in kids (6-12 years) can be challenging. One tip is to patience with picky eaters, for example, by creating a colorful plate or cutting sandwiches into fun shapes. It's also important to be patient and continue offering new foods without pressure."
What are some vegan breakfast for toddlers (1-3 years)?,"A vegan breakfast for toddlers (1-3 years) could be a lentil soup with a side of whole-grain bread, or a tofu stir-fry with a variety of vegetables."
What are the key points of cross-contamination when preparing food for kids (6-12 years)?,"When it comes to cross-contamination for kids (6-12 years), it's important to always wash your hands before preparing food, cook meat to the proper temperature, and store leftovers in the refrigerator promptly."
What are the key points of cross-contamination when preparing food for teens (13-18 years)?,"When it comes to cross-contamination for teens (13-18 years), it's important to always wash your hands before preparing food, cook meat to the proper temperature, and store leftovers in the refrigerator promptly."
My child is allergic to shellfish. What are some safe snacks for them?,"For a child with a shellfish allergy, it's crucial to avoid any foods containing that allergen. For snacks, a safe option could be a sunflower seed butter and jelly sandwich on gluten-free bread, or a rice pasta with a vegetable-based sauce."
What are some vegan breakfast for kids (6-12 years)?,"A vegan breakfast for kids (6-12 years) could be a lentil soup with a side of whole-grain bread, or a tofu stir-fry with a variety of vegetables."
Can you give me some information about the how to read nutrition labels for toddlers (1-3 years)?,"The how to read nutrition labels is especially important for toddlers (1-3 years). For example, it's recommended that they drink plenty of water throughout the day to stay hydrated and support their growing bodies."
My child is allergic to peanuts. What are some safe snacks for them?,"For a child with a peanuts allergy, it's crucial to avoid any foods containing that allergen. For snacks, a safe option could be a sunflower seed butter and jelly sandwich on gluten-free bread, or a rice pasta with a vegetable-based sauce."
Can you give me some information about the importance of hydration for preschoolers (4-5 years)?,"The importance of hydration is especially important for preschoolers (4-5 years). For example, it's recommended that they drink plenty of water throughout the day to stay hydrated and support their growing bodies."
My child is allergic to eggs. What are some safe snacks for them?,"For a child with a eggs allergy, it's crucial to avoid any foods containing that allergen. For snacks, a safe option could be a sunflower seed butter and jelly sandwich on gluten-free bread, or a rice pasta with a vegetable-based sauce."
My child is allergic to eggs. What are some safe dinner for them?,"For a child with a eggs allergy, it's crucial to avoid any foods containing that allergen. For dinner, a safe option could be a sunflower seed butter and jelly sandwich on gluten-free bread, or a rice pasta with a vegetable-based sauce."
My child is allergic to dairy. What are some safe snacks for them?,"For a child with a dairy allergy, it's crucial to avoid any foods containing that allergen. For snacks, a safe option could be a sunflower seed butter and jelly sandwich on gluten-free bread, or a rice pasta with a vegetable-based sauce."
How can I deal with patience with picky eaters in preschoolers (4-5 years)?,"Dealing with patience with picky eaters in preschoolers (4-5 years) can be challenging. One tip is to patience with picky eaters, for example, by creating a colorful plate or cutting sandwiches into fun shapes. It's also important to be patient and continue offering new foods without pressure."
What are the key points of cooking temperatures when preparing food for toddlers (1-3 years)?,"When it comes to cooking temperatures for toddlers (1-3 years), it's important to always wash your hands before preparing food, cook meat to the proper temperature, and store leftovers in the refrigerator promptly."
How can I deal with involving kids in cooking in toddlers (1-3 years)?,"Dealing with involving kids in cooking in toddlers (1-3 years) can be challenging. One tip is to involving kids in cooking, for example, by creating a colorful plate or cutting sandwiches into fun shapes. It's also important to be patient and continue offering new foods without pressure."
What are the key points of hand washing before meals when preparing food for teens (13-18 years)?,"When it comes to hand washing before meals for teens (13-18 years), it's important to always wash your hands before preparing food, cook meat to the proper temperature, and store leftovers in the refrigerator promptly."
What are some healthy breakfast for kids (6-12 years)?,"For kids (6-12 years), a healthy breakfast could include a source of protein like lean meat or beans, a whole grain like brown rice or quinoa, and a variety of colorful vegetables. For example, a grilled chicken salad or a black bean burger on a whole wheat bun."
How can I deal with making food fun in teens (13-18 years)?,"Dealing with making food fun in teens (13-18 years) can be challenging. One tip is to making food fun, for example, by creating a colorful plate or cutting sandwiches into fun shapes. It's also important to be patient and continue offering new foods without pressure."
What are the key points of cross-contamination when preparing food for kids (6-12 years)?,"When it comes to cross-contamination for kids (6-12 years), it's important to always wash your hands before preparing food, cook meat to the proper temperature, and store leftovers in the refrigerator promptly."
How can I deal with how to introduce new foods in teens (13-18 years)?,"Dealing with how to introduce new foods in teens (13-18 years) can be challenging. One tip is to how to introduce new foods, for example, by creating a colorful plate or cutting sandwiches into fun shapes. It's also important to be patient and continue offering new foods without pressure."
What are some pescatarian lunch for toddlers (1-3 years)?,"A pescatarian lunch for toddlers (1-3 years) could be a lentil soup with a side of whole-grain bread, or a tofu stir-fry with a variety of vegetables."
What are some vegan breakfast for toddlers (1-3 years)?,"A vegan breakfast for toddlers (1-3 years) could be a lentil soup with a side of whole-grain bread, or a tofu stir-fry with a variety of vegetables."
What are some healthy lunch for preschoolers (4-5 years)?,"For preschoolers (4-5 years), a healthy lunch could include a source of protein like lean meat or beans, a whole grain like brown rice or quinoa, and a variety of colorful vegetables. For example, a grilled chicken salad or a black bean burger on a whole wheat bun."
My child is allergic to peanuts. What are some safe snacks for them?,"For a child with a peanuts allergy, it's crucial to avoid any foods containing that allergen. For snacks, a safe option could be a sunflower seed butter and jelly sandwich on gluten-free bread, or a rice pasta with a vegetable-based sauce."
Can you give me some information about the the food pyramid for toddlers (1-3 years)?,"The the food pyramid is especially important for toddlers (1-3 years). For example, it's recommended that they drink plenty of water throughout the day to stay hydrated and support their growing bodies."
Can you give me some information about the how to read nutrition labels for kids (6-12 years)?,"The how to read nutrition labels is especially important for kids (6-12 years). For example, it's recommended that they drink plenty of water throughout the day to stay hydrated and support their growing bodies."
What are some pescatarian snacks for preschoolers (4-5 years)?,"A pescatarian snacks for preschoolers (4-5 years) could be a lentil soup with a side of whole-grain bread, or a tofu stir-fry with a variety of vegetables."
My child is allergic to peanuts. What are some safe dinner for them?,"For a child with a peanuts allergy, it's crucial to avoid any foods containing that allergen. For dinner, a safe option could be a sunflower seed butter and jelly sandwich on gluten-free bread, or a rice pasta with a vegetable-based sauce."
My child is allergic to eggs. What are some safe snacks for them?,"For a child with a eggs allergy, it's crucial to avoid any foods containing that allergen. For snacks, a safe option could be a sunflower seed butter and jelly sandwich on gluten-free bread, or a rice pasta with a vegetable-based sauce."
What are some vegetarian snacks for toddlers (1-3 years)?,"A vegetarian snacks for toddlers (1-3 years) could be a lentil soup with a side of whole-grain bread, or a tofu stir-fry with a variety of vegetables."
What are some vegan lunch for toddlers (1-3 years)?,"A vegan lunch for toddlers (1-3 years) could be a lentil soup with a side of whole-grain bread, or a tofu stir-fry with a variety of vegetables."
What are some vegan lunch for teens (13-18 years)?,"A vegan lunch for teens (13-18 years) could be a lentil soup with a side of whole-grain bread, or a tofu stir-fry with a variety of vegetables."
What are the key points of hand washing before meals when preparing food for teens (13-18 years)?,"When it comes to hand washing before meals for teens (13-18 years), it's important to always wash your hands before preparing food, cook meat to the proper temperature, and store leftovers in the refrigerator promptly."
How can I deal with patience with picky eaters in toddlers (1-3 years)?,"Dealing with patience with picky eaters in toddlers (1-3 years) can be challenging. One tip is to patience with picky eaters, for example, by creating a colorful plate or cutting sandwiches into fun shapes. It's also important to be patient and continue offering new foods without pressure."
Can you give me some information about the benefits of a balanced diet for teens (13-18 years)?,"The benefits of a balanced diet is especially important for teens (13-18 years). For example, it's recommended that they drink plenty of water throughout the day to stay hydrated and support their growing bodies."
My child is allergic to peanuts. What are some safe snacks for them?,"For a child with a peanuts allergy, it's crucial to avoid any foods containing that allergen. For snacks, a safe option could be a sunflower seed butter and jelly sandwich on gluten-free bread, or a rice pasta with a vegetable-based sauce."
How can I deal with patience with picky eaters in preschoolers (4-5 years)?,"Dealing with patience with picky eaters in preschoolers (4-5 years) can be challenging. One tip is to patience with picky eaters, for example, by creating a colorful plate or cutting sandwiches into fun shapes. It's also important to be patient and continue offering new foods without pressure."
How can I deal with involving kids in cooking in toddlers (1-3 years)?,"Dealing with involving kids in cooking in toddlers (1-3 years) can be challenging. One tip is to involving kids in cooking, for example, by creating a colorful plate or cutting sandwiches into fun shapes. It's also important to be patient and continue offering new foods without pressure."
Can you give me some information about the how to read nutrition labels for teens (13-18 years)?,"The how to read nutrition labels is especially important for teens (13-18 years). For example, it's recommended that they drink plenty of water throughout the day to stay hydrated and support their growing bodies."
What are some pescatarian snacks for toddlers (1-3 years)?,"A pescatarian snacks for toddlers (1-3 years) could be a lentil soup with a side of whole-grain bread, or a tofu stir-fry with a variety of vegetables."
What are some healthy dinner for preschoolers (4-5 years)?,"For preschoolers (4-5 years), a healthy dinner could include a source of protein like lean meat or beans, a whole grain like brown rice or quinoa, and a variety of colorful vegetables. For example, a grilled chicken salad or a black bean burger on a whole wheat bun."
What are some healthy breakfast for teens (13-18 years)?,"For teens (13-18 years), a healthy breakfast could include a source of protein like lean meat or beans, a whole grain like brown rice or quinoa, and a variety of colorful vegetables. For example, a grilled chicken salad or a black bean burger on a whole wheat bun."
How can I deal with involving kids in cooking in preschoolers (4-5 years)?,"Dealing with involving kids in cooking in preschoolers (4-5 years) can be challenging. One tip is to involving kids in cooking, for example, by creating a colorful plate or cutting sandwiches into fun shapes. It's also important to be patient and continue offering new foods without pressure."
What are the key points of safe food storage when preparing food for kids (6-12 years)?,"When it comes to safe food storage for kids (6-12 years), it's important to always wash your hands before preparing food, cook meat to the proper temperature, and store leftovers in the refrigerator promptly."
What are some healthy snacks for kids (6-12 years)?,"For kids (6-12 years), a healthy snacks could include a source of protein like lean meat or beans, a whole grain like brown rice or quinoa, and a variety of colorful vegetables. For example, a grilled chicken salad or a black bean burger on a whole wheat bun."
What are the key points of safe food storage when preparing food for kids (6-12 years)?,"When it comes to safe food storage for kids (6-12 years), it's important to always wash your hands before preparing food, cook meat to the proper temperature, and store leftovers in the refrigerator promptly."
What are some vegetarian lunch for teens (13-18 years)?,"A vegetarian lunch for teens (13-18 years) could be a lentil soup with a side of whole-grain bread, or a tofu stir-fry with a variety of vegetables."
What are some healthy lunch for kids (6-12 years)?,"For kids (6-12 years), a healthy lunch could include a source of protein like lean meat or beans, a whole grain like brown rice or quinoa, and a variety of colorful vegetables. For example, a grilled chicken salad or a black bean burger on a whole wheat bun."
What are some healthy snacks for preschoolers (4-5 years)?,"For preschoolers (4-5 years), a healthy snacks could include a source of protein like lean meat or beans, a whole grain like brown rice or quinoa, and a variety of colorful vegetables. For example, a grilled chicken salad or a black bean burger on a whole wheat bun."
My child is allergic to peanuts. What are some safe snacks for them?,"For a child with a peanuts allergy, it's crucial to avoid any foods containing that allergen. For snacks, a safe option could be a sunflower seed butter and jelly sandwich on gluten-free bread, or a rice pasta with a vegetable-based sauce."
My child is allergic to dairy. What are some safe dinner for them?,"For a child with a dairy allergy, it's crucial to avoid any foods containing that allergen. For dinner, a safe option could be a sunflower seed butter and jelly sandwich on gluten-free bread, or a rice pasta with a vegetable-based sauce."
My child is allergic to dairy. What are some safe lunch for them?,"For a child with a dairy allergy, it's crucial to avoid any foods containing that allergen. For lunch, a safe option could be a sunflower seed butter and jelly sandwich on gluten-free bread, or a rice pasta with a vegetable-based sauce."
How can I deal with involving kids in cooking in preschoolers (4-5 years)?,"Dealing with involving kids in cooking in preschoolers (4-5 years) can be challenging. One tip is to involving kids in cooking, for example, by creating a colorful plate or cutting sandwiches into fun shapes. It's also important to be patient and continue offering new foods without pressure."
Can you give me some information about the the food pyramid for toddlers (1-3 years)?,"The the food pyramid is especially important for toddlers (1-3 years). For example, it's recommended that they drink plenty of water throughout the day to stay hydrated and support their growing bodies."
What are some vegetarian dinner for toddlers (1-3 years)?,"A vegetarian dinner for toddlers (1-3 years) could be a lentil soup with a side of whole-grain bread, or a tofu stir-fry with a variety of vegetables."
What are the key points of hand washing before meals when preparing food for teens (13-18 years)?,"When it comes to hand washing before meals for teens (13-18 years), it's important to always wash your hands before preparing food, cook meat to the proper temperature, and store leftovers in the refrigerator promptly."
Can you give me some information about the the food pyramid for teens (13-18 years)?,"The the food pyramid is especially important for teens (13-18 years). For example, it's recommended that they drink plenty of water throughout the day to stay hydrated and support their growing bodies."
Can you give me some information about the healthy snack ideas for teens (13-18 years)?,"The healthy snack ideas is especially important for teens (13-18 years). For example, it's recommended that they drink plenty of water throughout the day to stay hydrated and support their growing bodies."
What are the key points of cooking temperatures when preparing food for preschoolers (4-5 years)?,"When it comes to cooking temperatures for preschoolers (4-5 years), it's important to always wash your hands before preparing food, cook meat to the proper temperature, and store leftovers in the refrigerator promptly."
How can I deal with making food fun in kids (6-12 years)?,"Dealing with making food fun in kids (6-12 years) can be challenging. One tip is to making food fun, for example, by creating a colorful plate or cutting sandwiches into fun shapes. It's also important to be patient and continue offering new foods without pressure."
How can I deal with involving kids in cooking in teens (13-18 years)?,"Dealing with involving kids in cooking in teens (13-18 years) can be challenging. One tip is to involving kids in cooking, for example, by creating a colorful plate or cutting sandwiches into fun shapes. It's also important to be patient and continue offering new foods without pressure."
What are some vegetarian snacks for toddlers (1-3 years)?,"A vegetarian snacks for toddlers (1-3 years) could be a lentil soup with a side of whole-grain bread, or a tofu stir-fry with a variety of vegetables."
What are some vegetarian lunch for kids (6-12 years)?,"A vegetarian lunch for kids (6-12 years) could be a lentil soup with a side of whole-grain bread, or a tofu stir-fry with a variety of vegetables."
Can you give me some information about the benefits of a balanced diet for preschoolers (4-5 years)?,"The benefits of a balanced diet is especially important for preschoolers (4-5 years). For example, it's recommended that they drink plenty of water throughout the day to stay hydrated and support their growing bodies."
What are the key points of cross-contamination when preparing food for preschoolers (4-5 years)?,"When it comes to cross-contamination for preschoolers (4-5 years), it's important to always wash your hands before preparing food, cook meat to the proper temperature, and store leftovers in the refrigerator promptly."
How can I deal with patience with picky eaters in toddlers (1-3 years)?,"Dealing with patience with picky eaters in toddlers (1-3 years) can be challenging. One tip is to patience with picky eaters, for example, by creating a colorful plate or cutting sandwiches into fun shapes. It's also important to be patient and continue offering new foods without pressure."
What are some healthy snacks for teens (13-18 years)?,"For teens (13-18 years), a healthy snacks could include a source of protein like lean meat or beans, a whole grain like brown rice or quinoa, and a variety of colorful vegetables. For example, a grilled chicken salad or a black bean burger on a whole wheat bun."
How can I deal with patience with picky eaters in teens (13-18 years)?,"Dealing with patience with picky eaters in teens (13-18 years) can be challenging. One tip is to patience with picky eaters, for example, by creating a colorful plate or cutting sandwiches into fun shapes. It's also important to be patient and continue offering new foods without pressure."
Can you give me some information about the importance of hydration for kids (6-12 years)?,"The importance of hydration is especially important for kids (6-12 years). For example, it's recommended that they drink plenty of water throughout the day to stay hydrated and support their growing bodies."
What are the key points of cooking temperatures when preparing food for toddlers (1-3 years)?,"When it comes to cooking temperatures for toddlers (1-3 years), it's important to always wash your hands before preparing food, cook meat to the proper temperature, and store leftovers in the refrigerator promptly."
Can you give me some information about the the food pyramid for kids (6-12 years)?,"The the food pyramid is especially important for kids (6-12 years). For example, it's recommended that they drink plenty of water throughout the day to stay hydrated and support their growing bodies."
What are the key points of hand washing before meals when preparing food for kids (6-12 years)?,"When it comes to hand washing before meals for kids (6-12 years), it's important to always wash your hands before preparing food, cook meat to the proper temperature, and store leftovers in the refrigerator promptly."
What are the key points of safe food storage when preparing food for toddlers (1-3 years)?,"When it comes to safe food storage for toddlers (1-3 years), it's important to always wash your hands before preparing food, cook meat to the proper temperature, and store leftovers in the refrigerator promptly."
My child is allergic to peanuts. What are some safe breakfast for them?,"For a child with a peanuts allergy, it's crucial to avoid any foods containing that allergen. For breakfast, a safe option could be a sunflower seed butter and jelly sandwich on gluten-free bread, or a rice pasta with a vegetable-based sauce."
What are some healthy lunch for preschoolers (4-5 years)?,"For preschoolers (4-5 years), a healthy lunch could include a source of protein like lean meat or beans, a whole grain like brown rice or quinoa, and a variety of colorful vegetables. For example, a grilled chicken salad or a black bean burger on a whole wheat bun."
What are the key points of safe food storage when preparing food for teens (13-18 years)?,"When it comes to safe food storage for teens (13-18 years), it's important to always wash your hands before preparing food, cook meat to the proper temperature, and store leftovers in the refrigerator promptly."
How can I deal with making food fun in toddlers (1-3 years)?,"Dealing with making food fun in toddlers (1-3 years) can be challenging. One tip is to making food fun, for example, by creating a colorful plate or cutting sandwiches into fun shapes. It's also important to be patient and continue offering new foods without pressure."
My child is allergic to peanuts. What are some safe lunch for them?,"For a child with a peanuts allergy, it's crucial to avoid any foods containing that allergen. For lunch, a safe option could be a sunflower seed butter and jelly sandwich on gluten-free bread, or a rice pasta with a vegetable-based sauce."
What are some vegan snacks for kids (6-12 years)?,"A vegan snacks for kids (6-12 years) could be a lentil soup with a side of whole-grain bread, or a tofu stir-fry with a variety of vegetables."
Can you give me some information about the how to read nutrition labels for kids (6-12 years)?,"The how to read nutrition labels is especially important for kids (6-12 years). For example, it's recommended that they drink plenty of water throughout the day to stay hydrated and support their growing bodies."
What are the key points of cross-contamination when preparing food for teens (13-18 years)?,"When it comes to cross-contamination for teens (13-18 years), it's important to always wash your hands before preparing food, cook meat to the proper temperature, and store leftovers in the refrigerator promptly."
How can I deal with patience with picky eaters in preschoolers (4-5 years)?,"Dealing with patience with picky eaters in preschoolers (4-5 years) can be challenging. One tip is to patience with picky eaters, for example, by creating a colorful plate or cutting sandwiches into fun shapes. It's also important to be patient and continue offering new foods without pressure."
Can you give me some information about the benefits of a balanced diet for kids (6-12 years)?,"The benefits of a balanced diet is especially important for kids (6-12 years). For example, it's recommended that they drink plenty of water throughout the day to stay hydrated and support their growing bodies."
What are some healthy dinner for preschoolers (4-5 years)?,"For preschoolers (4-5 years), a healthy dinner could include a source of protein like lean meat or beans, a whole grain like brown rice or quinoa, and a variety of colorful vegetables. For example, a grilled chicken salad or a black bean burger on a whole wheat bun."
Can you give me some information about the the food pyramid for toddlers (1-3 years)?,"The the food pyramid is especially important for toddlers (1-3 years). For example, it's recommended that they drink plenty of water throughout the day to stay hydrated and support their growing bodies."
How can I deal with involving kids in cooking in toddlers (1-3 years)?,"Dealing with involving kids in cooking in toddlers (1-3 years) can be challenging. One tip is to involving kids in cooking, for example, by creating a colorful plate or cutting sandwiches into fun shapes. It's also important to be patient and continue offering new foods without pressure."
Can you give me some information about the benefits of a balanced diet for kids (6-12 years)?,"The benefits of a balanced diet is especially important for kids (6-12 years). For example, it's recommended that they drink plenty of water throughout the day to stay hydrated and support their growing bodies."
My child is allergic to gluten. What are some safe lunch for them?,"For a child with a gluten allergy, it's crucial to avoid any foods containing that allergen. For lunch, a safe option could be a sunflower seed butter and jelly sandwich on gluten-free bread, or a rice pasta with a vegetable-based sauce."
What are some healthy snacks for toddlers (1-3 years)?,"For toddlers (1-3 years), a healthy snacks could include a source of protein like lean meat or beans, a whole grain like brown rice or quinoa, and a variety of colorful vegetables. For example, a grilled chicken salad or a black bean burger on a whole wheat bun."
What are the key points of cooking temperatures when preparing food for teens (13-18 years)?,"When it comes to cooking temperatures for teens (13-18 years), it's important to always wash your hands before preparing food, cook meat to the proper temperature, and store leftovers in the refrigerator promptly."
Can you give me some information about the importance of hydration for kids (6-12 years)?,"The importance of hydration is especially important for kids (6-12 years). For example, it's recommended that they drink plenty of water throughout the day to stay hydrated and support their growing bodies."
What are some vegetarian dinner for preschoolers (4-5 years)?,"A vegetarian dinner for preschoolers (4-5 years) could be a lentil soup with a side of whole-grain bread, or a tofu stir-fry with a variety of vegetables."
What are some pescatarian breakfast for teens (13-18 years)?,"A pescatarian breakfast for teens (13-18 years) could be a lentil soup with a side of whole-grain bread, or a tofu stir-fry with a variety of vegetables."
What are the key points of safe food storage when preparing food for preschoolers (4-5 years)?,"When it comes to safe food storage for preschoolers (4-5 years), it's important to always wash your hands before preparing food, cook meat to the proper temperature, and store leftovers in the refrigerator promptly."
How can I deal with making food fun in kids (6-12 years)?,"Dealing with making food fun in kids (6-12 years) can be challenging. One tip is to making food fun, for example, by creating a colorful plate or cutting sandwiches into fun shapes. It's also important to be patient and continue offering new foods without pressure."
What are the key points of safe food storage when preparing food for preschoolers (4-5 years)?,"When it comes to safe food storage for preschoolers (4-5 years), it's important to always wash your hands before preparing food, cook meat to the proper temperature, and store leftovers in the refrigerator promptly."
What are some vegetarian lunch for kids (6-12 years)?,"A vegetarian lunch for kids (6-12 years) could be a lentil soup with a side of whole-grain bread, or a tofu stir-fry with a variety of vegetables."
What are the key points of cross-contamination when preparing food for kids (6-12 years)?,"When it comes to cross-contamination for kids (6-12 years), it's important to always wash your hands before preparing food, cook meat to the proper temperature, and store leftovers in the refrigerator promptly."
What are some healthy breakfast for toddlers (1-3 years)?,"For toddlers (1-3 years), a healthy breakfast could include a source of protein like lean meat or beans, a whole grain like brown rice or quinoa, and a variety of colorful vegetables. For example, a grilled chicken salad or a black bean burger on a whole wheat bun."
What are some healthy lunch for kids (6-12 years)?,"For kids (6-12 years), a healthy lunch could include a source of protein like lean meat or beans, a whole grain like brown rice or quinoa, and a variety of colorful vegetables. For example, a grilled chicken salad or a black bean burger on a whole wheat bun."
What are some healthy lunch for toddlers (1-3 years)?,"For toddlers (1-3 years), a healthy lunch could include a source of protein like lean meat or beans, a whole grain like brown rice or quinoa, and a variety of colorful vegetables. For example, a grilled chicken salad or a black bean burger on a whole wheat bun."
My child is allergic to shellfish. What are some safe dinner for them?,"For a child with a shellfish allergy, it's crucial to avoid any foods containing that allergen. For dinner, a safe option could be a sunflower seed butter and jelly sandwich on gluten-free bread, or a rice pasta with a vegetable-based sauce."
What are some vegan lunch for teens (13-18 years)?,"A vegan lunch for teens (13-18 years) could be a lentil soup with a side of whole-grain bread, or a tofu stir-fry with a variety of vegetables."
Can you give me some information about the healthy snack ideas for kids (6-12 years)?,"The healthy snack ideas is especially important for kids (6-12 years). For example, it's recommended that they drink plenty of water throughout the day to stay hydrated and support their growing bodies."
What are some pescatarian breakfast for preschoolers (4-5 years)?,"A pescatarian breakfast for preschoolers (4-5 years) could be a lentil soup with a side of whole-grain bread, or a tofu stir-fry with a variety of vegetables."
What are some healthy snacks for kids (6-12 years)?,"For kids (6-12 years), a healthy snacks could include a source of protein like lean meat or beans, a whole grain like brown rice or quinoa, and a variety of colorful vegetables. For example, a grilled chicken salad or a black bean burger on a whole wheat bun."
What are some pescatarian dinner for kids (6-12 years)?,"A pescatarian dinner for kids (6-12 years) could be a lentil soup with a side of whole-grain bread, or a tofu stir-fry with a variety of vegetables."
What are some vegetarian breakfast for kids (6-12 years)?,"A vegetarian breakfast for kids (6-12 years) could be a lentil soup with a side of whole-grain bread, or a tofu stir-fry with a variety of vegetables."
Can you give me some information about the how to read nutrition labels for toddlers (1-3 years)?,"The how to read nutrition labels is especially important for toddlers (1-3 years). For example, it's recommended that they drink plenty of water throughout the day to stay hydrated and support their growing bodies."
How can I deal with patience with picky eaters in toddlers (1-3 years)?,"Dealing with patience with picky eaters in toddlers (1-3 years) can be challenging. One tip is to patience with picky eaters, for example, by creating a colorful plate or cutting sandwiches into fun shapes. It's also important to be patient and continue offering new foods without pressure."
Can you give me some information about the importance of hydration for toddlers (1-3 years)?,"The importance of hydration is especially important for toddlers (1-3 years). For example, it's recommended that they drink plenty of water throughout the day to stay hydrated and support their growing bodies."
My child is allergic to shellfish. What are some safe snacks for them?,"For a child with a shellfish allergy, it's crucial to avoid any foods containing that allergen. For snacks, a safe option could be a sunflower seed butter and jelly sandwich on gluten-free bread, or a rice pasta with a vegetable-based sauce."
What are some healthy lunch for toddlers (1-3 years)?,"For toddlers (1-3 years), a healthy lunch could include a source of protein like lean meat or beans, a whole grain like brown rice or quinoa, and a variety of colorful vegetables. For example, a grilled chicken salad or a black bean burger on a whole wheat bun."
How can I deal with patience with picky eaters in teens (13-18 years)?,"Dealing with patience with picky eaters in teens (13-18 years) can be challenging. One tip is to patience with picky eaters, for example, by creating a colorful plate or cutting sandwiches into fun shapes. It's also important to be patient and continue offering new foods without pressure."
Can you give me some information about the benefits of a balanced diet for preschoolers (4-5 years)?,"The benefits of a balanced diet is especially important for preschoolers (4-5 years). For example, it's recommended that they drink plenty of water throughout the day to stay hydrated and support their growing bodies."
Can you give me some information about the the food pyramid for toddlers (1-3 years)?,"The the food pyramid is especially important for toddlers (1-3 years). For example, it's recommended that they drink plenty of water throughout the day to stay hydrated and support their growing bodies."
Can you give me some information about the how to read nutrition labels for preschoolers (4-5 years)?,"The how to read nutrition labels is especially important for preschoolers (4-5 years). For example, it's recommended that they drink plenty of water throughout the day to stay hydrated and support their growing bodies."
My child is allergic to eggs. What are some safe dinner for them?,"For a child with a eggs allergy, it's crucial to avoid any foods containing that allergen. For dinner, a safe option could be a sunflower seed butter and jelly sandwich on gluten-free bread, or a rice pasta with a vegetable-based sauce."
My child is allergic to peanuts. What are some safe snacks for them?,"For a child with a peanuts allergy, it's crucial to avoid any foods containing that allergen. For snacks, a safe option could be a sunflower seed butter and jelly sandwich on gluten-free bread, or a rice pasta with a vegetable-based sauce."
My child is allergic to peanuts. What are some safe dinner for them?,"For a child with a peanuts allergy, it's crucial to avoid any foods containing that allergen. For dinner, a safe option could be a sunflower seed butter and jelly sandwich on gluten-free bread, or a rice pasta with a vegetable-based sauce."
How can I deal with making food fun in toddlers (1-3 years)?,"Dealing with making food fun in toddlers (1-3 years) can be challenging. One tip is to making food fun, for example, by creating a colorful plate or cutting sandwiches into fun shapes. It's also important to be patient and continue offering new foods without pressure."
What are the key points of cooking temperatures when preparing food for toddlers (1-3 years)?,"When it comes to cooking temperatures for toddlers (1-3 years), it's important to always wash your hands before preparing food, cook meat to the proper temperature, and store leftovers in the refrigerator promptly."
How can I deal with involving kids in cooking in preschoolers (4-5 years)?,"Dealing with involving kids in cooking in preschoolers (4-5 years) can be challenging. One tip is to involving kids in cooking, for example, by creating a colorful plate or cutting sandwiches into fun shapes. It's also important to be patient and continue offering new foods without pressure."
What are some vegan snacks for kids (6-12 years)?,"A vegan snacks for kids (6-12 years) could be a lentil soup with a side of whole-grain bread, or a tofu stir-fry with a variety of vegetables."
My child is allergic to dairy. What are some safe snacks for them?,"For a child with a dairy allergy, it's crucial to avoid any foods containing that allergen. For snacks, a safe option could be a sunflower seed butter and jelly sandwich on gluten-free bread, or a rice pasta with a vegetable-based sauce."
Can you give me some information about the benefits of a balanced diet for teens (13-18 years)?,"The benefits of a balanced diet is especially important for teens (13-18 years). For example, it's recommended that they drink plenty of water throughout the day to stay hydrated and support their growing bodies."
Can you give me some information about the healthy snack ideas for preschoolers (4-5 years)?,"The healthy snack ideas is especially important for preschoolers (4-5 years). For example, it's recommended that they drink plenty of water throughout the day to stay hydrated and support their growing bodies."
What are some healthy breakfast for preschoolers (4-5 years)?,"For preschoolers (4-5 years), a healthy breakfast could include a source of protein like lean meat or beans, a whole grain like brown rice or quinoa, and a variety of colorful vegetables. For example, a grilled chicken salad or a black bean burger on a whole wheat bun."
What are some healthy lunch for teens (13-18 years)?,"For teens (13-18 years), a healthy lunch could include a source of protein like lean meat or beans, a whole grain like brown rice or quinoa, and a variety of colorful vegetables. For example, a grilled chicken salad or a black bean burger on a whole wheat bun."
What are some healthy snacks for preschoolers (4-5 years)?,"For preschoolers (4-5 years), a healthy snacks could include a source of protein like lean meat or beans, a whole grain like brown rice or quinoa, and a variety of colorful vegetables. For example, a grilled chicken salad or a black bean burger on a whole wheat bun."
What are some pescatarian breakfast for preschoolers (4-5 years)?,"A pescatarian breakfast for preschoolers (4-5 years) could be a lentil soup with a side of whole-grain bread, or a tofu stir-fry with a variety of vegetables."
My child is allergic to eggs. What are some safe dinner for them?,"For a child with a eggs allergy, it's crucial to avoid any foods containing that allergen. For dinner, a safe option could be a sunflower seed butter and jelly sandwich on gluten-free bread, or a rice pasta with a vegetable-based sauce."
How can I deal with patience with picky eaters in preschoolers (4-5 years)?,"Dealing with patience with picky eaters in preschoolers (4-5 years) can be challenging. One tip is to patience with picky eaters, for example, by creating a colorful plate or cutting sandwiches into fun shapes. It's also important to be patient and continue offering new foods without pressure."
My child is allergic to eggs. What are some safe dinner for them?,"For a child with a eggs allergy, it's crucial to avoid any foods containing that allergen. For dinner, a safe option could be a sunflower seed butter and jelly sandwich on gluten-free bread, or a rice pasta with a vegetable-based sauce."
Can you give me some information about the importance of hydration for teens (13-18 years)?,"The importance of hydration is especially important for teens (13-18 years). For example, it's recommended that they drink plenty of water throughout the day to stay hydrated and support their growing bodies."
What are the key points of safe food storage when preparing food for teens (13-18 years)?,"When it comes to safe food storage for teens (13-18 years), it's important to always wash your hands before preparing food, cook meat to the proper temperature, and store leftovers in the refrigerator promptly."
Can you give me some information about the healthy snack ideas for kids (6-12 years)?,"The healthy snack ideas is especially important for kids (6-12 years). For example, it's recommended that they drink plenty of water throughout the day to stay hydrated and support their growing bodies."
What are some pescatarian lunch for preschoolers (4-5 years)?,"A pescatarian lunch for preschoolers (4-5 years) could be a lentil soup with a side of whole-grain bread, or a tofu stir-fry with a variety of vegetables."
How can I deal with making food fun in teens (13-18 years)?,"Dealing with making food fun in teens (13-18 years) can be challenging. One tip is to making food fun, for example, by creating a colorful plate or cutting sandwiches into fun shapes. It's also important to be patient and continue offering new foods without pressure."
Can you give me some information about the healthy snack ideas for teens (13-18 years)?,"The healthy snack ideas is especially important for teens (13-18 years). For example, it's recommended that they drink plenty of water throughout the day to stay hydrated and support their growing bodies."
What are some healthy snacks for toddlers (1-3 years)?,"For toddlers (1-3 years), a healthy snacks could include a source of protein like lean meat or beans, a whole grain like brown rice or quinoa, and a variety of colorful vegetables. For example, a grilled chicken salad or a black bean burger on a whole wheat bun."
What are some healthy dinner for preschoolers (4-5 years)?,"For preschoolers (4-5 years), a healthy dinner could include a source of protein like lean meat or beans, a whole grain like brown rice or quinoa, and a variety of colorful vegetables. For example, a grilled chicken salad or a black bean burger on a whole wheat bun."
What are the key points of cross-contamination when preparing food for preschoolers (4-5 years)?,"When it comes to cross-contamination for preschoolers (4-5 years), it's important to always wash your hands before preparing food, cook meat to the proper temperature, and store leftovers in the refrigerator promptly."
How can I deal with involving kids in cooking in preschoolers (4-5 years)?,"Dealing with involving kids in cooking in preschoolers (4-5 years) can be challenging. One tip is to involving kids in cooking, for example, by creating a colorful plate or cutting sandwiches into fun shapes. It's also important to be patient and continue offering new foods without pressure."
How can I deal with making food fun in kids (6-12 years)?,"Dealing with making food fun in kids (6-12 years) can be challenging. One tip is to making food fun, for example, by creating a colorful plate or cutting sandwiches into fun shapes. It's also important to be patient and continue offering new foods without pressure."
What are the key points of hand washing before meals when preparing food for toddlers (1-3 years)?,"When it comes to hand washing before meals for toddlers (1-3 years), it's important to always wash your hands before preparing food, cook meat to the proper temperature, and store leftovers in the refrigerator promptly."
What are the key points of safe food storage when preparing food for toddlers (1-3 years)?,"When it comes to safe food storage for toddlers (1-3 years), it's important to always wash your hands before preparing food, cook meat to the proper temperature, and store leftovers in the refrigerator promptly."
How can I deal with involving kids in cooking in preschoolers (4-5 years)?,"Dealing with involving kids in cooking in preschoolers (4-5 years) can be challenging. One tip is to involving kids in cooking, for example, by creating a colorful plate or cutting sandwiches into fun shapes. It's also important to be patient and continue offering new foods without pressure."
My child is allergic to dairy. What are some safe breakfast for them?,"For a child with a dairy allergy, it's crucial to avoid any foods containing that allergen. For breakfast, a safe option could be a sunflower seed butter and jelly sandwich on gluten-free bread, or a rice pasta with a vegetable-based sauce."
What are the key points of safe food storage when preparing food for kids (6-12 years)?,"When it comes to safe food storage for kids (6-12 years), it's important to always wash your hands before preparing food, cook meat to the proper temperature, and store leftovers in the refrigerator promptly."
Can you give me some information about the the food pyramid for kids (6-12 years)?,"The the food pyramid is especially important for kids (6-12 years). For example, it's recommended that they drink plenty of water throughout the day to stay hydrated and support their growing bodies."
My child is allergic to shellfish. What are some safe lunch for them?,"For a child with a shellfish allergy, it's crucial to avoid any foods containing that allergen. For lunch, a safe option could be a sunflower seed butter and jelly sandwich on gluten-free bread, or a rice pasta with a vegetable-based sauce."
My child is allergic to peanuts. What are some safe dinner for them?,"For a child with a peanuts allergy, it's crucial to avoid any foods containing that allergen. For dinner, a safe option could be a sunflower seed butter and jelly sandwich on gluten-free bread, or a rice pasta with a vegetable-based sauce."
What are some pescatarian snacks for teens (13-18 years)?,"A pescatarian snacks for teens (13-18 years) could be a lentil soup with a side of whole-grain bread, or a tofu stir-fry with a variety of vegetables."
How can I deal with making food fun in toddlers (1-3 years)?,"Dealing with making food fun in toddlers (1-3 years) can be challenging. One tip is to making food fun, for example, by creating a colorful plate or cutting sandwiches into fun shapes. It's also important to be patient and continue offering new foods without pressure."
Can you give me some information about the benefits of a balanced diet for preschoolers (4-5 years)?,"The benefits of a balanced diet is especially important for preschoolers (4-5 years). For example, it's recommended that they drink plenty of water throughout the day to stay hydrated and support their growing bodies."
How can I deal with involving kids in cooking in preschoolers (4-5 years)?,"Dealing with involving kids in cooking in preschoolers (4-5 years) can be challenging. One tip is to involving kids in cooking, for example, by creating a colorful plate or cutting sandwiches into fun shapes. It's also important to be patient and continue offering new foods without pressure."
What are the key points of hand washing before meals when preparing food for preschoolers (4-5 years)?,"When it comes to hand washing before meals for preschoolers (4-5 years), it's important to always wash your hands before preparing food, cook meat to the proper temperature, and store leftovers in the refrigerator promptly."
What are some pescatarian breakfast for teens (13-18 years)?,"A pescatarian breakfast for teens (13-18 years) could be a lentil soup with a side of whole-grain bread, or a tofu stir-fry with a variety of vegetables."
What are the key points of hand washing before meals when preparing food for preschoolers (4-5 years)?,"When it comes to hand washing before meals for preschoolers (4-5 years), it's important to always wash your hands before preparing food, cook meat to the proper temperature, and store leftovers in the refrigerator promptly."
What are some healthy breakfast for teens (13-18 years)?,"For teens (13-18 years), a healthy breakfast could include a source of protein like lean meat or beans, a whole grain like brown rice or quinoa, and a variety of colorful vegetables. For example, a grilled chicken salad or a black bean burger on a whole wheat bun."
How can I deal with involving kids in cooking in preschoolers (4-5 years)?,"Dealing with involving kids in cooking in preschoolers (4-5 years) can be challenging. One tip is to involving kids in cooking, for example, by creating a colorful plate or cutting sandwiches into fun shapes. It's also important to be patient and continue offering new foods without pressure."
What are some healthy breakfast for toddlers (1-3 years)?,"For toddlers (1-3 years), a healthy breakfast could include a source of protein like lean meat or beans, a whole grain like brown rice or quinoa, and a variety of colorful vegetables. For example, a grilled chicken salad or a black bean burger on a whole wheat bun."
What are the key points of cross-contamination when preparing food for kids (6-12 years)?,"When it comes to cross-contamination for kids (6-12 years), it's important to always wash your hands before preparing food, cook meat to the proper temperature, and store leftovers in the refrigerator promptly."
How can I deal with patience with picky eaters in teens (13-18 years)?,"Dealing with patience with picky eaters in teens (13-18 years) can be challenging. One tip is to patience with picky eaters, for example, by creating a colorful plate or cutting sandwiches into fun shapes. It's also important to be patient and continue offering new foods without pressure."
How can I deal with involving kids in cooking in teens (13-18 years)?,"Dealing with involving kids in cooking in teens (13-18 years) can be challenging. One tip is to involving kids in cooking, for example, by creating a colorful plate or cutting sandwiches into fun shapes. It's also important to be patient and continue offering new foods without pressure."
What are the key points of safe food storage when preparing food for toddlers (1-3 years)?,"When it comes to safe food storage for toddlers (1-3 years), it's important to always wash your hands before preparing food, cook meat to the proper temperature, and store leftovers in the refrigerator promptly."
My child is allergic to dairy. What are some safe dinner for them?,"For a child with a dairy allergy, it's crucial to avoid any foods containing that allergen. For dinner, a safe option could be a sunflower seed butter and jelly sandwich on gluten-free bread, or a rice pasta with a vegetable-based sauce."
What are some healthy snacks for toddlers (1-3 years)?,"For toddlers (1-3 years), a healthy snacks could include a source of protein like lean meat or beans, a whole grain like brown rice or quinoa, and a variety of colorful vegetables. For example, a grilled chicken salad or a black bean burger on a whole wheat bun."
Can you give me some information about the importance of hydration for kids (6-12 years)?,"The importance of hydration is especially important for kids (6-12 years). For example, it's recommended that they drink plenty of water throughout the day to stay hydrated and support their growing bodies."
Can you give me some information about the the food pyramid for preschoolers (4-5 years)?,"The the food pyramid is especially important for preschoolers (4-5 years). For example, it's recommended that they drink plenty of water throughout the day to stay hydrated and support their growing bodies."
What are the key points of cooking temperatures when preparing food for preschoolers (4-5 years)?,"When it comes to cooking temperatures for preschoolers (4-5 years), it's important to always wash your hands before preparing food, cook meat to the proper temperature, and store leftovers in the refrigerator promptly."
What are the key points of cooking temperatures when preparing food for teens (13-18 years)?,"When it comes to cooking temperatures for teens (13-18 years), it's important to always wash your hands before preparing food, cook meat to the proper temperature, and store leftovers in the refrigerator promptly."
What are the key points of hand washing before meals when preparing food for kids (6-12 years)?,"When it comes to hand washing before meals for kids (6-12 years), it's important to always wash your hands before preparing food, cook meat to the proper temperature, and store leftovers in the refrigerator promptly."
My child is allergic to gluten. What are some safe dinner for them?,"For a child with a gluten allergy, it's crucial to avoid any foods containing that allergen. For dinner, a safe option could be a sunflower seed butter and jelly sandwich on gluten-free bread, or a rice pasta with a vegetable-based sauce."
What are some pescatarian breakfast for teens (13-18 years)?,"A pescatarian breakfast for teens (13-18 years) could be a lentil soup with a side of whole-grain bread, or a tofu stir-fry with a variety of vegetables."
My child is allergic to gluten. What are some safe snacks for them?,"For a child with a gluten allergy, it's crucial to avoid any foods containing that allergen. For snacks, a safe option could be a sunflower seed butter and jelly sandwich on gluten-free bread, or a rice pasta with a vegetable-based sauce."
Can you give me some information about the healthy snack ideas for toddlers (1-3 years)?,"The healthy snack ideas is especially important for toddlers (1-3 years). For example, it's recommended that they drink plenty of water throughout the day to stay hydrated and support their growing bodies."
What are the key points of cross-contamination when preparing food for preschoolers (4-5 years)?,"When it comes to cross-contamination for preschoolers (4-5 years), it's important to always wash your hands before preparing food, cook meat to the proper temperature, and store leftovers in the refrigerator promptly."
What are the key points of cross-contamination when preparing food for kids (6-12 years)?,"When it comes to cross-contamination for kids (6-12 years), it's important to always wash your hands before preparing food, cook meat to the proper temperature, and store leftovers in the refrigerator promptly."
What are the key points of hand washing before meals when preparing food for preschoolers (4-5 years)?,"When it comes to hand washing before meals for preschoolers (4-5 years), it's important to always wash your hands before preparing food, cook meat to the proper temperature, and store leftovers in the refrigerator promptly."
What are some healthy lunch for toddlers (1-3 years)?,"For toddlers (1-3 years), a healthy lunch could include a source of protein like lean meat or beans, a whole grain like brown rice or quinoa, and a variety of colorful vegetables. For example, a grilled chicken salad or a black bean burger on a whole wheat bun."
What are some healthy snacks for teens (13-18 years)?,"For teens (13-18 years), a healthy snacks could include a source of protein like lean meat or beans, a whole grain like brown rice or quinoa, and a variety of colorful vegetables. For example, a grilled chicken salad or a black bean burger on a whole wheat bun."
What are the key points of cross-contamination when preparing food for toddlers (1-3 years)?,"When it comes to cross-contamination for toddlers (1-3 years), it's important to always wash your hands before preparing food, cook meat to the proper temperature, and store leftovers in the refrigerator promptly."
Can you give me some information about the the food pyramid for preschoolers (4-5 years)?,"The the food pyramid is especially important for preschoolers (4-5 years). For example, it's recommended that they drink plenty of water throughout the day to stay hydrated and support their growing bodies."
What are some healthy breakfast for toddlers (1-3 years)?,"For toddlers (1-3 years), a healthy breakfast could include a source of protein like lean meat or beans, a whole grain like brown rice or quinoa, and a variety of colorful vegetables. For example, a grilled chicken salad or a black bean burger on a whole wheat bun."
How can I deal with involving kids in cooking in preschoolers (4-5 years)?,"Dealing with involving kids in cooking in preschoolers (4-5 years) can be challenging. One tip is to involving kids in cooking, for example, by creating a colorful plate or cutting sandwiches into fun shapes. It's also important to be patient and continue offering new foods without pressure."
What are some healthy snacks for preschoolers (4-5 years)?,"For preschoolers (4-5 years), a healthy snacks could include a source of protein like lean meat or beans, a whole grain like brown rice or quinoa, and a variety of colorful vegetables. For example, a grilled chicken salad or a black bean burger on a whole wheat bun."
How can I deal with patience with picky eaters in preschoolers (4-5 years)?,"Dealing with patience with picky eaters in preschoolers (4-5 years) can be challenging. One tip is to patience with picky eaters, for example, by creating a colorful plate or cutting sandwiches into fun shapes. It's also important to be patient and continue offering new foods without pressure."
Can you give me some information about the the food pyramid for toddlers (1-3 years)?,"The the food pyramid is especially important for toddlers (1-3 years). For example, it's recommended that they drink plenty of water throughout the day to stay hydrated and support their growing bodies."
What are some healthy snacks for toddlers (1-3 years)?,"For toddlers (1-3 years), a healthy snacks could include a source of protein like lean meat or beans, a whole grain like brown rice or quinoa, and a variety of colorful vegetables. For example, a grilled chicken salad or a black bean burger on a whole wheat bun."
How can I deal with involving kids in cooking in teens (13-18 years)?,"Dealing with involving kids in cooking in teens (13-18 years) can be challenging. One tip is to involving kids in cooking, for example, by creating a colorful plate or cutting sandwiches into fun shapes. It's also important to be patient and continue offering new foods without pressure."
What are the key points of cross-contamination when preparing food for kids (6-12 years)?,"When it comes to cross-contamination for kids (6-12 years), it's important to always wash your hands before preparing food, cook meat to the proper temperature, and store leftovers in the refrigerator promptly."
How can I deal with making food fun in teens (13-18 years)?,"Dealing with making food fun in teens (13-18 years) can be challenging. One tip is to making food fun, for example, by creating a colorful plate or cutting sandwiches into fun shapes. It's also important to be patient and continue offering new foods without pressure."
Can you give me some information about the importance of hydration for teens (13-18 years)?,"The importance of hydration is especially important for teens (13-18 years). For example, it's recommended that they drink plenty of water throughout the day to stay hydrated and support their growing bodies."
What are some vegan breakfast for kids (6-12 years)?,"A vegan breakfast for kids (6-12 years) could be a lentil soup with a side of whole-grain bread, or a tofu stir-fry with a variety of vegetables."
How can I deal with patience with picky eaters in teens (13-18 years)?,"Dealing with patience with picky eaters in teens (13-18 years) can be challenging. One tip is to patience with picky eaters, for example, by creating a colorful plate or cutting sandwiches into fun shapes. It's also important to be patient and continue offering new foods without pressure."
What are some vegan dinner for kids (6-12 years)?,"A vegan dinner for kids (6-12 years) could be a lentil soup with a side of whole-grain bread, or a tofu stir-fry with a variety of vegetables."
My child is allergic to shellfish. What are some safe dinner for them?,"For a child with a shellfish allergy, it's crucial to avoid any foods containing that allergen. For dinner, a safe option could be a sunflower seed butter and jelly sandwich on gluten-free bread, or a rice pasta with a vegetable-based sauce."
Can you give me some information about the the food pyramid for preschoolers (4-5 years)?,"The the food pyramid is especially important for preschoolers (4-5 years). For example, it's recommended that they drink plenty of water throughout the day to stay hydrated and support their growing bodies."
What are some healthy lunch for toddlers (1-3 years)?,"For toddlers (1-3 years), a healthy lunch could include a source of protein like lean meat or beans, a whole grain like brown rice or quinoa, and a variety of colorful vegetables. For example, a grilled chicken salad or a black bean burger on a whole wheat bun."
How can I deal with how to introduce new foods in preschoolers (4-5 years)?,"Dealing with how to introduce new foods in preschoolers (4-5 years) can be challenging. One tip is to how to introduce new foods, for example, by creating a colorful plate or cutting sandwiches into fun shapes. It's also important to be patient and continue offering new foods without pressure."
What are some pescatarian breakfast for toddlers (1-3 years)?,"A pescatarian breakfast for toddlers (1-3 years) could be a lentil soup with a side of whole-grain bread, or a tofu stir-fry with a variety of vegetables."
My child is allergic to eggs. What are some safe breakfast for them?,"For a child with a eggs allergy, it's crucial to avoid any foods containing that allergen. For breakfast, a safe option could be a sunflower seed butter and jelly sandwich on gluten-free bread, or a rice pasta with a vegetable-based sauce."
What are the key points of safe food storage when preparing food for kids (6-12 years)?,"When it comes to safe food storage for kids (6-12 years), it's important to always wash your hands before preparing food, cook meat to the proper temperature, and store leftovers in the refrigerator promptly."
How can I deal with how to introduce new foods in toddlers (1-3 years)?,"Dealing with how to introduce new foods in toddlers (1-3 years) can be challenging. One tip is to how to introduce new foods, for example, by creating a colorful plate or cutting sandwiches into fun shapes. It's also important to be patient and continue offering new foods without pressure."
How can I deal with involving kids in cooking in toddlers (1-3 years)?,"Dealing with involving kids in cooking in toddlers (1-3 years) can be challenging. One tip is to involving kids in cooking, for example, by creating a colorful plate or cutting sandwiches into fun shapes. It's also important to be patient and continue offering new foods without pressure."
How can I deal with involving kids in cooking in kids (6-12 years)?,"Dealing with involving kids in cooking in kids (6-12 years) can be challenging. One tip is to involving kids in cooking, for example, by creating a colorful plate or cutting sandwiches into fun shapes. It's also important to be patient and continue offering new foods without pressure."
My child is allergic to eggs. What are some safe lunch for them?,"For a child with a eggs allergy, it's crucial to avoid any foods containing that allergen. For lunch, a safe option could be a sunflower seed butter and jelly sandwich on gluten-free bread, or a rice pasta with a vegetable-based sauce."
Can you give me some information about the benefits of a balanced diet for kids (6-12 years)?,"The benefits of a balanced diet is especially important for kids (6-12 years). For example, it's recommended that they drink plenty of water throughout the day to stay hydrated and support their growing bodies."
Can you give me some information about the healthy snack ideas for kids (6-12 years)?,"The healthy snack ideas is especially important for kids (6-12 years). For example, it's recommended that they drink plenty of water throughout the day to stay hydrated and support their growing bodies."
My child is allergic to shellfish. What are some safe breakfast for them?,"For a child with a shellfish allergy, it's crucial to avoid any foods containing that allergen. For breakfast, a safe option could be a sunflower seed butter and jelly sandwich on gluten-free bread, or a rice pasta with a vegetable-based sauce."
Can you give me some information about the healthy snack ideas for preschoolers (4-5 years)?,"The healthy snack ideas is especially important for preschoolers (4-5 years). For example, it's recommended that they drink plenty of water throughout the day to stay hydrated and support their growing bodies."
What are some healthy snacks for kids (6-12 years)?,"For kids (6-12 years), a healthy snacks could include a source of protein like lean meat or beans, a whole grain like brown rice or quinoa, and a variety of colorful vegetables. For example, a grilled chicken salad or a black bean burger on a whole wheat bun."
My child is allergic to gluten. What are some safe dinner for them?,"For a child with a gluten allergy, it's crucial to avoid any foods containing that allergen. For dinner, a safe option could be a sunflower seed butter and jelly sandwich on gluten-free bread, or a rice pasta with a vegetable-based sauce."
What are some healthy lunch for kids (6-12 years)?,"For kids (6-12 years), a healthy lunch could include a source of protein like lean meat or beans, a whole grain like brown rice or quinoa, and a variety of colorful vegetables. For example, a grilled chicken salad or a black bean burger on a whole wheat bun."
What are the key points of cross-contamination when preparing food for toddlers (1-3 years)?,"When it comes to cross-contamination for toddlers (1-3 years), it's important to always wash your hands before preparing food, cook meat to the proper temperature, and store leftovers in the refrigerator promptly."
What are the key points of cross-contamination when preparing food for kids (6-12 years)?,"When it comes to cross-contamination for kids (6-12 years), it's important to always wash your hands before preparing food, cook meat to the proper temperature, and store leftovers in the refrigerator promptly."
What are some pescatarian dinner for preschoolers (4-5 years)?,"A pescatarian dinner for preschoolers (4-5 years) could be a lentil soup with a side of whole-grain bread, or a tofu stir-fry with a variety of vegetables."
What are some vegan snacks for preschoolers (4-5 years)?,"A vegan snacks for preschoolers (4-5 years) could be a lentil soup with a side of whole-grain bread, or a tofu stir-fry with a variety of vegetables."
What are some vegetarian breakfast for preschoolers (4-5 years)?,"A vegetarian breakfast for preschoolers (4-5 years) could be a lentil soup with a side of whole-grain bread, or a tofu stir-fry with a variety of vegetables."
My child is allergic to gluten. What are some safe breakfast for them?,"For a child with a gluten allergy, it's crucial to avoid any foods containing that allergen. For breakfast, a safe option could be a sunflower seed butter and jelly sandwich on gluten-free bread, or a rice pasta with a vegetable-based sauce."
Can you give me some information about the the food pyramid for kids (6-12 years)?,"The the food pyramid is especially important for kids (6-12 years). For example, it's recommended that they drink plenty of water throughout the day to stay hydrated and support their growing bodies."
Can you give me some information about the the food pyramid for toddlers (1-3 years)?,"The the food pyramid is especially important for toddlers (1-3 years). For example, it's recommended that they drink plenty of water throughout the day to stay hydrated and support their growing bodies."
My child is allergic to gluten. What are some safe lunch for them?,"For a child with a gluten allergy, it's crucial to avoid any foods containing that allergen. For lunch, a safe option could be a sunflower seed butter and jelly sandwich on gluten-free bread, or a rice pasta with a vegetable-based sauce."
My child is allergic to peanuts. What are some safe dinner for them?,"For a child with a peanuts allergy, it's crucial to avoid any foods containing that allergen. For dinner, a safe option could be a sunflower seed butter and jelly sandwich on gluten-free bread, or a rice pasta with a vegetable-based sauce."
How can I deal with patience with picky eaters in toddlers (1-3 years)?,"Dealing with patience with picky eaters in toddlers (1-3 years) can be challenging. One tip is to patience with picky eaters, for example, by creating a colorful plate or cutting sandwiches into fun shapes. It's also important to be patient and continue offering new foods without pressure."
What are some vegetarian lunch for kids (6-12 years)?,"A vegetarian lunch for kids (6-12 years) could be a lentil soup with a side of whole-grain bread, or a tofu stir-fry with a variety of vegetables."
What are the key points of safe food storage when preparing food for toddlers (1-3 years)?,"When it comes to safe food storage for toddlers (1-3 years), it's important to always wash your hands before preparing food, cook meat to the proper temperature, and store leftovers in the refrigerator promptly."
What are some healthy lunch for kids (6-12 years)?,"For kids (6-12 years), a healthy lunch could include a source of protein like lean meat or beans, a whole grain like brown rice or quinoa, and a variety of colorful vegetables. For example, a grilled chicken salad or a black bean burger on a whole wheat bun."
What are the key points of hand washing before meals when preparing food for teens (13-18 years)?,"When it comes to hand washing before meals for teens (13-18 years), it's important to always wash your hands before preparing food, cook meat to the proper temperature, and store leftovers in the refrigerator promptly."
What are the key points of cross-contamination when preparing food for toddlers (1-3 years)?,"When it comes to cross-contamination for toddlers (1-3 years), it's important to always wash your hands before preparing food, cook meat to the proper temperature, and store leftovers in the refrigerator promptly."
My child is allergic to eggs. What are some safe dinner for them?,"For a child with a eggs allergy, it's crucial to avoid any foods containing that allergen. For dinner, a safe option could be a sunflower seed butter and jelly sandwich on gluten-free bread, or a rice pasta with a vegetable-based sauce."
What are the key points of cooking temperatures when preparing food for toddlers (1-3 years)?,"When it comes to cooking temperatures for toddlers (1-3 years), it's important to always wash your hands before preparing food, cook meat to the proper temperature, and store leftovers in the refrigerator promptly."
My child is allergic to peanuts. What are some safe snacks for them?,"For a child with a peanuts allergy, it's crucial to avoid any foods containing that allergen. For snacks, a safe option could be a sunflower seed butter and jelly sandwich on gluten-free bread, or a rice pasta with a vegetable-based sauce."
What are the key points of cross-contamination when preparing food for kids (6-12 years)?,"When it comes to cross-contamination for kids (6-12 years), it's important to always wash your hands before preparing food, cook meat to the proper temperature, and store leftovers in the refrigerator promptly."
What are some vegetarian dinner for teens (13-18 years)?,"A vegetarian dinner for teens (13-18 years) could be a lentil soup with a side of whole-grain bread, or a tofu stir-fry with a variety of vegetables."
How can I deal with involving kids in cooking in teens (13-18 years)?,"Dealing with involving kids in cooking in teens (13-18 years) can be challenging. One tip is to involving kids in cooking, for example, by creating a colorful plate or cutting sandwiches into fun shapes. It's also important to be patient and continue offering new foods without pressure."
Can you give me some information about the importance of hydration for toddlers (1-3 years)?,"The importance of hydration is especially important for toddlers (1-3 years). For example, it's recommended that they drink plenty of water throughout the day to stay hydrated and support their growing bodies."
What are some vegan breakfast for preschoolers (4-5 years)?,"A vegan breakfast for preschoolers (4-5 years) could be a lentil soup with a side of whole-grain bread, or a tofu stir-fry with a variety of vegetables."
How can I deal with making food fun in preschoolers (4-5 years)?,"Dealing with making food fun in preschoolers (4-5 years) can be challenging. One tip is to making food fun, for example, by creating a colorful plate or cutting sandwiches into fun shapes. It's also important to be patient and continue offering new foods without pressure."
What are some vegan snacks for preschoolers (4-5 years)?,"A vegan snacks for preschoolers (4-5 years) could be a lentil soup with a side of whole-grain bread, or a tofu stir-fry with a variety of vegetables."
My child is allergic to eggs. What are some safe breakfast for them?,"For a child with a eggs allergy, it's crucial to avoid any foods containing that allergen. For breakfast, a safe option could be a sunflower seed butter and jelly sandwich on gluten-free bread, or a rice pasta with a vegetable-based sauce."
How can I deal with how to introduce new foods in preschoolers (4-5 years)?,"Dealing with how to introduce new foods in preschoolers (4-5 years) can be challenging. One tip is to how to introduce new foods, for example, by creating a colorful plate or cutting sandwiches into fun shapes. It's also important to be patient and continue offering new foods without pressure."
What are some healthy snacks for preschoolers (4-5 years)?,"For preschoolers (4-5 years), a healthy snacks could include a source of protein like lean meat or beans, a whole grain like brown rice or quinoa, and a variety of colorful vegetables. For example, a grilled chicken salad or a black bean burger on a whole wheat bun."
What are some healthy dinner for preschoolers (4-5 years)?,"For preschoolers (4-5 years), a healthy dinner could include a source of protein like lean meat or beans, a whole grain like brown rice or quinoa, and a variety of colorful vegetables. For example, a grilled chicken salad or a black bean burger on a whole wheat bun."
What are some pescatarian dinner for teens (13-18 years)?,"A pescatarian dinner for teens (13-18 years) could be a lentil soup with a side of whole-grain bread, or a tofu stir-fry with a variety of vegetables."
How can I deal with how to introduce new foods in preschoolers (4-5 years)?,"Dealing with how to introduce new foods in preschoolers (4-5 years) can be challenging. One tip is to how to introduce new foods, for example, by creating a colorful plate or cutting sandwiches into fun shapes. It's also important to be patient and continue offering new foods without pressure."
What are some vegan snacks for preschoolers (4-5 years)?,"A vegan snacks for preschoolers (4-5 years) could be a lentil soup with a side of whole-grain bread, or a tofu stir-fry with a variety of vegetables."
What are some vegan dinner for teens (13-18 years)?,"A vegan dinner for teens (13-18 years) could be a lentil soup with a side of whole-grain bread, or a tofu stir-fry with a variety of vegetables."
Can you give me some information about the importance of hydration for kids (6-12 years)?,"The importance of hydration is especially important for kids (6-12 years). For example, it's recommended that they drink plenty of water throughout the day to stay hydrated and support their growing bodies."
How can I deal with patience with picky eaters in preschoolers (4-5 years)?,"Dealing with patience with picky eaters in preschoolers (4-5 years) can be challenging. One tip is to patience with picky eaters, for example, by creating a colorful plate or cutting sandwiches into fun shapes. It's also important to be patient and continue offering new foods without pressure."
Can you give me some information about the healthy snack ideas for toddlers (1-3 years)?,"The healthy snack ideas is especially important for toddlers (1-3 years). For example, it's recommended that they drink plenty of water throughout the day to stay hydrated and support their growing bodies."
What are the key points of safe food storage when preparing food for teens (13-18 years)?,"When it comes to safe food storage for teens (13-18 years), it's important to always wash your hands before preparing food, cook meat to the proper temperature, and store leftovers in the refrigerator promptly."
What are some healthy snacks for teens (13-18 years)?,"For teens (13-18 years), a healthy snacks could include a source of protein like lean meat or beans, a whole grain like brown rice or quinoa, and a variety of colorful vegetables. For example, a grilled chicken salad or a black bean burger on a whole wheat bun."
What are some vegan breakfast for teens (13-18 years)?,"A vegan breakfast for teens (13-18 years) could be a lentil soup with a side of whole-grain bread, or a tofu stir-fry with a variety of vegetables."
Can you give me some information about the importance of hydration for teens (13-18 years)?,"The importance of hydration is especially important for teens (13-18 years). For example, it's recommended that they drink plenty of water throughout the day to stay hydrated and support their growing bodies."
My child is allergic to peanuts. What are some safe snacks for them?,"For a child with a peanuts allergy, it's crucial to avoid any foods containing that allergen. For snacks, a safe option could be a sunflower seed butter and jelly sandwich on gluten-free bread, or a rice pasta with a vegetable-based sauce."
What are some vegan breakfast for toddlers (1-3 years)?,"A vegan breakfast for toddlers (1-3 years) could be a lentil soup with a side of whole-grain bread, or a tofu stir-fry with a variety of vegetables."
Can you give me some information about the importance of hydration for teens (13-18 years)?,"The importance of hydration is especially important for teens (13-18 years). For example, it's recommended that they drink plenty of water throughout the day to stay hydrated and support their growing bodies."
What are some vegetarian lunch for kids (6-12 years)?,"A vegetarian lunch for kids (6-12 years) could be a lentil soup with a side of whole-grain bread, or a tofu stir-fry with a variety of vegetables."
Can you give me some information about the the food pyramid for preschoolers (4-5 years)?,"The the food pyramid is especially important for preschoolers (4-5 years). For example, it's recommended that they drink plenty of water throughout the day to stay hydrated and support their growing bodies."
What are some healthy lunch for toddlers (1-3 years)?,"For toddlers (1-3 years), a healthy lunch could include a source of protein like lean meat or beans, a whole grain like brown rice or quinoa, and a variety of colorful vegetables. For example, a grilled chicken salad or a black bean burger on a whole wheat bun."
How can I deal with involving kids in cooking in kids (6-12 years)?,"Dealing with involving kids in cooking in kids (6-12 years) can be challenging. One tip is to involving kids in cooking, for example, by creating a colorful plate or cutting sandwiches into fun shapes. It's also important to be patient and continue offering new foods without pressure."
What are some healthy breakfast for preschoolers (4-5 years)?,"For preschoolers (4-5 years), a healthy breakfast could include a source of protein like lean meat or beans, a whole grain like brown rice or quinoa, and a variety of colorful vegetables. For example, a grilled chicken salad or a black bean burger on a whole wheat bun."
My child is allergic to peanuts. What are some safe snacks for them?,"For a child with a peanuts allergy, it's crucial to avoid any foods containing that allergen. For snacks, a safe option could be a sunflower seed butter and jelly sandwich on gluten-free bread, or a rice pasta with a vegetable-based sauce."
Can you give me some information about the the food pyramid for teens (13-18 years)?,"The the food pyramid is especially important for teens (13-18 years). For example, it's recommended that they drink plenty of water throughout the day to stay hydrated and support their growing bodies."
My child is allergic to peanuts. What are some safe snacks for them?,"For a child with a peanuts allergy, it's crucial to avoid any foods containing that allergen. For snacks, a safe option could be a sunflower seed butter and jelly sandwich on gluten-free bread, or a rice pasta with a vegetable-based sauce."
What are some healthy snacks for teens (13-18 years)?,"For teens (13-18 years), a healthy snacks could include a source of protein like lean meat or beans, a whole grain like brown rice or quinoa, and a variety of colorful vegetables. For example, a grilled chicken salad or a black bean burger on a whole wheat bun."
What are some healthy breakfast for kids (6-12 years)?,"For kids (6-12 years), a healthy breakfast could include a source of protein like lean meat or beans, a whole grain like brown rice or quinoa, and a variety of colorful vegetables. For example, a grilled chicken salad or a black bean burger on a whole wheat bun."
What are the key points of cooking temperatures when preparing food for teens (13-18 years)?,"When it comes to cooking temperatures for teens (13-18 years), it's important to always wash your hands before preparing food, cook meat to the proper temperature, and store leftovers in the refrigerator promptly."
My child is allergic to dairy. What are some safe lunch for them?,"For a child with a dairy allergy, it's crucial to avoid any foods containing that allergen. For lunch, a safe option could be a sunflower seed butter and jelly sandwich on gluten-free bread, or a rice pasta with a vegetable-based sauce."
What are some pescatarian snacks for kids (6-12 years)?,"A pescatarian snacks for kids (6-12 years) could be a lentil soup with a side of whole-grain bread, or a tofu stir-fry with a variety of vegetables."
What are some healthy snacks for toddlers (1-3 years)?,"For toddlers (1-3 years), a healthy snacks could include a source of protein like lean meat or beans, a whole grain like brown rice or quinoa, and a variety of colorful vegetables. For example, a grilled chicken salad or a black bean burger on a whole wheat bun."
What are the key points of hand washing before meals when preparing food for preschoolers (4-5 years)?,"When it comes to hand washing before meals for preschoolers (4-5 years), it's important to always wash your hands before preparing food, cook meat to the proper temperature, and store leftovers in the refrigerator promptly."
What are some vegan lunch for kids (6-12 years)?,"A vegan lunch for kids (6-12 years) could be a lentil soup with a side of whole-grain bread, or a tofu stir-fry with a variety of vegetables."
What are the key points of cooking temperatures when preparing food for preschoolers (4-5 years)?,"When it comes to cooking temperatures for preschoolers (4-5 years), it's important to always wash your hands before preparing food, cook meat to the proper temperature, and store leftovers in the refrigerator promptly."
How can I deal with how to introduce new foods in toddlers (1-3 years)?,"Dealing with how to introduce new foods in toddlers (1-3 years) can be challenging. One tip is to how to introduce new foods, for example, by creating a colorful plate or cutting sandwiches into fun shapes. It's also important to be patient and continue offering new foods without pressure."
What are some vegetarian lunch for teens (13-18 years)?,"A vegetarian lunch for teens (13-18 years) could be a lentil soup with a side of whole-grain bread, or a tofu stir-fry with a variety of vegetables."
My child is allergic to dairy. What are some safe breakfast for them?,"For a child with a dairy allergy, it's crucial to avoid any foods containing that allergen. For breakfast, a safe option could be a sunflower seed butter and jelly sandwich on gluten-free bread, or a rice pasta with a vegetable-based sauce."
Can you give me some information about the healthy snack ideas for teens (13-18 years)?,"The healthy snack ideas is especially important for teens (13-18 years). For example, it's recommended that they drink plenty of water throughout the day to stay hydrated and support their growing bodies."
My child is allergic to shellfish. What are some safe snacks for them?,"For a child with a shellfish allergy, it's crucial to avoid any foods containing that allergen. For snacks, a safe option could be a sunflower seed butter and jelly sandwich on gluten-free bread, or a rice pasta with a vegetable-based sauce."
What are some pescatarian lunch for teens (13-18 years)?,"A pescatarian lunch for teens (13-18 years) could be a lentil soup with a side of whole-grain bread, or a tofu stir-fry with a variety of vegetables."
What are the key points of hand washing before meals when preparing food for toddlers (1-3 years)?,"When it comes to hand washing before meals for toddlers (1-3 years), it's important to always wash your hands before preparing food, cook meat to the proper temperature, and store leftovers in the refrigerator promptly."
Can you give me some information about the how to read nutrition labels for toddlers (1-3 years)?,"The how to read nutrition labels is especially important for toddlers (1-3 years). For example, it's recommended that they drink plenty of water throughout the day to stay hydrated and support their growing bodies."
What are the key points of hand washing before meals when preparing food for toddlers (1-3 years)?,"When it comes to hand washing before meals for toddlers (1-3 years), it's important to always wash your hands before preparing food, cook meat to the proper temperature, and store leftovers in the refrigerator promptly."
My child is allergic to eggs. What are some safe snacks for them?,"For a child with a eggs allergy, it's crucial to avoid any foods containing that allergen. For snacks, a safe option could be a sunflower seed butter and jelly sandwich on gluten-free bread, or a rice pasta with a vegetable-based sauce."
How can I deal with how to introduce new foods in preschoolers (4-5 years)?,"Dealing with how to introduce new foods in preschoolers (4-5 years) can be challenging. One tip is to how to introduce new foods, for example, by creating a colorful plate or cutting sandwiches into fun shapes. It's also important to be patient and continue offering new foods without pressure."
What are some healthy dinner for kids (6-12 years)?,"For kids (6-12 years), a healthy dinner could include a source of protein like lean meat or beans, a whole grain like brown rice or quinoa, and a variety of colorful vegetables. For example, a grilled chicken salad or a black bean burger on a whole wheat bun."
What are some vegetarian lunch for toddlers (1-3 years)?,"A vegetarian lunch for toddlers (1-3 years) could be a lentil soup with a side of whole-grain bread, or a tofu stir-fry with a variety of vegetables."
My child is allergic to dairy. What are some safe lunch for them?,"For a child with a dairy allergy, it's crucial to avoid any foods containing that allergen. For lunch, a safe option could be a sunflower seed butter and jelly sandwich on gluten-free bread, or a rice pasta with a vegetable-based sauce."
What are the key points of cross-contamination when preparing food for teens (13-18 years)?,"When it comes to cross-contamination for teens (13-18 years), it's important to always wash your hands before preparing food, cook meat to the proper temperature, and store leftovers in the refrigerator promptly."
How can I deal with making food fun in toddlers (1-3 years)?,"Dealing with making food fun in toddlers (1-3 years) can be challenging. One tip is to making food fun, for example, by creating a colorful plate or cutting sandwiches into fun shapes. It's also important to be patient and continue offering new foods without pressure."
My child is allergic to shellfish. What are some safe dinner for them?,"For a child with a shellfish allergy, it's crucial to avoid any foods containing that allergen. For dinner, a safe option could be a sunflower seed butter and jelly sandwich on gluten-free bread, or a rice pasta with a vegetable-based sauce."
Can you give me some information about the benefits of a balanced diet for toddlers (1-3 years)?,"The benefits of a balanced diet is especially important for toddlers (1-3 years). For example, it's recommended that they drink plenty of water throughout the day to stay hydrated and support their growing bodies."
How can I deal with involving kids in cooking in kids (6-12 years)?,"Dealing with involving kids in cooking in kids (6-12 years) can be challenging. One tip is to involving kids in cooking, for example, by creating a colorful plate or cutting sandwiches into fun shapes. It's also important to be patient and continue offering new foods without pressure."
Can you give me some information about the benefits of a balanced diet for teens (13-18 years)?,"The benefits of a balanced diet is especially important for teens (13-18 years). For example, it's recommended that they drink plenty of water throughout the day to stay hydrated and support their growing bodies."
How can I deal with making food fun in teens (13-18 years)?,"Dealing with making food fun in teens (13-18 years) can be challenging. One tip is to making food fun, for example, by creating a colorful plate or cutting sandwiches into fun shapes. It's also important to be patient and continue offering new foods without pressure."
My child is allergic to eggs. What are some safe snacks for them?,"For a child with a eggs allergy, it's crucial to avoid any foods containing that allergen. For snacks, a safe option could be a sunflower seed butter and jelly sandwich on gluten-free bread, or a rice pasta with a vegetable-based sauce."
What are the key points of cooking temperatures when preparing food for toddlers (1-3 years)?,"When it comes to cooking temperatures for toddlers (1-3 years), it's important to always wash your hands before preparing food, cook meat to the proper temperature, and store leftovers in the refrigerator promptly."
Can you give me some information about the importance of hydration for teens (13-18 years)?,"The importance of hydration is especially important for teens (13-18 years). For example, it's recommended that they drink plenty of water throughout the day to stay hydrated and support their growing bodies."
What are some healthy breakfast for teens (13-18 years)?,"For teens (13-18 years), a healthy breakfast could include a source of protein like lean meat or beans, a whole grain like brown rice or quinoa, and a variety of colorful vegetables. For example, a grilled chicken salad or a black bean burger on a whole wheat bun."
My child is allergic to eggs. What are some safe snacks for them?,"For a child with a eggs allergy, it's crucial to avoid any foods containing that allergen. For snacks, a safe option could be a sunflower seed butter and jelly sandwich on gluten-free bread, or a rice pasta with a vegetable-based sauce."
What are the key points of cooking temperatures when preparing food for kids (6-12 years)?,"When it comes to cooking temperatures for kids (6-12 years), it's important to always wash your hands before preparing food, cook meat to the proper temperature, and store leftovers in the refrigerator promptly."
Can you give me some information about the benefits of a balanced diet for preschoolers (4-5 years)?,"The benefits of a balanced diet is especially important for preschoolers (4-5 years). For example, it's recommended that they drink plenty of water throughout the day to stay hydrated and support their growing bodies."
What are some healthy breakfast for teens (13-18 years)?,"For teens (13-18 years), a healthy breakfast could include a source of protein like lean meat or beans, a whole grain like brown rice or quinoa, and a variety of colorful vegetables. For example, a grilled chicken salad or a black bean burger on a whole wheat bun."
What are some healthy lunch for preschoolers (4-5 years)?,"For preschoolers (4-5 years), a healthy lunch could include a source of protein like lean meat or beans, a whole grain like brown rice or quinoa, and a variety of colorful vegetables. For example, a grilled chicken salad or a black bean burger on a whole wheat bun."
What are the key points of safe food storage when preparing food for teens (13-18 years)?,"When it comes to safe food storage for teens (13-18 years), it's important to always wash your hands before preparing food, cook meat to the proper temperature, and store leftovers in the refrigerator promptly."
What are the key points of hand washing before meals when preparing food for preschoolers (4-5 years)?,"When it comes to hand washing before meals for preschoolers (4-5 years), it's important to always wash your hands before preparing food, cook meat to the proper temperature, and store leftovers in the refrigerator promptly."
How can I deal with how to introduce new foods in kids (6-12 years)?,"Dealing with how to introduce new foods in kids (6-12 years) can be challenging. One tip is to how to introduce new foods, for example, by creating a colorful plate or cutting sandwiches into fun shapes. It's also important to be patient and continue offering new foods without pressure."
What are the key points of cross-contamination when preparing food for kids (6-12 years)?,"When it comes to cross-contamination for kids (6-12 years), it's important to always wash your hands before preparing food, cook meat to the proper temperature, and store leftovers in the refrigerator promptly."
What are some vegetarian dinner for toddlers (1-3 years)?,"A vegetarian dinner for toddlers (1-3 years) could be a lentil soup with a side of whole-grain bread, or a tofu stir-fry with a variety of vegetables."
What are the key points of hand washing before meals when preparing food for teens (13-18 years)?,"When it comes to hand washing before meals for teens (13-18 years), it's important to always wash your hands before preparing food, cook meat to the proper temperature, and store leftovers in the refrigerator promptly."
How can I deal with involving kids in cooking in preschoolers (4-5 years)?,"Dealing with involving kids in cooking in preschoolers (4-5 years) can be challenging. One tip is to involving kids in cooking, for example, by creating a colorful plate or cutting sandwiches into fun shapes. It's also important to be patient and continue offering new foods without pressure."
Can you give me some information about the importance of hydration for preschoolers (4-5 years)?,"The importance of hydration is especially important for preschoolers (4-5 years). For example, it's recommended that they drink plenty of water throughout the day to stay hydrated and support their growing bodies."
Can you give me some information about the importance of hydration for preschoolers (4-5 years)?,"The importance of hydration is especially important for preschoolers (4-5 years). For example, it's recommended that they drink plenty of water throughout the day to stay hydrated and support their growing bodies."
How can I deal with patience with picky eaters in preschoolers (4-5 years)?,"Dealing with patience with picky eaters in preschoolers (4-5 years) can be challenging. One tip is to patience with picky eaters, for example, by creating a colorful plate or cutting sandwiches into fun shapes. It's also important to be patient and continue offering new foods without pressure."
My child is allergic to peanuts. What are some safe breakfast for them?,"For a child with a peanuts allergy, it's crucial to avoid any foods containing that allergen. For breakfast, a safe option could be a sunflower seed butter and jelly sandwich on gluten-free bread, or a rice pasta with a vegetable-based sauce."
Can you give me some information about the importance of hydration for kids (6-12 years)?,"The importance of hydration is especially important for kids (6-12 years). For example, it's recommended that they drink plenty of water throughout the day to stay hydrated and support their growing bodies."
My child is allergic to peanuts. What are some safe lunch for them?,"For a child with a peanuts allergy, it's crucial to avoid any foods containing that allergen. For lunch, a safe option could be a sunflower seed butter and jelly sandwich on gluten-free bread, or a rice pasta with a vegetable-based sauce."
Can you give me some information about the the food pyramid for toddlers (1-3 years)?,"The the food pyramid is especially important for toddlers (1-3 years). For example, it's recommended that they drink plenty of water throughout the day to stay hydrated and support their growing bodies."
My child is allergic to eggs. What are some safe dinner for them?,"For a child with a eggs allergy, it's crucial to avoid any foods containing that allergen. For dinner, a safe option could be a sunflower seed butter and jelly sandwich on gluten-free bread, or a rice pasta with a vegetable-based sauce."
Can you give me some information about the healthy snack ideas for preschoolers (4-5 years)?,"The healthy snack ideas is especially important for preschoolers (4-5 years). For example, it's recommended that they drink plenty of water throughout the day to stay hydrated and support their growing bodies."
What are some pescatarian snacks for kids (6-12 years)?,"A pescatarian snacks for kids (6-12 years) could be a lentil soup with a side of whole-grain bread, or a tofu stir-fry with a variety of vegetables."
My child is allergic to gluten. What are some safe lunch for them?,"For a child with a gluten allergy, it's crucial to avoid any foods containing that allergen. For lunch, a safe option could be a sunflower seed butter and jelly sandwich on gluten-free bread, or a rice pasta with a vegetable-based sauce."
My child is allergic to eggs. What are some safe dinner for them?,"For a child with a eggs allergy, it's crucial to avoid any foods containing that allergen. For dinner, a safe option could be a sunflower seed butter and jelly sandwich on gluten-free bread, or a rice pasta with a vegetable-based sauce."
What are some pescatarian snacks for toddlers (1-3 years)?,"A pescatarian snacks for toddlers (1-3 years) could be a lentil soup with a side of whole-grain bread, or a tofu stir-fry with a variety of vegetables."
What are some vegan dinner for teens (13-18 years)?,"A vegan dinner for teens (13-18 years) could be a lentil soup with a side of whole-grain bread, or a tofu stir-fry with a variety of vegetables."
Can you give me some information about the importance of hydration for teens (13-18 years)?,"The importance of hydration is especially important for teens (13-18 years). For example, it's recommended that they drink plenty of water throughout the day to stay hydrated and support their growing bodies."
How can I deal with involving kids in cooking in toddlers (1-3 years)?,"Dealing with involving kids in cooking in toddlers (1-3 years) can be challenging. One tip is to involving kids in cooking, for example, by creating a colorful plate or cutting sandwiches into fun shapes. It's also important to be patient and continue offering new foods without pressure."
What are some vegan lunch for toddlers (1-3 years)?,"A vegan lunch for toddlers (1-3 years) could be a lentil soup with a side of whole-grain bread, or a tofu stir-fry with a variety of vegetables."
How can I deal with how to introduce new foods in preschoolers (4-5 years)?,"Dealing with how to introduce new foods in preschoolers (4-5 years) can be challenging. One tip is to how to introduce new foods, for example, by creating a colorful plate or cutting sandwiches into fun shapes. It's also important to be patient and continue offering new foods without pressure."
How can I deal with patience with picky eaters in teens (13-18 years)?,"Dealing with patience with picky eaters in teens (13-18 years) can be challenging. One tip is to patience with picky eaters, for example, by creating a colorful plate or cutting sandwiches into fun shapes. It's also important to be patient and continue offering new foods without pressure."
My child is allergic to dairy. What are some safe snacks for them?,"For a child with a dairy allergy, it's crucial to avoid any foods containing that allergen. For snacks, a safe option could be a sunflower seed butter and jelly sandwich on gluten-free bread, or a rice pasta with a vegetable-based sauce."
My child is allergic to peanuts. What are some safe lunch for them?,"For a child with a peanuts allergy, it's crucial to avoid any foods containing that allergen. For lunch, a safe option could be a sunflower seed butter and jelly sandwich on gluten-free bread, or a rice pasta with a vegetable-based sauce."
Can you give me some information about the healthy snack ideas for teens (13-18 years)?,"The healthy snack ideas is especially important for teens (13-18 years). For example, it's recommended that they drink plenty of water throughout the day to stay hydrated and support their growing bodies."
What are some healthy dinner for kids (6-12 years)?,"For kids (6-12 years), a healthy dinner could include a source of protein like lean meat or beans, a whole grain like brown rice or quinoa, and a variety of colorful vegetables. For example, a grilled chicken salad or a black bean burger on a whole wheat bun."
How can I deal with involving kids in cooking in kids (6-12 years)?,"Dealing with involving kids in cooking in kids (6-12 years) can be challenging. One tip is to involving kids in cooking, for example, by creating a colorful plate or cutting sandwiches into fun shapes. It's also important to be patient and continue offering new foods without pressure."
How can I deal with involving kids in cooking in kids (6-12 years)?,"Dealing with involving kids in cooking in kids (6-12 years) can be challenging. One tip is to involving kids in cooking, for example, by creating a colorful plate or cutting sandwiches into fun shapes. It's also important to be patient and continue offering new foods without pressure."
What are the key points of safe food storage when preparing food for toddlers (1-3 years)?,"When it comes to safe food storage for toddlers (1-3 years), it's important to always wash your hands before preparing food, cook meat to the proper temperature, and store leftovers in the refrigerator promptly."
What are some healthy snacks for teens (13-18 years)?,"For teens (13-18 years), a healthy snacks could include a source of protein like lean meat or beans, a whole grain like brown rice or quinoa, and a variety of colorful vegetables. For example, a grilled chicken salad or a black bean burger on a whole wheat bun."
My child is allergic to gluten. What are some safe breakfast for them?,"For a child with a gluten allergy, it's crucial to avoid any foods containing that allergen. For breakfast, a safe option could be a sunflower seed butter and jelly sandwich on gluten-free bread, or a rice pasta with a vegetable-based sauce."
What are some pescatarian snacks for toddlers (1-3 years)?,"A pescatarian snacks for toddlers (1-3 years) could be a lentil soup with a side of whole-grain bread, or a tofu stir-fry with a variety of vegetables."
What are the key points of hand washing before meals when preparing food for toddlers (1-3 years)?,"When it comes to hand washing before meals for toddlers (1-3 years), it's important to always wash your hands before preparing food, cook meat to the proper temperature, and store leftovers in the refrigerator promptly."
How can I deal with patience with picky eaters in toddlers (1-3 years)?,"Dealing with patience with picky eaters in toddlers (1-3 years) can be challenging. One tip is to patience with picky eaters, for example, by creating a colorful plate or cutting sandwiches into fun shapes. It's also important to be patient and continue offering new foods without pressure."
Can you give me some information about the importance of hydration for teens (13-18 years)?,"The importance of hydration is especially important for teens (13-18 years). For example, it's recommended that they drink plenty of water throughout the day to stay hydrated and support their growing bodies."
My child is allergic to peanuts. What are some safe dinner for them?,"For a child with a peanuts allergy, it's crucial to avoid any foods containing that allergen. For dinner, a safe option could be a sunflower seed butter and jelly sandwich on gluten-free bread, or a rice pasta with a vegetable-based sauce."
My child is allergic to peanuts. What are some safe lunch for them?,"For a child with a peanuts allergy, it's crucial to avoid any foods containing that allergen. For lunch, a safe option could be a sunflower seed butter and jelly sandwich on gluten-free bread, or a rice pasta with a vegetable-based sauce."
How can I deal with how to introduce new foods in preschoolers (4-5 years)?,"Dealing with how to introduce new foods in preschoolers (4-5 years) can be challenging. One tip is to how to introduce new foods, for example, by creating a colorful plate or cutting sandwiches into fun shapes. It's also important to be patient and continue offering new foods without pressure."
How can I deal with how to introduce new foods in kids (6-12 years)?,"Dealing with how to introduce new foods in kids (6-12 years) can be challenging. One tip is to how to introduce new foods, for example, by creating a colorful plate or cutting sandwiches into fun shapes. It's also important to be patient and continue offering new foods without pressure."
How can I deal with making food fun in toddlers (1-3 years)?,"Dealing with making food fun in toddlers (1-3 years) can be challenging. One tip is to making food fun, for example, by creating a colorful plate or cutting sandwiches into fun shapes. It's also important to be patient and continue offering new foods without pressure."
How can I deal with patience with picky eaters in toddlers (1-3 years)?,"Dealing with patience with picky eaters in toddlers (1-3 years) can be challenging. One tip is to patience with picky eaters, for example, by creating a colorful plate or cutting sandwiches into fun shapes. It's also important to be patient and continue offering new foods without pressure."
What are some pescatarian breakfast for kids (6-12 years)?,"A pescatarian breakfast for kids (6-12 years) could be a lentil soup with a side of whole-grain bread, or a tofu stir-fry with a variety of vegetables."
What are some healthy dinner for toddlers (1-3 years)?,"For toddlers (1-3 years), a healthy dinner could include a source of protein like lean meat or beans, a whole grain like brown rice or quinoa, and a variety of colorful vegetables. For example, a grilled chicken salad or a black bean burger on a whole wheat bun."
What are some healthy snacks for toddlers (1-3 years)?,"For toddlers (1-3 years), a healthy snacks could include a source of protein like lean meat or beans, a whole grain like brown rice or quinoa, and a variety of colorful vegetables. For example, a grilled chicken salad or a black bean burger on a whole wheat bun."
Can you give me some information about the healthy snack ideas for toddlers (1-3 years)?,"The healthy snack ideas is especially important for toddlers (1-3 years). For example, it's recommended that they drink plenty of water throughout the day to stay hydrated and support their growing bodies."
Can you give me some information about the healthy snack ideas for toddlers (1-3 years)?,"The healthy snack ideas is especially important for toddlers (1-3 years). For example, it's recommended that they drink plenty of water throughout the day to stay hydrated and support their growing bodies."
Can you give me some information about the benefits of a balanced diet for kids (6-12 years)?,"The benefits of a balanced diet is especially important for kids (6-12 years). For example, it's recommended that they drink plenty of water throughout the day to stay hydrated and support their growing bodies."
My child is allergic to shellfish. What are some safe snacks for them?,"For a child with a shellfish allergy, it's crucial to avoid any foods containing that allergen. For snacks, a safe option could be a sunflower seed butter and jelly sandwich on gluten-free bread, or a rice pasta with a vegetable-based sauce."
What are the key points of hand washing before meals when preparing food for kids (6-12 years)?,"When it comes to hand washing before meals for kids (6-12 years), it's important to always wash your hands before preparing food, cook meat to the proper temperature, and store leftovers in the refrigerator promptly."
Can you give me some information about the benefits of a balanced diet for teens (13-18 years)?,"The benefits of a balanced diet is especially important for teens (13-18 years). For example, it's recommended that they drink plenty of water throughout the day to stay hydrated and support their growing bodies."
Can you give me some information about the the food pyramid for teens (13-18 years)?,"The the food pyramid is especially important for teens (13-18 years). For example, it's recommended that they drink plenty of water throughout the day to stay hydrated and support their growing bodies."
Can you give me some information about the importance of hydration for toddlers (1-3 years)?,"The importance of hydration is especially important for toddlers (1-3 years). For example, it's recommended that they drink plenty of water throughout the day to stay hydrated and support their growing bodies."
Can you give me some information about the importance of hydration for toddlers (1-3 years)?,"The importance of hydration is especially important for toddlers (1-3 years). For example, it's recommended that they drink plenty of water throughout the day to stay hydrated and support their growing bodies."
What are some healthy breakfast for toddlers (1-3 years)?,"For toddlers (1-3 years), a healthy breakfast could include a source of protein like lean meat or beans, a whole grain like brown rice or quinoa, and a variety of colorful vegetables. For example, a grilled chicken salad or a black bean burger on a whole wheat bun."
How can I deal with involving kids in cooking in kids (6-12 years)?,"Dealing with involving kids in cooking in kids (6-12 years) can be challenging. One tip is to involving kids in cooking, for example, by creating a colorful plate or cutting sandwiches into fun shapes. It's also important to be patient and continue offering new foods without pressure."
What are some healthy breakfast for preschoolers (4-5 years)?,"For preschoolers (4-5 years), a healthy breakfast could include a source of protein like lean meat or beans, a whole grain like brown rice or quinoa, and a variety of colorful vegetables. For example, a grilled chicken salad or a black bean burger on a whole wheat bun."
How can I deal with making food fun in teens (13-18 years)?,"Dealing with making food fun in teens (13-18 years) can be challenging. One tip is to making food fun, for example, by creating a colorful plate or cutting sandwiches into fun shapes. It's also important to be patient and continue offering new foods without pressure."
What are some pescatarian breakfast for toddlers (1-3 years)?,"A pescatarian breakfast for toddlers (1-3 years) could be a lentil soup with a side of whole-grain bread, or a tofu stir-fry with a variety of vegetables."
What are the key points of cross-contamination when preparing food for preschoolers (4-5 years)?,"When it comes to cross-contamination for preschoolers (4-5 years), it's important to always wash your hands before preparing food, cook meat to the proper temperature, and store leftovers in the refrigerator promptly."
What are some vegan lunch for preschoolers (4-5 years)?,"A vegan lunch for preschoolers (4-5 years) could be a lentil soup with a side of whole-grain bread, or a tofu stir-fry with a variety of vegetables."
What are some vegan breakfast for preschoolers (4-5 years)?,"A vegan breakfast for preschoolers (4-5 years) could be a lentil soup with a side of whole-grain bread, or a tofu stir-fry with a variety of vegetables."
What are the key points of hand washing before meals when preparing food for teens (13-18 years)?,"When it comes to hand washing before meals for teens (13-18 years), it's important to always wash your hands before preparing food, cook meat to the proper temperature, and store leftovers in the refrigerator promptly."
What are some healthy snacks for teens (13-18 years)?,"For teens (13-18 years), a healthy snacks could include a source of protein like lean meat or beans, a whole grain like brown rice or quinoa, and a variety of colorful vegetables. For example, a grilled chicken salad or a black bean burger on a whole wheat bun."
My child is allergic to peanuts. What are some safe snacks for them?,"For a child with a peanuts allergy, it's crucial to avoid any foods containing that allergen. For snacks, a safe option could be a sunflower seed butter and jelly sandwich on gluten-free bread, or a rice pasta with a vegetable-based sauce."
What are some pescatarian snacks for kids (6-12 years)?,"A pescatarian snacks for kids (6-12 years) could be a lentil soup with a side of whole-grain bread, or a tofu stir-fry with a variety of vegetables."
What are some vegetarian breakfast for toddlers (1-3 years)?,"A vegetarian breakfast for toddlers (1-3 years) could be a lentil soup with a side of whole-grain bread, or a tofu stir-fry with a variety of vegetables."
My child is allergic to shellfish. What are some safe dinner for them?,"For a child with a shellfish allergy, it's crucial to avoid any foods containing that allergen. For dinner, a safe option could be a sunflower seed butter and jelly sandwich on gluten-free bread, or a rice pasta with a vegetable-based sauce."
My child is allergic to gluten. What are some safe dinner for them?,"For a child with a gluten allergy, it's crucial to avoid any foods containing that allergen. For dinner, a safe option could be a sunflower seed butter and jelly sandwich on gluten-free bread, or a rice pasta with a vegetable-based sauce."
How can I deal with making food fun in kids (6-12 years)?,"Dealing with making food fun in kids (6-12 years) can be challenging. One tip is to making food fun, for example, by creating a colorful plate or cutting sandwiches into fun shapes. It's also important to be patient and continue offering new foods without pressure."
What are the key points of hand washing before meals when preparing food for kids (6-12 years)?,"When it comes to hand washing before meals for kids (6-12 years), it's important to always wash your hands before preparing food, cook meat to the proper temperature, and store leftovers in the refrigerator promptly."
What are some vegetarian snacks for toddlers (1-3 years)?,"A vegetarian snacks for toddlers (1-3 years) could be a lentil soup with a side of whole-grain bread, or a tofu stir-fry with a variety of vegetables."
What are the key points of cross-contamination when preparing food for preschoolers (4-5 years)?,"When it comes to cross-contamination for preschoolers (4-5 years), it's important to always wash your hands before preparing food, cook meat to the proper temperature, and store leftovers in the refrigerator promptly."
What are some healthy lunch for teens (13-18 years)?,"For teens (13-18 years), a healthy lunch could include a source of protein like lean meat or beans, a whole grain like brown rice or quinoa, and a variety of colorful vegetables. For example, a grilled chicken salad or a black bean burger on a whole wheat bun."
What are the key points of safe food storage when preparing food for teens (13-18 years)?,"When it comes to safe food storage for teens (13-18 years), it's important to always wash your hands before preparing food, cook meat to the proper temperature, and store leftovers in the refrigerator promptly."
My child is allergic to shellfish. What are some safe snacks for them?,"For a child with a shellfish allergy, it's crucial to avoid any foods containing that allergen. For snacks, a safe option could be a sunflower seed butter and jelly sandwich on gluten-free bread, or a rice pasta with a vegetable-based sauce."
My child is allergic to peanuts. What are some safe breakfast for them?,"For a child with a peanuts allergy, it's crucial to avoid any foods containing that allergen. For breakfast, a safe option could be a sunflower seed butter and jelly sandwich on gluten-free bread, or a rice pasta with a vegetable-based sauce."
How can I deal with making food fun in kids (6-12 years)?,"Dealing with making food fun in kids (6-12 years) can be challenging. One tip is to making food fun, for example, by creating a colorful plate or cutting sandwiches into fun shapes. It's also important to be patient and continue offering new foods without pressure."
Can you give me some information about the healthy snack ideas for preschoolers (4-5 years)?,"The healthy snack ideas is especially important for preschoolers (4-5 years). For example, it's recommended that they drink plenty of water throughout the day to stay hydrated and support their growing bodies."
How can I deal with how to introduce new foods in toddlers (1-3 years)?,"Dealing with how to introduce new foods in toddlers (1-3 years) can be challenging. One tip is to how to introduce new foods, for example, by creating a colorful plate or cutting sandwiches into fun shapes. It's also important to be patient and continue offering new foods without pressure."
What are the key points of safe food storage when preparing food for preschoolers (4-5 years)?,"When it comes to safe food storage for preschoolers (4-5 years), it's important to always wash your hands before preparing food, cook meat to the proper temperature, and store leftovers in the refrigerator promptly."
Can you give me some information about the how to read nutrition labels for kids (6-12 years)?,"The how to read nutrition labels is especially important for kids (6-12 years). For example, it's recommended that they drink plenty of water throughout the day to stay hydrated and support their growing bodies."
What are some healthy dinner for preschoolers (4-5 years)?,"For preschoolers (4-5 years), a healthy dinner could include a source of protein like lean meat or beans, a whole grain like brown rice or quinoa, and a variety of colorful vegetables. For example, a grilled chicken salad or a black bean burger on a whole wheat bun."
My child is allergic to peanuts. What are some safe lunch for them?,"For a child with a peanuts allergy, it's crucial to avoid any foods containing that allergen. For lunch, a safe option could be a sunflower seed butter and jelly sandwich on gluten-free bread, or a rice pasta with a vegetable-based sauce."
What are some pescatarian lunch for kids (6-12 years)?,"A pescatarian lunch for kids (6-12 years) could be a lentil soup with a side of whole-grain bread, or a tofu stir-fry with a variety of vegetables."
How can I deal with involving kids in cooking in teens (13-18 years)?,"Dealing with involving kids in cooking in teens (13-18 years) can be challenging. One tip is to involving kids in cooking, for example, by creating a colorful plate or cutting sandwiches into fun shapes. It's also important to be patient and continue offering new foods without pressure."
What are some healthy lunch for teens (13-18 years)?,"For teens (13-18 years), a healthy lunch could include a source of protein like lean meat or beans, a whole grain like brown rice or quinoa, and a variety of colorful vegetables. For example, a grilled chicken salad or a black bean burger on a whole wheat bun."
What are the key points of hand washing before meals when preparing food for toddlers (1-3 years)?,"When it comes to hand washing before meals for toddlers (1-3 years), it's important to always wash your hands before preparing food, cook meat to the proper temperature, and store leftovers in the refrigerator promptly."
Can you give me some information about the the food pyramid for kids (6-12 years)?,"The the food pyramid is especially important for kids (6-12 years). For example, it's recommended that they drink plenty of water throughout the day to stay hydrated and support their growing bodies."
How can I deal with patience with picky eaters in teens (13-18 years)?,"Dealing with patience with picky eaters in teens (13-18 years) can be challenging. One tip is to patience with picky eaters, for example, by creating a colorful plate or cutting sandwiches into fun shapes. It's also important to be patient and continue offering new foods without pressure."
What are the key points of cross-contamination when preparing food for preschoolers (4-5 years)?,"When it comes to cross-contamination for preschoolers (4-5 years), it's important to always wash your hands before preparing food, cook meat to the proper temperature, and store leftovers in the refrigerator promptly."
What are some vegan lunch for kids (6-12 years)?,"A vegan lunch for kids (6-12 years) could be a lentil soup with a side of whole-grain bread, or a tofu stir-fry with a variety of vegetables."
My child is allergic to eggs. What are some safe snacks for them?,"For a child with a eggs allergy, it's crucial to avoid any foods containing that allergen. For snacks, a safe option could be a sunflower seed butter and jelly sandwich on gluten-free bread, or a rice pasta with a vegetable-based sauce."
What are the key points of cooking temperatures when preparing food for teens (13-18 years)?,"When it comes to cooking temperatures for teens (13-18 years), it's important to always wash your hands before preparing food, cook meat to the proper temperature, and store leftovers in the refrigerator promptly."
What are the key points of hand washing before meals when preparing food for kids (6-12 years)?,"When it comes to hand washing before meals for kids (6-12 years), it's important to always wash your hands before preparing food, cook meat to the proper temperature, and store leftovers in the refrigerator promptly."
How can I deal with patience with picky eaters in teens (13-18 years)?,"Dealing with patience with picky eaters in teens (13-18 years) can be challenging. One tip is to patience with picky eaters, for example, by creating a colorful plate or cutting sandwiches into fun shapes. It's also important to be patient and continue offering new foods without pressure."
How can I deal with patience with picky eaters in kids (6-12 years)?,"Dealing with patience with picky eaters in kids (6-12 years) can be challenging. One tip is to patience with picky eaters, for example, by creating a colorful plate or cutting sandwiches into fun shapes. It's also important to be patient and continue offering new foods without pressure."
What are the key points of safe food storage when preparing food for preschoolers (4-5 years)?,"When it comes to safe food storage for preschoolers (4-5 years), it's important to always wash your hands before preparing food, cook meat to the proper temperature, and store leftovers in the refrigerator promptly."
What are some vegetarian dinner for toddlers (1-3 years)?,"A vegetarian dinner for toddlers (1-3 years) could be a lentil soup with a side of whole-grain bread, or a tofu stir-fry with a variety of vegetables."
Can you give me some information about the healthy snack ideas for kids (6-12 years)?,"The healthy snack ideas is especially important for kids (6-12 years). For example, it's recommended that they drink plenty of water throughout the day to stay hydrated and support their growing bodies."
My child is allergic to gluten. What are some safe dinner for them?,"For a child with a gluten allergy, it's crucial to avoid any foods containing that allergen. For dinner, a safe option could be a sunflower seed butter and jelly sandwich on gluten-free bread, or a rice pasta with a vegetable-based sauce."
What are some healthy breakfast for teens (13-18 years)?,"For teens (13-18 years), a healthy breakfast could include a source of protein like lean meat or beans, a whole grain like brown rice or quinoa, and a variety of colorful vegetables. For example, a grilled chicken salad or a black bean burger on a whole wheat bun."
What are the key points of hand washing before meals when preparing food for toddlers (1-3 years)?,"When it comes to hand washing before meals for toddlers (1-3 years), it's important to always wash your hands before preparing food, cook meat to the proper temperature, and store leftovers in the refrigerator promptly."
How can I deal with making food fun in toddlers (1-3 years)?,"Dealing with making food fun in toddlers (1-3 years) can be challenging. One tip is to making food fun, for example, by creating a colorful plate or cutting sandwiches into fun shapes. It's also important to be patient and continue offering new foods without pressure."
My child is allergic to gluten. What are some safe snacks for them?,"For a child with a gluten allergy, it's crucial to avoid any foods containing that allergen. For snacks, a safe option could be a sunflower seed butter and jelly sandwich on gluten-free bread, or a rice pasta with a vegetable-based sauce."
My child is allergic to gluten. What are some safe dinner for them?,"For a child with a gluten allergy, it's crucial to avoid any foods containing that allergen. For dinner, a safe option could be a sunflower seed butter and jelly sandwich on gluten-free bread, or a rice pasta with a vegetable-based sauce."
How can I deal with involving kids in cooking in kids (6-12 years)?,"Dealing with involving kids in cooking in kids (6-12 years) can be challenging. One tip is to involving kids in cooking, for example, by creating a colorful plate or cutting sandwiches into fun shapes. It's also important to be patient and continue offering new foods without pressure."
Can you give me some information about the how to read nutrition labels for toddlers (1-3 years)?,"The how to read nutrition labels is especially important for toddlers (1-3 years). For example, it's recommended that they drink plenty of water throughout the day to stay hydrated and support their growing bodies."
Can you give me some information about the healthy snack ideas for kids (6-12 years)?,"The healthy snack ideas is especially important for kids (6-12 years). For example, it's recommended that they drink plenty of water throughout the day to stay hydrated and support their growing bodies."
How can I deal with involving kids in cooking in toddlers (1-3 years)?,"Dealing with involving kids in cooking in toddlers (1-3 years) can be challenging. One tip is to involving kids in cooking, for example, by creating a colorful plate or cutting sandwiches into fun shapes. It's also important to be patient and continue offering new foods without pressure."
What are some vegetarian breakfast for teens (13-18 years)?,"A vegetarian breakfast for teens (13-18 years) could be a lentil soup with a side of whole-grain bread, or a tofu stir-fry with a variety of vegetables."
Can you give me some information about the how to read nutrition labels for preschoolers (4-5 years)?,"The how to read nutrition labels is especially important for preschoolers (4-5 years). For example, it's recommended that they drink plenty of water throughout the day to stay hydrated and support their growing bodies."
What are some pescatarian lunch for teens (13-18 years)?,"A pescatarian lunch for teens (13-18 years) could be a lentil soup with a side of whole-grain bread, or a tofu stir-fry with a variety of vegetables."
What are the key points of cooking temperatures when preparing food for preschoolers (4-5 years)?,"When it comes to cooking temperatures for preschoolers (4-5 years), it's important to always wash your hands before preparing food, cook meat to the proper temperature, and store leftovers in the refrigerator promptly."
How can I deal with how to introduce new foods in kids (6-12 years)?,"Dealing with how to introduce new foods in kids (6-12 years) can be challenging. One tip is to how to introduce new foods, for example, by creating a colorful plate or cutting sandwiches into fun shapes. It's also important to be patient and continue offering new foods without pressure."
How can I deal with making food fun in preschoolers (4-5 years)?,"Dealing with making food fun in preschoolers (4-5 years) can be challenging. One tip is to making food fun, for example, by creating a colorful plate or cutting sandwiches into fun shapes. It's also important to be patient and continue offering new foods without pressure."
How can I deal with patience with picky eaters in kids (6-12 years)?,"Dealing with patience with picky eaters in kids (6-12 years) can be challenging. One tip is to patience with picky eaters, for example, by creating a colorful plate or cutting sandwiches into fun shapes. It's also important to be patient and continue offering new foods without pressure."
What are some vegetarian lunch for kids (6-12 years)?,"A vegetarian lunch for kids (6-12 years) could be a lentil soup with a side of whole-grain bread, or a tofu stir-fry with a variety of vegetables."
How can I deal with making food fun in preschoolers (4-5 years)?,"Dealing with making food fun in preschoolers (4-5 years) can be challenging. One tip is to making food fun, for example, by creating a colorful plate or cutting sandwiches into fun shapes. It's also important to be patient and continue offering new foods without pressure."
How can I deal with involving kids in cooking in toddlers (1-3 years)?,"Dealing with involving kids in cooking in toddlers (1-3 years) can be challenging. One tip is to involving kids in cooking, for example, by creating a colorful plate or cutting sandwiches into fun shapes. It's also important to be patient and continue offering new foods without pressure."
My child is allergic to dairy. What are some safe snacks for them?,"For a child with a dairy allergy, it's crucial to avoid any foods containing that allergen. For snacks, a safe option could be a sunflower seed butter and jelly sandwich on gluten-free bread, or a rice pasta with a vegetable-based sauce."
How can I deal with patience with picky eaters in teens (13-18 years)?,"Dealing with patience with picky eaters in teens (13-18 years) can be challenging. One tip is to patience with picky eaters, for example, by creating a colorful plate or cutting sandwiches into fun shapes. It's also important to be patient and continue offering new foods without pressure."
Can you give me some information about the benefits of a balanced diet for preschoolers (4-5 years)?,"The benefits of a balanced diet is especially important for preschoolers (4-5 years). For example, it's recommended that they drink plenty of water throughout the day to stay hydrated and support their growing bodies."
What are some healthy lunch for kids (6-12 years)?,"For kids (6-12 years), a healthy lunch could include a source of protein like lean meat or beans, a whole grain like brown rice or quinoa, and a variety of colorful vegetables. For example, a grilled chicken salad or a black bean burger on a whole wheat bun."
What are the key points of cooking temperatures when preparing food for preschoolers (4-5 years)?,"When it comes to cooking temperatures for preschoolers (4-5 years), it's important to always wash your hands before preparing food, cook meat to the proper temperature, and store leftovers in the refrigerator promptly."
How can I deal with patience with picky eaters in kids (6-12 years)?,"Dealing with patience with picky eaters in kids (6-12 years) can be challenging. One tip is to patience with picky eaters, for example, by creating a colorful plate or cutting sandwiches into fun shapes. It's also important to be patient and continue offering new foods without pressure."
What are some vegan lunch for kids (6-12 years)?,"A vegan lunch for kids (6-12 years) could be a lentil soup with a side of whole-grain bread, or a tofu stir-fry with a variety of vegetables."
What are some healthy snacks for preschoolers (4-5 years)?,"For preschoolers (4-5 years), a healthy snacks could include a source of protein like lean meat or beans, a whole grain like brown rice or quinoa, and a variety of colorful vegetables. For example, a grilled chicken salad or a black bean burger on a whole wheat bun."
What are some healthy breakfast for toddlers (1-3 years)?,"For toddlers (1-3 years), a healthy breakfast could include a source of protein like lean meat or beans, a whole grain like brown rice or quinoa, and a variety of colorful vegetables. For example, a grilled chicken salad or a black bean burger on a whole wheat bun."
My child is allergic to eggs. What are some safe dinner for them?,"For a child with a eggs allergy, it's crucial to avoid any foods containing that allergen. For dinner, a safe option could be a sunflower seed butter and jelly sandwich on gluten-free bread, or a rice pasta with a vegetable-based sauce."
My child is allergic to dairy. What are some safe snacks for them?,"For a child with a dairy allergy, it's crucial to avoid any foods containing that allergen. For snacks, a safe option could be a sunflower seed butter and jelly sandwich on gluten-free bread, or a rice pasta with a vegetable-based sauce."
My child is allergic to shellfish. What are some safe snacks for them?,"For a child with a shellfish allergy, it's crucial to avoid any foods containing that allergen. For snacks, a safe option could be a sunflower seed butter and jelly sandwich on gluten-free bread, or a rice pasta with a vegetable-based sauce."
What are some healthy snacks for teens (13-18 years)?,"For teens (13-18 years), a healthy snacks could include a source of protein like lean meat or beans, a whole grain like brown rice or quinoa, and a variety of colorful vegetables. For example, a grilled chicken salad or a black bean burger on a whole wheat bun."
How can I deal with involving kids in cooking in toddlers (1-3 years)?,"Dealing with involving kids in cooking in toddlers (1-3 years) can be challenging. One tip is to involving kids in cooking, for example, by creating a colorful plate or cutting sandwiches into fun shapes. It's also important to be patient and continue offering new foods without pressure."
What are some vegan lunch for preschoolers (4-5 years)?,"A vegan lunch for preschoolers (4-5 years) could be a lentil soup with a side of whole-grain bread, or a tofu stir-fry with a variety of vegetables."
What are some healthy snacks for toddlers (1-3 years)?,"For toddlers (1-3 years), a healthy snacks could include a source of protein like lean meat or beans, a whole grain like brown rice or quinoa, and a variety of colorful vegetables. For example, a grilled chicken salad or a black bean burger on a whole wheat bun."
What are some healthy dinner for preschoolers (4-5 years)?,"For preschoolers (4-5 years), a healthy dinner could include a source of protein like lean meat or beans, a whole grain like brown rice or quinoa, and a variety of colorful vegetables. For example, a grilled chicken salad or a black bean burger on a whole wheat bun."
How can I deal with involving kids in cooking in toddlers (1-3 years)?,"Dealing with involving kids in cooking in toddlers (1-3 years) can be challenging. One tip is to involving kids in cooking, for example, by creating a colorful plate or cutting sandwiches into fun shapes. It's also important to be patient and continue offering new foods without pressure."
What are the key points of safe food storage when preparing food for teens (13-18 years)?,"When it comes to safe food storage for teens (13-18 years), it's important to always wash your hands before preparing food, cook meat to the proper temperature, and store leftovers in the refrigerator promptly."
How can I deal with patience with picky eaters in kids (6-12 years)?,"Dealing with patience with picky eaters in kids (6-12 years) can be challenging. One tip is to patience with picky eaters, for example, by creating a colorful plate or cutting sandwiches into fun shapes. It's also important to be patient and continue offering new foods without pressure."
What are some vegan snacks for preschoolers (4-5 years)?,"A vegan snacks for preschoolers (4-5 years) could be a lentil soup with a side of whole-grain bread, or a tofu stir-fry with a variety of vegetables."
Can you give me some information about the benefits of a balanced diet for teens (13-18 years)?,"The benefits of a balanced diet is especially important for teens (13-18 years). For example, it's recommended that they drink plenty of water throughout the day to stay hydrated and support their growing bodies."
Can you give me some information about the importance of hydration for preschoolers (4-5 years)?,"The importance of hydration is especially important for preschoolers (4-5 years). For example, it's recommended that they drink plenty of water throughout the day to stay hydrated and support their growing bodies."
My child is allergic to dairy. What are some safe lunch for them?,"For a child with a dairy allergy, it's crucial to avoid any foods containing that allergen. For lunch, a safe option could be a sunflower seed butter and jelly sandwich on gluten-free bread, or a rice pasta with a vegetable-based sauce."
What are some healthy dinner for kids (6-12 years)?,"For kids (6-12 years), a healthy dinner could include a source of protein like lean meat or beans, a whole grain like brown rice or quinoa, and a variety of colorful vegetables. For example, a grilled chicken salad or a black bean burger on a whole wheat bun."
What are the key points of hand washing before meals when preparing food for teens (13-18 years)?,"When it comes to hand washing before meals for teens (13-18 years), it's important to always wash your hands before preparing food, cook meat to the proper temperature, and store leftovers in the refrigerator promptly."
What are the key points of cooking temperatures when preparing food for preschoolers (4-5 years)?,"When it comes to cooking temperatures for preschoolers (4-5 years), it's important to always wash your hands before preparing food, cook meat to the proper temperature, and store leftovers in the refrigerator promptly."
What are the key points of cross-contamination when preparing food for preschoolers (4-5 years)?,"When it comes to cross-contamination for preschoolers (4-5 years), it's important to always wash your hands before preparing food, cook meat to the proper temperature, and store leftovers in the refrigerator promptly."
What are some pescatarian breakfast for kids (6-12 years)?,"A pescatarian breakfast for kids (6-12 years) could be a lentil soup with a side of whole-grain bread, or a tofu stir-fry with a variety of vegetables."
Can you give me some information about the how to read nutrition labels for kids (6-12 years)?,"The how to read nutrition labels is especially important for kids (6-12 years). For example, it's recommended that they drink plenty of water throughout the day to stay hydrated and support their growing bodies."
How can I deal with patience with picky eaters in toddlers (1-3 years)?,"Dealing with patience with picky eaters in toddlers (1-3 years) can be challenging. One tip is to patience with picky eaters, for example, by creating a colorful plate or cutting sandwiches into fun shapes. It's also important to be patient and continue offering new foods without pressure."
How can I deal with patience with picky eaters in teens (13-18 years)?,"Dealing with patience with picky eaters in teens (13-18 years) can be challenging. One tip is to patience with picky eaters, for example, by creating a colorful plate or cutting sandwiches into fun shapes. It's also important to be patient and continue offering new foods without pressure."
What are some vegan breakfast for toddlers (1-3 years)?,"A vegan breakfast for toddlers (1-3 years) could be a lentil soup with a side of whole-grain bread, or a tofu stir-fry with a variety of vegetables."
What are some healthy snacks for teens (13-18 years)?,"For teens (13-18 years), a healthy snacks could include a source of protein like lean meat or beans, a whole grain like brown rice or quinoa, and a variety of colorful vegetables. For example, a grilled chicken salad or a black bean burger on a whole wheat bun."
Can you give me some information about the benefits of a balanced diet for toddlers (1-3 years)?,"The benefits of a balanced diet is especially important for toddlers (1-3 years). For example, it's recommended that they drink plenty of water throughout the day to stay hydrated and support their growing bodies."
My child is allergic to gluten. What are some safe dinner for them?,"For a child with a gluten allergy, it's crucial to avoid any foods containing that allergen. For dinner, a safe option could be a sunflower seed butter and jelly sandwich on gluten-free bread, or a rice pasta with a vegetable-based sauce."
How can I deal with making food fun in preschoolers (4-5 years)?,"Dealing with making food fun in preschoolers (4-5 years) can be challenging. One tip is to making food fun, for example, by creating a colorful plate or cutting sandwiches into fun shapes. It's also important to be patient and continue offering new foods without pressure."
What are some vegetarian lunch for toddlers (1-3 years)?,"A vegetarian lunch for toddlers (1-3 years) could be a lentil soup with a side of whole-grain bread, or a tofu stir-fry with a variety of vegetables."
What are some vegan snacks for toddlers (1-3 years)?,"A vegan snacks for toddlers (1-3 years) could be a lentil soup with a side of whole-grain bread, or a tofu stir-fry with a variety of vegetables."
What are some vegetarian lunch for teens (13-18 years)?,"A vegetarian lunch for teens (13-18 years) could be a lentil soup with a side of whole-grain bread, or a tofu stir-fry with a variety of vegetables."
What are some healthy dinner for teens (13-18 years)?,"For teens (13-18 years), a healthy dinner could include a source of protein like lean meat or beans, a whole grain like brown rice or quinoa, and a variety of colorful vegetables. For example, a grilled chicken salad or a black bean burger on a whole wheat bun."
Can you give me some information about the benefits of a balanced diet for kids (6-12 years)?,"The benefits of a balanced diet is especially important for kids (6-12 years). For example, it's recommended that they drink plenty of water throughout the day to stay hydrated and support their growing bodies."
What are some vegetarian lunch for preschoolers (4-5 years)?,"A vegetarian lunch for preschoolers (4-5 years) could be a lentil soup with a side of whole-grain bread, or a tofu stir-fry with a variety of vegetables."
How can I deal with making food fun in toddlers (1-3 years)?,"Dealing with making food fun in toddlers (1-3 years) can be challenging. One tip is to making food fun, for example, by creating a colorful plate or cutting sandwiches into fun shapes. It's also important to be patient and continue offering new foods without pressure."
My child is allergic to shellfish. What are some safe dinner for them?,"For a child with a shellfish allergy, it's crucial to avoid any foods containing that allergen. For dinner, a safe option could be a sunflower seed butter and jelly sandwich on gluten-free bread, or a rice pasta with a vegetable-based sauce."
What are some vegan dinner for teens (13-18 years)?,"A vegan dinner for teens (13-18 years) could be a lentil soup with a side of whole-grain bread, or a tofu stir-fry with a variety of vegetables."
What are the key points of hand washing before meals when preparing food for kids (6-12 years)?,"When it comes to hand washing before meals for kids (6-12 years), it's important to always wash your hands before preparing food, cook meat to the proper temperature, and store leftovers in the refrigerator promptly."
Can you give me some information about the healthy snack ideas for toddlers (1-3 years)?,"The healthy snack ideas is especially important for toddlers (1-3 years). For example, it's recommended that they drink plenty of water throughout the day to stay hydrated and support their growing bodies."
My child is allergic to peanuts. What are some safe lunch for them?,"For a child with a peanuts allergy, it's crucial to avoid any foods containing that allergen. For lunch, a safe option could be a sunflower seed butter and jelly sandwich on gluten-free bread, or a rice pasta with a vegetable-based sauce."
What are some pescatarian lunch for teens (13-18 years)?,"A pescatarian lunch for teens (13-18 years) could be a lentil soup with a side of whole-grain bread, or a tofu stir-fry with a variety of vegetables."
How can I deal with how to introduce new foods in preschoolers (4-5 years)?,"Dealing with how to introduce new foods in preschoolers (4-5 years) can be challenging. One tip is to how to introduce new foods, for example, by creating a colorful plate or cutting sandwiches into fun shapes. It's also important to be patient and continue offering new foods without pressure."
What are some pescatarian breakfast for toddlers (1-3 years)?,"A pescatarian breakfast for toddlers (1-3 years) could be a lentil soup with a side of whole-grain bread, or a tofu stir-fry with a variety of vegetables."
What are some vegan snacks for toddlers (1-3 years)?,"A vegan snacks for toddlers (1-3 years) could be a lentil soup with a side of whole-grain bread, or a tofu stir-fry with a variety of vegetables."
My child is allergic to eggs. What are some safe snacks for them?,"For a child with a eggs allergy, it's crucial to avoid any foods containing that allergen. For snacks, a safe option could be a sunflower seed butter and jelly sandwich on gluten-free bread, or a rice pasta with a vegetable-based sauce."
What are some healthy dinner for toddlers (1-3 years)?,"For toddlers (1-3 years), a healthy dinner could include a source of protein like lean meat or beans, a whole grain like brown rice or quinoa, and a variety of colorful vegetables. For example, a grilled chicken salad or a black bean burger on a whole wheat bun."
Can you give me some information about the benefits of a balanced diet for toddlers (1-3 years)?,"The benefits of a balanced diet is especially important for toddlers (1-3 years). For example, it's recommended that they drink plenty of water throughout the day to stay hydrated and support their growing bodies."
How can I deal with involving kids in cooking in preschoolers (4-5 years)?,"Dealing with involving kids in cooking in preschoolers (4-5 years) can be challenging. One tip is to involving kids in cooking, for example, by creating a colorful plate or cutting sandwiches into fun shapes. It's also important to be patient and continue offering new foods without pressure."
How can I deal with making food fun in teens (13-18 years)?,"Dealing with making food fun in teens (13-18 years) can be challenging. One tip is to making food fun, for example, by creating a colorful plate or cutting sandwiches into fun shapes. It's also important to be patient and continue offering new foods without pressure."
What are the key points of safe food storage when preparing food for toddlers (1-3 years)?,"When it comes to safe food storage for toddlers (1-3 years), it's important to always wash your hands before preparing food, cook meat to the proper temperature, and store leftovers in the refrigerator promptly."
How can I deal with making food fun in toddlers (1-3 years)?,"Dealing with making food fun in toddlers (1-3 years) can be challenging. One tip is to making food fun, for example, by creating a colorful plate or cutting sandwiches into fun shapes. It's also important to be patient and continue offering new foods without pressure."
How can I deal with how to introduce new foods in toddlers (1-3 years)?,"Dealing with how to introduce new foods in toddlers (1-3 years) can be challenging. One tip is to how to introduce new foods, for example, by creating a colorful plate or cutting sandwiches into fun shapes. It's also important to be patient and continue offering new foods without pressure."
Can you give me some information about the benefits of a balanced diet for preschoolers (4-5 years)?,"The benefits of a balanced diet is especially important for preschoolers (4-5 years). For example, it's recommended that they drink plenty of water throughout the day to stay hydrated and support their growing bodies."
What are some healthy dinner for kids (6-12 years)?,"For kids (6-12 years), a healthy dinner could include a source of protein like lean meat or beans, a whole grain like brown rice or quinoa, and a variety of colorful vegetables. For example, a grilled chicken salad or a black bean burger on a whole wheat bun."
Can you give me some information about the importance of hydration for teens (13-18 years)?,"The importance of hydration is especially important for teens (13-18 years). For example, it's recommended that they drink plenty of water throughout the day to stay hydrated and support their growing bodies."
What are the key points of cross-contamination when preparing food for toddlers (1-3 years)?,"When it comes to cross-contamination for toddlers (1-3 years), it's important to always wash your hands before preparing food, cook meat to the proper temperature, and store leftovers in the refrigerator promptly."
How can I deal with involving kids in cooking in preschoolers (4-5 years)?,"Dealing with involving kids in cooking in preschoolers (4-5 years) can be challenging. One tip is to involving kids in cooking, for example, by creating a colorful plate or cutting sandwiches into fun shapes. It's also important to be patient and continue offering new foods without pressure."
My child is allergic to peanuts. What are some safe dinner for them?,"For a child with a peanuts allergy, it's crucial to avoid any foods containing that allergen. For dinner, a safe option could be a sunflower seed butter and jelly sandwich on gluten-free bread, or a rice pasta with a vegetable-based sauce."
How can I deal with making food fun in kids (6-12 years)?,"Dealing with making food fun in kids (6-12 years) can be challenging. One tip is to making food fun, for example, by creating a colorful plate or cutting sandwiches into fun shapes. It's also important to be patient and continue offering new foods without pressure."
How can I deal with patience with picky eaters in teens (13-18 years)?,"Dealing with patience with picky eaters in teens (13-18 years) can be challenging. One tip is to patience with picky eaters, for example, by creating a colorful plate or cutting sandwiches into fun shapes. It's also important to be patient and continue offering new foods without pressure."
How can I deal with involving kids in cooking in toddlers (1-3 years)?,"Dealing with involving kids in cooking in toddlers (1-3 years) can be challenging. One tip is to involving kids in cooking, for example, by creating a colorful plate or cutting sandwiches into fun shapes. It's also important to be patient and continue offering new foods without pressure."
How can I deal with patience with picky eaters in preschoolers (4-5 years)?,"Dealing with patience with picky eaters in preschoolers (4-5 years) can be challenging. One tip is to patience with picky eaters, for example, by creating a colorful plate or cutting sandwiches into fun shapes. It's also important to be patient and continue offering new foods without pressure."
What are the key points of cross-contamination when preparing food for toddlers (1-3 years)?,"When it comes to cross-contamination for toddlers (1-3 years), it's important to always wash your hands before preparing food, cook meat to the proper temperature, and store leftovers in the refrigerator promptly."
What are some vegetarian breakfast for teens (13-18 years)?,"A vegetarian breakfast for teens (13-18 years) could be a lentil soup with a side of whole-grain bread, or a tofu stir-fry with a variety of vegetables."
What are some vegan dinner for kids (6-12 years)?,"A vegan dinner for kids (6-12 years) could be a lentil soup with a side of whole-grain bread, or a tofu stir-fry with a variety of vegetables."
How can I deal with patience with picky eaters in preschoolers (4-5 years)?,"Dealing with patience with picky eaters in preschoolers (4-5 years) can be challenging. One tip is to patience with picky eaters, for example, by creating a colorful plate or cutting sandwiches into fun shapes. It's also important to be patient and continue offering new foods without pressure."
What are some healthy breakfast for kids (6-12 years)?,"For kids (6-12 years), a healthy breakfast could include a source of protein like lean meat or beans, a whole grain like brown rice or quinoa, and a variety of colorful vegetables. For example, a grilled chicken salad or a black bean burger on a whole wheat bun."
How can I deal with patience with picky eaters in teens (13-18 years)?,"Dealing with patience with picky eaters in teens (13-18 years) can be challenging. One tip is to patience with picky eaters, for example, by creating a colorful plate or cutting sandwiches into fun shapes. It's also important to be patient and continue offering new foods without pressure."
My child is allergic to shellfish. What are some safe dinner for them?,"For a child with a shellfish allergy, it's crucial to avoid any foods containing that allergen. For dinner, a safe option could be a sunflower seed butter and jelly sandwich on gluten-free bread, or a rice pasta with a vegetable-based sauce."
How can I deal with how to introduce new foods in teens (13-18 years)?,"Dealing with how to introduce new foods in teens (13-18 years) can be challenging. One tip is to how to introduce new foods, for example, by creating a colorful plate or cutting sandwiches into fun shapes. It's also important to be patient and continue offering new foods without pressure."
What are some healthy snacks for toddlers (1-3 years)?,"For toddlers (1-3 years), a healthy snacks could include a source of protein like lean meat or beans, a whole grain like brown rice or quinoa, and a variety of colorful vegetables. For example, a grilled chicken salad or a black bean burger on a whole wheat bun."
What are some vegetarian breakfast for preschoolers (4-5 years)?,"A vegetarian breakfast for preschoolers (4-5 years) could be a lentil soup with a side of whole-grain bread, or a tofu stir-fry with a variety of vegetables."
Can you give me some information about the healthy snack ideas for preschoolers (4-5 years)?,"The healthy snack ideas is especially important for preschoolers (4-5 years). For example, it's recommended that they drink plenty of water throughout the day to stay hydrated and support their growing bodies."
What are some healthy lunch for teens (13-18 years)?,"For teens (13-18 years), a healthy lunch could include a source of protein like lean meat or beans, a whole grain like brown rice or quinoa, and a variety of colorful vegetables. For example, a grilled chicken salad or a black bean burger on a whole wheat bun."
How can I deal with making food fun in preschoolers (4-5 years)?,"Dealing with making food fun in preschoolers (4-5 years) can be challenging. One tip is to making food fun, for example, by creating a colorful plate or cutting sandwiches into fun shapes. It's also important to be patient and continue offering new foods without pressure."
What are the key points of safe food storage when preparing food for teens (13-18 years)?,"When it comes to safe food storage for teens (13-18 years), it's important to always wash your hands before preparing food, cook meat to the proper temperature, and store leftovers in the refrigerator promptly."
What are some vegan dinner for kids (6-12 years)?,"A vegan dinner for kids (6-12 years) could be a lentil soup with a side of whole-grain bread, or a tofu stir-fry with a variety of vegetables."
What are some vegetarian lunch for teens (13-18 years)?,"A vegetarian lunch for teens (13-18 years) could be a lentil soup with a side of whole-grain bread, or a tofu stir-fry with a variety of vegetables."
My child is allergic to gluten. What are some safe lunch for them?,"For a child with a gluten allergy, it's crucial to avoid any foods containing that allergen. For lunch, a safe option could be a sunflower seed butter and jelly sandwich on gluten-free bread, or a rice pasta with a vegetable-based sauce."
Can you give me some information about the the food pyramid for toddlers (1-3 years)?,"The the food pyramid is especially important for toddlers (1-3 years). For example, it's recommended that they drink plenty of water throughout the day to stay hydrated and support their growing bodies."
What are the key points of cross-contamination when preparing food for kids (6-12 years)?,"When it comes to cross-contamination for kids (6-12 years), it's important to always wash your hands before preparing food, cook meat to the proper temperature, and store leftovers in the refrigerator promptly."
Can you give me some information about the the food pyramid for toddlers (1-3 years)?,"The the food pyramid is especially important for toddlers (1-3 years). For example, it's recommended that they drink plenty of water throughout the day to stay hydrated and support their growing bodies."
What are the key points of hand washing before meals when preparing food for teens (13-18 years)?,"When it comes to hand washing before meals for teens (13-18 years), it's important to always wash your hands before preparing food, cook meat to the proper temperature, and store leftovers in the refrigerator promptly."
What are some vegan lunch for kids (6-12 years)?,"A vegan lunch for kids (6-12 years) could be a lentil soup with a side of whole-grain bread, or a tofu stir-fry with a variety of vegetables."
What are the key points of safe food storage when preparing food for toddlers (1-3 years)?,"When it comes to safe food storage for toddlers (1-3 years), it's important to always wash your hands before preparing food, cook meat to the proper temperature, and store leftovers in the refrigerator promptly."
What are the key points of hand washing before meals when preparing food for preschoolers (4-5 years)?,"When it comes to hand washing before meals for preschoolers (4-5 years), it's important to always wash your hands before preparing food, cook meat to the proper temperature, and store leftovers in the refrigerator promptly."
How can I deal with patience with picky eaters in preschoolers (4-5 years)?,"Dealing with patience with picky eaters in preschoolers (4-5 years) can be challenging. One tip is to patience with picky eaters, for example, by creating a colorful plate or cutting sandwiches into fun shapes. It's also important to be patient and continue offering new foods without pressure."
How can I deal with making food fun in kids (6-12 years)?,"Dealing with making food fun in kids (6-12 years) can be challenging. One tip is to making food fun, for example, by creating a colorful plate or cutting sandwiches into fun shapes. It's also important to be patient and continue offering new foods without pressure."
What are the key points of cross-contamination when preparing food for kids (6-12 years)?,"When it comes to cross-contamination for kids (6-12 years), it's important to always wash your hands before preparing food, cook meat to the proper temperature, and store leftovers in the refrigerator promptly."
My child is allergic to eggs. What are some safe snacks for them?,"For a child with a eggs allergy, it's crucial to avoid any foods containing that allergen. For snacks, a safe option could be a sunflower seed butter and jelly sandwich on gluten-free bread, or a rice pasta with a vegetable-based sauce."
My child is allergic to eggs. What are some safe breakfast for them?,"For a child with a eggs allergy, it's crucial to avoid any foods containing that allergen. For breakfast, a safe option could be a sunflower seed butter and jelly sandwich on gluten-free bread, or a rice pasta with a vegetable-based sauce."
What are some healthy dinner for kids (6-12 years)?,"For kids (6-12 years), a healthy dinner could include a source of protein like lean meat or beans, a whole grain like brown rice or quinoa, and a variety of colorful vegetables. For example, a grilled chicken salad or a black bean burger on a whole wheat bun."
My child is allergic to eggs. What are some safe dinner for them?,"For a child with a eggs allergy, it's crucial to avoid any foods containing that allergen. For dinner, a safe option could be a sunflower seed butter and jelly sandwich on gluten-free bread, or a rice pasta with a vegetable-based sauce."
Can you give me some information about the benefits of a balanced diet for preschoolers (4-5 years)?,"The benefits of a balanced diet is especially important for preschoolers (4-5 years). For example, it's recommended that they drink plenty of water throughout the day to stay hydrated and support their growing bodies."
What are some pescatarian breakfast for preschoolers (4-5 years)?,"A pescatarian breakfast for preschoolers (4-5 years) could be a lentil soup with a side of whole-grain bread, or a tofu stir-fry with a variety of vegetables."
What are some vegan breakfast for kids (6-12 years)?,"A vegan breakfast for kids (6-12 years) could be a lentil soup with a side of whole-grain bread, or a tofu stir-fry with a variety of vegetables."
My child is allergic to peanuts. What are some safe lunch for them?,"For a child with a peanuts allergy, it's crucial to avoid any foods containing that allergen. For lunch, a safe option could be a sunflower seed butter and jelly sandwich on gluten-free bread, or a rice pasta with a vegetable-based sauce."
What are some healthy snacks for preschoolers (4-5 years)?,"For preschoolers (4-5 years), a healthy snacks could include a source of protein like lean meat or beans, a whole grain like brown rice or quinoa, and a variety of colorful vegetables. For example, a grilled chicken salad or a black bean burger on a whole wheat bun."
How can I deal with patience with picky eaters in teens (13-18 years)?,"Dealing with patience with picky eaters in teens (13-18 years) can be challenging. One tip is to patience with picky eaters, for example, by creating a colorful plate or cutting sandwiches into fun shapes. It's also important to be patient and continue offering new foods without pressure."
What are the key points of safe food storage when preparing food for preschoolers (4-5 years)?,"When it comes to safe food storage for preschoolers (4-5 years), it's important to always wash your hands before preparing food, cook meat to the proper temperature, and store leftovers in the refrigerator promptly."
How can I deal with how to introduce new foods in kids (6-12 years)?,"Dealing with how to introduce new foods in kids (6-12 years) can be challenging. One tip is to how to introduce new foods, for example, by creating a colorful plate or cutting sandwiches into fun shapes. It's also important to be patient and continue offering new foods without pressure."
My child is allergic to eggs. What are some safe breakfast for them?,"For a child with a eggs allergy, it's crucial to avoid any foods containing that allergen. For breakfast, a safe option could be a sunflower seed butter and jelly sandwich on gluten-free bread, or a rice pasta with a vegetable-based sauce."
How can I deal with how to introduce new foods in preschoolers (4-5 years)?,"Dealing with how to introduce new foods in preschoolers (4-5 years) can be challenging. One tip is to how to introduce new foods, for example, by creating a colorful plate or cutting sandwiches into fun shapes. It's also important to be patient and continue offering new foods without pressure."
How can I deal with making food fun in kids (6-12 years)?,"Dealing with making food fun in kids (6-12 years) can be challenging. One tip is to making food fun, for example, by creating a colorful plate or cutting sandwiches into fun shapes. It's also important to be patient and continue offering new foods without pressure."
My child is allergic to gluten. What are some safe snacks for them?,"For a child with a gluten allergy, it's crucial to avoid any foods containing that allergen. For snacks, a safe option could be a sunflower seed butter and jelly sandwich on gluten-free bread, or a rice pasta with a vegetable-based sauce."
What are some vegan lunch for toddlers (1-3 years)?,"A vegan lunch for toddlers (1-3 years) could be a lentil soup with a side of whole-grain bread, or a tofu stir-fry with a variety of vegetables."
My child is allergic to dairy. What are some safe lunch for them?,"For a child with a dairy allergy, it's crucial to avoid any foods containing that allergen. For lunch, a safe option could be a sunflower seed butter and jelly sandwich on gluten-free bread, or a rice pasta with a vegetable-based sauce."
Can you give me some information about the how to read nutrition labels for preschoolers (4-5 years)?,"The how to read nutrition labels is especially important for preschoolers (4-5 years). For example, it's recommended that they drink plenty of water throughout the day to stay hydrated and support their growing bodies."
What are the key points of cross-contamination when preparing food for teens (13-18 years)?,"When it comes to cross-contamination for teens (13-18 years), it's important to always wash your hands before preparing food, cook meat to the proper temperature, and store leftovers in the refrigerator promptly."
What are some vegan dinner for preschoolers (4-5 years)?,"A vegan dinner for preschoolers (4-5 years) could be a lentil soup with a side of whole-grain bread, or a tofu stir-fry with a variety of vegetables."
My child is allergic to eggs. What are some safe dinner for them?,"For a child with a eggs allergy, it's crucial to avoid any foods containing that allergen. For dinner, a safe option could be a sunflower seed butter and jelly sandwich on gluten-free bread, or a rice pasta with a vegetable-based sauce."
What are some vegan dinner for teens (13-18 years)?,"A vegan dinner for teens (13-18 years) could be a lentil soup with a side of whole-grain bread, or a tofu stir-fry with a variety of vegetables."
What are some vegan lunch for kids (6-12 years)?,"A vegan lunch for kids (6-12 years) could be a lentil soup with a side of whole-grain bread, or a tofu stir-fry with a variety of vegetables."
Can you give me some information about the the food pyramid for kids (6-12 years)?,"The the food pyramid is especially important for kids (6-12 years). For example, it's recommended that they drink plenty of water throughout the day to stay hydrated and support their growing bodies."
How can I deal with making food fun in preschoolers (4-5 years)?,"Dealing with making food fun in preschoolers (4-5 years) can be challenging. One tip is to making food fun, for example, by creating a colorful plate or cutting sandwiches into fun shapes. It's also important to be patient and continue offering new foods without pressure."
What are the key points of cross-contamination when preparing food for preschoolers (4-5 years)?,"When it comes to cross-contamination for preschoolers (4-5 years), it's important to always wash your hands before preparing food, cook meat to the proper temperature, and store leftovers in the refrigerator promptly."
What are some pescatarian dinner for teens (13-18 years)?,"A pescatarian dinner for teens (13-18 years) could be a lentil soup with a side of whole-grain bread, or a tofu stir-fry with a variety of vegetables."
How can I deal with making food fun in preschoolers (4-5 years)?,"Dealing with making food fun in preschoolers (4-5 years) can be challenging. One tip is to making food fun, for example, by creating a colorful plate or cutting sandwiches into fun shapes. It's also important to be patient and continue offering new foods without pressure."
My child is allergic to gluten. What are some safe snacks for them?,"For a child with a gluten allergy, it's crucial to avoid any foods containing that allergen. For snacks, a safe option could be a sunflower seed butter and jelly sandwich on gluten-free bread, or a rice pasta with a vegetable-based sauce."
What are some vegan snacks for kids (6-12 years)?,"A vegan snacks for kids (6-12 years) could be a lentil soup with a side of whole-grain bread, or a tofu stir-fry with a variety of vegetables."
Can you give me some information about the the food pyramid for kids (6-12 years)?,"The the food pyramid is especially important for kids (6-12 years). For example, it's recommended that they drink plenty of water throughout the day to stay hydrated and support their growing bodies."
What are the key points of cooking temperatures when preparing food for preschoolers (4-5 years)?,"When it comes to cooking temperatures for preschoolers (4-5 years), it's important to always wash your hands before preparing food, cook meat to the proper temperature, and store leftovers in the refrigerator promptly."
How can I deal with making food fun in preschoolers (4-5 years)?,"Dealing with making food fun in preschoolers (4-5 years) can be challenging. One tip is to making food fun, for example, by creating a colorful plate or cutting sandwiches into fun shapes. It's also important to be patient and continue offering new foods without pressure."
How can I deal with patience with picky eaters in kids (6-12 years)?,"Dealing with patience with picky eaters in kids (6-12 years) can be challenging. One tip is to patience with picky eaters, for example, by creating a colorful plate or cutting sandwiches into fun shapes. It's also important to be patient and continue offering new foods without pressure."
Can you give me some information about the healthy snack ideas for kids (6-12 years)?,"The healthy snack ideas is especially important for kids (6-12 years). For example, it's recommended that they drink plenty of water throughout the day to stay hydrated and support their growing bodies."
Can you give me some information about the the food pyramid for toddlers (1-3 years)?,"The the food pyramid is especially important for toddlers (1-3 years). For example, it's recommended that they drink plenty of water throughout the day to stay hydrated and support their growing bodies."
What are some healthy snacks for toddlers (1-3 years)?,"For toddlers (1-3 years), a healthy snacks could include a source of protein like lean meat or beans, a whole grain like brown rice or quinoa, and a variety of colorful vegetables. For example, a grilled chicken salad or a black bean burger on a whole wheat bun."
What are the key points of cross-contamination when preparing food for kids (6-12 years)?,"When it comes to cross-contamination for kids (6-12 years), it's important to always wash your hands before preparing food, cook meat to the proper temperature, and store leftovers in the refrigerator promptly."
What are some healthy dinner for teens (13-18 years)?,"For teens (13-18 years), a healthy dinner could include a source of protein like lean meat or beans, a whole grain like brown rice or quinoa, and a variety of colorful vegetables. For example, a grilled chicken salad or a black bean burger on a whole wheat bun."
How can I deal with patience with picky eaters in kids (6-12 years)?,"Dealing with patience with picky eaters in kids (6-12 years) can be challenging. One tip is to patience with picky eaters, for example, by creating a colorful plate or cutting sandwiches into fun shapes. It's also important to be patient and continue offering new foods without pressure."
What are some healthy breakfast for teens (13-18 years)?,"For teens (13-18 years), a healthy breakfast could include a source of protein like lean meat or beans, a whole grain like brown rice or quinoa, and a variety of colorful vegetables. For example, a grilled chicken salad or a black bean burger on a whole wheat bun."
What are some pescatarian snacks for kids (6-12 years)?,"A pescatarian snacks for kids (6-12 years) could be a lentil soup with a side of whole-grain bread, or a tofu stir-fry with a variety of vegetables."
How can I deal with patience with picky eaters in preschoolers (4-5 years)?,"Dealing with patience with picky eaters in preschoolers (4-5 years) can be challenging. One tip is to patience with picky eaters, for example, by creating a colorful plate or cutting sandwiches into fun shapes. It's also important to be patient and continue offering new foods without pressure."
What are some vegetarian lunch for toddlers (1-3 years)?,"A vegetarian lunch for toddlers (1-3 years) could be a lentil soup with a side of whole-grain bread, or a tofu stir-fry with a variety of vegetables."
What are some vegan lunch for toddlers (1-3 years)?,"A vegan lunch for toddlers (1-3 years) could be a lentil soup with a side of whole-grain bread, or a tofu stir-fry with a variety of vegetables."
What are the key points of cross-contamination when preparing food for toddlers (1-3 years)?,"When it comes to cross-contamination for toddlers (1-3 years), it's important to always wash your hands before preparing food, cook meat to the proper temperature, and store leftovers in the refrigerator promptly."
What are some vegan dinner for kids (6-12 years)?,"A vegan dinner for kids (6-12 years) could be a lentil soup with a side of whole-grain bread, or a tofu stir-fry with a variety of vegetables."
Can you give me some information about the how to read nutrition labels for kids (6-12 years)?,"The how to read nutrition labels is especially important for kids (6-12 years). For example, it's recommended that they drink plenty of water throughout the day to stay hydrated and support their growing bodies."
How can I deal with involving kids in cooking in preschoolers (4-5 years)?,"Dealing with involving kids in cooking in preschoolers (4-5 years) can be challenging. One tip is to involving kids in cooking, for example, by creating a colorful plate or cutting sandwiches into fun shapes. It's also important to be patient and continue offering new foods without pressure."
What are some pescatarian lunch for preschoolers (4-5 years)?,"A pescatarian lunch for preschoolers (4-5 years) could be a lentil soup with a side of whole-grain bread, or a tofu stir-fry with a variety of vegetables."
What are the key points of cross-contamination when preparing food for kids (6-12 years)?,"When it comes to cross-contamination for kids (6-12 years), it's important to always wash your hands before preparing food, cook meat to the proper temperature, and store leftovers in the refrigerator promptly."
What are some healthy lunch for toddlers (1-3 years)?,"For toddlers (1-3 years), a healthy lunch could include a source of protein like lean meat or beans, a whole grain like brown rice or quinoa, and a variety of colorful vegetables. For example, a grilled chicken salad or a black bean burger on a whole wheat bun."
Can you give me some information about the the food pyramid for preschoolers (4-5 years)?,"The the food pyramid is especially important for preschoolers (4-5 years). For example, it's recommended that they drink plenty of water throughout the day to stay hydrated and support their growing bodies."
Can you give me some information about the importance of hydration for toddlers (1-3 years)?,"The importance of hydration is especially important for toddlers (1-3 years). For example, it's recommended that they drink plenty of water throughout the day to stay hydrated and support their growing bodies."
What are the key points of safe food storage when preparing food for teens (13-18 years)?,"When it comes to safe food storage for teens (13-18 years), it's important to always wash your hands before preparing food, cook meat to the proper temperature, and store leftovers in the refrigerator promptly."
What are some healthy dinner for kids (6-12 years)?,"For kids (6-12 years), a healthy dinner could include a source of protein like lean meat or beans, a whole grain like brown rice or quinoa, and a variety of colorful vegetables. For example, a grilled chicken salad or a black bean burger on a whole wheat bun."
My child is allergic to shellfish. What are some safe breakfast for them?,"For a child with a shellfish allergy, it's crucial to avoid any foods containing that allergen. For breakfast, a safe option could be a sunflower seed butter and jelly sandwich on gluten-free bread, or a rice pasta with a vegetable-based sauce."
Can you give me some information about the healthy snack ideas for toddlers (1-3 years)?,"The healthy snack ideas is especially important for toddlers (1-3 years). For example, it's recommended that they drink plenty of water throughout the day to stay hydrated and support their growing bodies."
My child is allergic to dairy. What are some safe lunch for them?,"For a child with a dairy allergy, it's crucial to avoid any foods containing that allergen. For lunch, a safe option could be a sunflower seed butter and jelly sandwich on gluten-free bread, or a rice pasta with a vegetable-based sauce."
What are some pescatarian dinner for preschoolers (4-5 years)?,"A pescatarian dinner for preschoolers (4-5 years) could be a lentil soup with a side of whole-grain bread, or a tofu stir-fry with a variety of vegetables."
How can I deal with patience with picky eaters in toddlers (1-3 years)?,"Dealing with patience with picky eaters in toddlers (1-3 years) can be challenging. One tip is to patience with picky eaters, for example, by creating a colorful plate or cutting sandwiches into fun shapes. It's also important to be patient and continue offering new foods without pressure."
How can I deal with how to introduce new foods in preschoolers (4-5 years)?,"Dealing with how to introduce new foods in preschoolers (4-5 years) can be challenging. One tip is to how to introduce new foods, for example, by creating a colorful plate or cutting sandwiches into fun shapes. It's also important to be patient and continue offering new foods without pressure."
My child is allergic to gluten. What are some safe snacks for them?,"For a child with a gluten allergy, it's crucial to avoid any foods containing that allergen. For snacks, a safe option could be a sunflower seed butter and jelly sandwich on gluten-free bread, or a rice pasta with a vegetable-based sauce."
What are some healthy breakfast for kids (6-12 years)?,"For kids (6-12 years), a healthy breakfast could include a source of protein like lean meat or beans, a whole grain like brown rice or quinoa, and a variety of colorful vegetables. For example, a grilled chicken salad or a black bean burger on a whole wheat bun."
Can you give me some information about the healthy snack ideas for kids (6-12 years)?,"The healthy snack ideas is especially important for kids (6-12 years). For example, it's recommended that they drink plenty of water throughout the day to stay hydrated and support their growing bodies."
What are some healthy dinner for preschoolers (4-5 years)?,"For preschoolers (4-5 years), a healthy dinner could include a source of protein like lean meat or beans, a whole grain like brown rice or quinoa, and a variety of colorful vegetables. For example, a grilled chicken salad or a black bean burger on a whole wheat bun."
What are some pescatarian lunch for teens (13-18 years)?,"A pescatarian lunch for teens (13-18 years) could be a lentil soup with a side of whole-grain bread, or a tofu stir-fry with a variety of vegetables."
What are some pescatarian snacks for kids (6-12 years)?,"A pescatarian snacks for kids (6-12 years) could be a lentil soup with a side of whole-grain bread, or a tofu stir-fry with a variety of vegetables."
What are some vegan dinner for teens (13-18 years)?,"A vegan dinner for teens (13-18 years) could be a lentil soup with a side of whole-grain bread, or a tofu stir-fry with a variety of vegetables."
What are the key points of safe food storage when preparing food for toddlers (1-3 years)?,"When it comes to safe food storage for toddlers (1-3 years), it's important to always wash your hands before preparing food, cook meat to the proper temperature, and store leftovers in the refrigerator promptly."
My child is allergic to peanuts. What are some safe breakfast for them?,"For a child with a peanuts allergy, it's crucial to avoid any foods containing that allergen. For breakfast, a safe option could be a sunflower seed butter and jelly sandwich on gluten-free bread, or a rice pasta with a vegetable-based sauce."
Can you give me some information about the the food pyramid for preschoolers (4-5 years)?,"The the food pyramid is especially important for preschoolers (4-5 years). For example, it's recommended that they drink plenty of water throughout the day to stay hydrated and support their growing bodies."
How can I deal with involving kids in cooking in kids (6-12 years)?,"Dealing with involving kids in cooking in kids (6-12 years) can be challenging. One tip is to involving kids in cooking, for example, by creating a colorful plate or cutting sandwiches into fun shapes. It's also important to be patient and continue offering new foods without pressure."
How can I deal with making food fun in teens (13-18 years)?,"Dealing with making food fun in teens (13-18 years) can be challenging. One tip is to making food fun, for example, by creating a colorful plate or cutting sandwiches into fun shapes. It's also important to be patient and continue offering new foods without pressure."
What are the key points of cooking temperatures when preparing food for kids (6-12 years)?,"When it comes to cooking temperatures for kids (6-12 years), it's important to always wash your hands before preparing food, cook meat to the proper temperature, and store leftovers in the refrigerator promptly."
Can you give me some information about the benefits of a balanced diet for toddlers (1-3 years)?,"The benefits of a balanced diet is especially important for toddlers (1-3 years). For example, it's recommended that they drink plenty of water throughout the day to stay hydrated and support their growing bodies."
Can you give me some information about the the food pyramid for preschoolers (4-5 years)?,"The the food pyramid is especially important for preschoolers (4-5 years). For example, it's recommended that they drink plenty of water throughout the day to stay hydrated and support their growing bodies."
How can I deal with patience with picky eaters in toddlers (1-3 years)?,"Dealing with patience with picky eaters in toddlers (1-3 years) can be challenging. One tip is to patience with picky eaters, for example, by creating a colorful plate or cutting sandwiches into fun shapes. It's also important to be patient and continue offering new foods without pressure."
What are some healthy snacks for teens (13-18 years)?,"For teens (13-18 years), a healthy snacks could include a source of protein like lean meat or beans, a whole grain like brown rice or quinoa, and a variety of colorful vegetables. For example, a grilled chicken salad or a black bean burger on a whole wheat bun."
What are some healthy lunch for preschoolers (4-5 years)?,"For preschoolers (4-5 years), a healthy lunch could include a source of protein like lean meat or beans, a whole grain like brown rice or quinoa, and a variety of colorful vegetables. For example, a grilled chicken salad or a black bean burger on a whole wheat bun."
Can you give me some information about the the food pyramid for teens (13-18 years)?,"The the food pyramid is especially important for teens (13-18 years). For example, it's recommended that they drink plenty of water throughout the day to stay hydrated and support their growing bodies."
My child is allergic to gluten. What are some safe snacks for them?,"For a child with a gluten allergy, it's crucial to avoid any foods containing that allergen. For snacks, a safe option could be a sunflower seed butter and jelly sandwich on gluten-free bread, or a rice pasta with a vegetable-based sauce."
How can I deal with involving kids in cooking in preschoolers (4-5 years)?,"Dealing with involving kids in cooking in preschoolers (4-5 years) can be challenging. One tip is to involving kids in cooking, for example, by creating a colorful plate or cutting sandwiches into fun shapes. It's also important to be patient and continue offering new foods without pressure."
What are some healthy snacks for teens (13-18 years)?,"For teens (13-18 years), a healthy snacks could include a source of protein like lean meat or beans, a whole grain like brown rice or quinoa, and a variety of colorful vegetables. For example, a grilled chicken salad or a black bean burger on a whole wheat bun."
How can I deal with patience with picky eaters in toddlers (1-3 years)?,"Dealing with patience with picky eaters in toddlers (1-3 years) can be challenging. One tip is to patience with picky eaters, for example, by creating a colorful plate or cutting sandwiches into fun shapes. It's also important to be patient and continue offering new foods without pressure."
What are the key points of cross-contamination when preparing food for teens (13-18 years)?,"When it comes to cross-contamination for teens (13-18 years), it's important to always wash your hands before preparing food, cook meat to the proper temperature, and store leftovers in the refrigerator promptly."
My child is allergic to peanuts. What are some safe dinner for them?,"For a child with a peanuts allergy, it's crucial to avoid any foods containing that allergen. For dinner, a safe option could be a sunflower seed butter and jelly sandwich on gluten-free bread, or a rice pasta with a vegetable-based sauce."
Can you give me some information about the how to read nutrition labels for teens (13-18 years)?,"The how to read nutrition labels is especially important for teens (13-18 years). For example, it's recommended that they drink plenty of water throughout the day to stay hydrated and support their growing bodies."
How can I deal with involving kids in cooking in teens (13-18 years)?,"Dealing with involving kids in cooking in teens (13-18 years) can be challenging. One tip is to involving kids in cooking, for example, by creating a colorful plate or cutting sandwiches into fun shapes. It's also important to be patient and continue offering new foods without pressure."
What are the key points of safe food storage when preparing food for teens (13-18 years)?,"When it comes to safe food storage for teens (13-18 years), it's important to always wash your hands before preparing food, cook meat to the proper temperature, and store leftovers in the refrigerator promptly."
My child is allergic to peanuts. What are some safe snacks for them?,"For a child with a peanuts allergy, it's crucial to avoid any foods containing that allergen. For snacks, a safe option could be a sunflower seed butter and jelly sandwich on gluten-free bread, or a rice pasta with a vegetable-based sauce."
How can I deal with involving kids in cooking in kids (6-12 years)?,"Dealing with involving kids in cooking in kids (6-12 years) can be challenging. One tip is to involving kids in cooking, for example, by creating a colorful plate or cutting sandwiches into fun shapes. It's also important to be patient and continue offering new foods without pressure."
What are some vegan dinner for teens (13-18 years)?,"A vegan dinner for teens (13-18 years) could be a lentil soup with a side of whole-grain bread, or a tofu stir-fry with a variety of vegetables."
What are the key points of cross-contamination when preparing food for teens (13-18 years)?,"When it comes to cross-contamination for teens (13-18 years), it's important to always wash your hands before preparing food, cook meat to the proper temperature, and store leftovers in the refrigerator promptly."
How can I deal with making food fun in teens (13-18 years)?,"Dealing with making food fun in teens (13-18 years) can be challenging. One tip is to making food fun, for example, by creating a colorful plate or cutting sandwiches into fun shapes. It's also important to be patient and continue offering new foods without pressure."
Can you give me some information about the benefits of a balanced diet for kids (6-12 years)?,"The benefits of a balanced diet is especially important for kids (6-12 years). For example, it's recommended that they drink plenty of water throughout the day to stay hydrated and support their growing bodies."
How can I deal with involving kids in cooking in preschoolers (4-5 years)?,"Dealing with involving kids in cooking in preschoolers (4-5 years) can be challenging. One tip is to involving kids in cooking, for example, by creating a colorful plate or cutting sandwiches into fun shapes. It's also important to be patient and continue offering new foods without pressure."
My child is allergic to shellfish. What are some safe snacks for them?,"For a child with a shellfish allergy, it's crucial to avoid any foods containing that allergen. For snacks, a safe option could be a sunflower seed butter and jelly sandwich on gluten-free bread, or a rice pasta with a vegetable-based sauce."
Can you give me some information about the benefits of a balanced diet for preschoolers (4-5 years)?,"The benefits of a balanced diet is especially important for preschoolers (4-5 years). For example, it's recommended that they drink plenty of water throughout the day to stay hydrated and support their growing bodies."
What are the key points of safe food storage when preparing food for preschoolers (4-5 years)?,"When it comes to safe food storage for preschoolers (4-5 years), it's important to always wash your hands before preparing food, cook meat to the proper temperature, and store leftovers in the refrigerator promptly."
How can I deal with making food fun in toddlers (1-3 years)?,"Dealing with making food fun in toddlers (1-3 years) can be challenging. One tip is to making food fun, for example, by creating a colorful plate or cutting sandwiches into fun shapes. It's also important to be patient and continue offering new foods without pressure."
How can I deal with involving kids in cooking in kids (6-12 years)?,"Dealing with involving kids in cooking in kids (6-12 years) can be challenging. One tip is to involving kids in cooking, for example, by creating a colorful plate or cutting sandwiches into fun shapes. It's also important to be patient and continue offering new foods without pressure."
Can you give me some information about the healthy snack ideas for toddlers (1-3 years)?,"The healthy snack ideas is especially important for toddlers (1-3 years). For example, it's recommended that they drink plenty of water throughout the day to stay hydrated and support their growing bodies."
My child is allergic to dairy. What are some safe lunch for them?,"For a child with a dairy allergy, it's crucial to avoid any foods containing that allergen. For lunch, a safe option could be a sunflower seed butter and jelly sandwich on gluten-free bread, or a rice pasta with a vegetable-based sauce."
How can I deal with making food fun in kids (6-12 years)?,"Dealing with making food fun in kids (6-12 years) can be challenging. One tip is to making food fun, for example, by creating a colorful plate or cutting sandwiches into fun shapes. It's also important to be patient and continue offering new foods without pressure."
Can you give me some information about the the food pyramid for kids (6-12 years)?,"The the food pyramid is especially important for kids (6-12 years). For example, it's recommended that they drink plenty of water throughout the day to stay hydrated and support their growing bodies."
What are some healthy snacks for toddlers (1-3 years)?,"For toddlers (1-3 years), a healthy snacks could include a source of protein like lean meat or beans, a whole grain like brown rice or quinoa, and a variety of colorful vegetables. For example, a grilled chicken salad or a black bean burger on a whole wheat bun."
My child is allergic to gluten. What are some safe snacks for them?,"For a child with a gluten allergy, it's crucial to avoid any foods containing that allergen. For snacks, a safe option could be a sunflower seed butter and jelly sandwich on gluten-free bread, or a rice pasta with a vegetable-based sauce."
My child is allergic to gluten. What are some safe breakfast for them?,"For a child with a gluten allergy, it's crucial to avoid any foods containing that allergen. For breakfast, a safe option could be a sunflower seed butter and jelly sandwich on gluten-free bread, or a rice pasta with a vegetable-based sauce."
What are the key points of cross-contamination when preparing food for teens (13-18 years)?,"When it comes to cross-contamination for teens (13-18 years), it's important to always wash your hands before preparing food, cook meat to the proper temperature, and store leftovers in the refrigerator promptly."
My child is allergic to eggs. What are some safe dinner for them?,"For a child with a eggs allergy, it's crucial to avoid any foods containing that allergen. For dinner, a safe option could be a sunflower seed butter and jelly sandwich on gluten-free bread, or a rice pasta with a vegetable-based sauce."
My child is allergic to gluten. What are some safe breakfast for them?,"For a child with a gluten allergy, it's crucial to avoid any foods containing that allergen. For breakfast, a safe option could be a sunflower seed butter and jelly sandwich on gluten-free bread, or a rice pasta with a vegetable-based sauce."
What are the key points of cooking temperatures when preparing food for kids (6-12 years)?,"When it comes to cooking temperatures for kids (6-12 years), it's important to always wash your hands before preparing food, cook meat to the proper temperature, and store leftovers in the refrigerator promptly."
What are some healthy lunch for kids (6-12 years)?,"For kids (6-12 years), a healthy lunch could include a source of protein like lean meat or beans, a whole grain like brown rice or quinoa, and a variety of colorful vegetables. For example, a grilled chicken salad or a black bean burger on a whole wheat bun."
How can I deal with making food fun in teens (13-18 years)?,"Dealing with making food fun in teens (13-18 years) can be challenging. One tip is to making food fun, for example, by creating a colorful plate or cutting sandwiches into fun shapes. It's also important to be patient and continue offering new foods without pressure."
What are some vegan breakfast for preschoolers (4-5 years)?,"A vegan breakfast for preschoolers (4-5 years) could be a lentil soup with a side of whole-grain bread, or a tofu stir-fry with a variety of vegetables."
Can you give me some information about the healthy snack ideas for kids (6-12 years)?,"The healthy snack ideas is especially important for kids (6-12 years). For example, it's recommended that they drink plenty of water throughout the day to stay hydrated and support their growing bodies."
How can I deal with making food fun in teens (13-18 years)?,"Dealing with making food fun in teens (13-18 years) can be challenging. One tip is to making food fun, for example, by creating a colorful plate or cutting sandwiches into fun shapes. It's also important to be patient and continue offering new foods without pressure."
How can I deal with how to introduce new foods in teens (13-18 years)?,"Dealing with how to introduce new foods in teens (13-18 years) can be challenging. One tip is to how to introduce new foods, for example, by creating a colorful plate or cutting sandwiches into fun shapes. It's also important to be patient and continue offering new foods without pressure."
How can I deal with making food fun in teens (13-18 years)?,"Dealing with making food fun in teens (13-18 years) can be challenging. One tip is to making food fun, for example, by creating a colorful plate or cutting sandwiches into fun shapes. It's also important to be patient and continue offering new foods without pressure."
How can I deal with patience with picky eaters in toddlers (1-3 years)?,"Dealing with patience with picky eaters in toddlers (1-3 years) can be challenging. One tip is to patience with picky eaters, for example, by creating a colorful plate or cutting sandwiches into fun shapes. It's also important to be patient and continue offering new foods without pressure."
How can I deal with how to introduce new foods in kids (6-12 years)?,"Dealing with how to introduce new foods in kids (6-12 years) can be challenging. One tip is to how to introduce new foods, for example, by creating a colorful plate or cutting sandwiches into fun shapes. It's also important to be patient and continue offering new foods without pressure."
Can you give me some information about the the food pyramid for teens (13-18 years)?,"The the food pyramid is especially important for teens (13-18 years). For example, it's recommended that they drink plenty of water throughout the day to stay hydrated and support their growing bodies."
What are some healthy snacks for teens (13-18 years)?,"For teens (13-18 years), a healthy snacks could include a source of protein like lean meat or beans, a whole grain like brown rice or quinoa, and a variety of colorful vegetables. For example, a grilled chicken salad or a black bean burger on a whole wheat bun."
Can you give me some information about the healthy snack ideas for toddlers (1-3 years)?,"The healthy snack ideas is especially important for toddlers (1-3 years). For example, it's recommended that they drink plenty of water throughout the day to stay hydrated and support their growing bodies."
What are some vegetarian snacks for teens (13-18 years)?,"A vegetarian snacks for teens (13-18 years) could be a lentil soup with a side of whole-grain bread, or a tofu stir-fry with a variety of vegetables."
What are the key points of hand washing before meals when preparing food for kids (6-12 years)?,"When it comes to hand washing before meals for kids (6-12 years), it's important to always wash your hands before preparing food, cook meat to the proper temperature, and store leftovers in the refrigerator promptly."
What are the key points of hand washing before meals when preparing food for preschoolers (4-5 years)?,"When it comes to hand washing before meals for preschoolers (4-5 years), it's important to always wash your hands before preparing food, cook meat to the proper temperature, and store leftovers in the refrigerator promptly."
What are some healthy snacks for toddlers (1-3 years)?,"For toddlers (1-3 years), a healthy snacks could include a source of protein like lean meat or beans, a whole grain like brown rice or quinoa, and a variety of colorful vegetables. For example, a grilled chicken salad or a black bean burger on a whole wheat bun."
What are the key points of cross-contamination when preparing food for toddlers (1-3 years)?,"When it comes to cross-contamination for toddlers (1-3 years), it's important to always wash your hands before preparing food, cook meat to the proper temperature, and store leftovers in the refrigerator promptly."
What are some pescatarian breakfast for preschoolers (4-5 years)?,"A pescatarian breakfast for preschoolers (4-5 years) could be a lentil soup with a side of whole-grain bread, or a tofu stir-fry with a variety of vegetables."
My child is allergic to peanuts. What are some safe breakfast for them?,"For a child with a peanuts allergy, it's crucial to avoid any foods containing that allergen. For breakfast, a safe option could be a sunflower seed butter and jelly sandwich on gluten-free bread, or a rice pasta with a vegetable-based sauce."
What are some vegetarian lunch for toddlers (1-3 years)?,"A vegetarian lunch for toddlers (1-3 years) could be a lentil soup with a side of whole-grain bread, or a tofu stir-fry with a variety of vegetables."
What are the key points of cross-contamination when preparing food for kids (6-12 years)?,"When it comes to cross-contamination for kids (6-12 years), it's important to always wash your hands before preparing food, cook meat to the proper temperature, and store leftovers in the refrigerator promptly."
What are some vegetarian breakfast for kids (6-12 years)?,"A vegetarian breakfast for kids (6-12 years) could be a lentil soup with a side of whole-grain bread, or a tofu stir-fry with a variety of vegetables."
Can you give me some information about the importance of hydration for teens (13-18 years)?,"The importance of hydration is especially important for teens (13-18 years). For example, it's recommended that they drink plenty of water throughout the day to stay hydrated and support their growing bodies."
My child is allergic to eggs. What are some safe dinner for them?,"For a child with a eggs allergy, it's crucial to avoid any foods containing that allergen. For dinner, a safe option could be a sunflower seed butter and jelly sandwich on gluten-free bread, or a rice pasta with a vegetable-based sauce."
How can I deal with patience with picky eaters in toddlers (1-3 years)?,"Dealing with patience with picky eaters in toddlers (1-3 years) can be challenging. One tip is to patience with picky eaters, for example, by creating a colorful plate or cutting sandwiches into fun shapes. It's also important to be patient and continue offering new foods without pressure."
Can you give me some information about the the food pyramid for preschoolers (4-5 years)?,"The the food pyramid is especially important for preschoolers (4-5 years). For example, it's recommended that they drink plenty of water throughout the day to stay hydrated and support their growing bodies."
What are some healthy snacks for toddlers (1-3 years)?,"For toddlers (1-3 years), a healthy snacks could include a source of protein like lean meat or beans, a whole grain like brown rice or quinoa, and a variety of colorful vegetables. For example, a grilled chicken salad or a black bean burger on a whole wheat bun."
What are the key points of cross-contamination when preparing food for teens (13-18 years)?,"When it comes to cross-contamination for teens (13-18 years), it's important to always wash your hands before preparing food, cook meat to the proper temperature, and store leftovers in the refrigerator promptly."
What are some vegan dinner for toddlers (1-3 years)?,"A vegan dinner for toddlers (1-3 years) could be a lentil soup with a side of whole-grain bread, or a tofu stir-fry with a variety of vegetables."
How can I deal with making food fun in teens (13-18 years)?,"Dealing with making food fun in teens (13-18 years) can be challenging. One tip is to making food fun, for example, by creating a colorful plate or cutting sandwiches into fun shapes. It's also important to be patient and continue offering new foods without pressure."
My child is allergic to shellfish. What are some safe lunch for them?,"For a child with a shellfish allergy, it's crucial to avoid any foods containing that allergen. For lunch, a safe option could be a sunflower seed butter and jelly sandwich on gluten-free bread, or a rice pasta with a vegetable-based sauce."
How can I deal with involving kids in cooking in preschoolers (4-5 years)?,"Dealing with involving kids in cooking in preschoolers (4-5 years) can be challenging. One tip is to involving kids in cooking, for example, by creating a colorful plate or cutting sandwiches into fun shapes. It's also important to be patient and continue offering new foods without pressure."
Can you give me some information about the how to read nutrition labels for teens (13-18 years)?,"The how to read nutrition labels is especially important for teens (13-18 years). For example, it's recommended that they drink plenty of water throughout the day to stay hydrated and support their growing bodies."
What are the key points of cross-contamination when preparing food for toddlers (1-3 years)?,"When it comes to cross-contamination for toddlers (1-3 years), it's important to always wash your hands before preparing food, cook meat to the proper temperature, and store leftovers in the refrigerator promptly."
What are some healthy snacks for preschoolers (4-5 years)?,"For preschoolers (4-5 years), a healthy snacks could include a source of protein like lean meat or beans, a whole grain like brown rice or quinoa, and a variety of colorful vegetables. For example, a grilled chicken salad or a black bean burger on a whole wheat bun."
What are the key points of hand washing before meals when preparing food for preschoolers (4-5 years)?,"When it comes to hand washing before meals for preschoolers (4-5 years), it's important to always wash your hands before preparing food, cook meat to the proper temperature, and store leftovers in the refrigerator promptly."
How can I deal with patience with picky eaters in preschoolers (4-5 years)?,"Dealing with patience with picky eaters in preschoolers (4-5 years) can be challenging. One tip is to patience with picky eaters, for example, by creating a colorful plate or cutting sandwiches into fun shapes. It's also important to be patient and continue offering new foods without pressure."
What are the key points of safe food storage when preparing food for preschoolers (4-5 years)?,"When it comes to safe food storage for preschoolers (4-5 years), it's important to always wash your hands before preparing food, cook meat to the proper temperature, and store leftovers in the refrigerator promptly."
What are the key points of cooking temperatures when preparing food for toddlers (1-3 years)?,"When it comes to cooking temperatures for toddlers (1-3 years), it's important to always wash your hands before preparing food, cook meat to the proper temperature, and store leftovers in the refrigerator promptly."
What are some healthy dinner for kids (6-12 years)?,"For kids (6-12 years), a healthy dinner could include a source of protein like lean meat or beans, a whole grain like brown rice or quinoa, and a variety of colorful vegetables. For example, a grilled chicken salad or a black bean burger on a whole wheat bun."
What are some vegan breakfast for toddlers (1-3 years)?,"A vegan breakfast for toddlers (1-3 years) could be a lentil soup with a side of whole-grain bread, or a tofu stir-fry with a variety of vegetables."
My child is allergic to gluten. What are some safe breakfast for them?,"For a child with a gluten allergy, it's crucial to avoid any foods containing that allergen. For breakfast, a safe option could be a sunflower seed butter and jelly sandwich on gluten-free bread, or a rice pasta with a vegetable-based sauce."
What are the key points of safe food storage when preparing food for kids (6-12 years)?,"When it comes to safe food storage for kids (6-12 years), it's important to always wash your hands before preparing food, cook meat to the proper temperature, and store leftovers in the refrigerator promptly."
My child is allergic to gluten. What are some safe breakfast for them?,"For a child with a gluten allergy, it's crucial to avoid any foods containing that allergen. For breakfast, a safe option could be a sunflower seed butter and jelly sandwich on gluten-free bread, or a rice pasta with a vegetable-based sauce."
What are some healthy lunch for kids (6-12 years)?,"For kids (6-12 years), a healthy lunch could include a source of protein like lean meat or beans, a whole grain like brown rice or quinoa, and a variety of colorful vegetables. For example, a grilled chicken salad or a black bean burger on a whole wheat bun."
What are some healthy lunch for preschoolers (4-5 years)?,"For preschoolers (4-5 years), a healthy lunch could include a source of protein like lean meat or beans, a whole grain like brown rice or quinoa, and a variety of colorful vegetables. For example, a grilled chicken salad or a black bean burger on a whole wheat bun."
What are some healthy breakfast for preschoolers (4-5 years)?,"For preschoolers (4-5 years), a healthy breakfast could include a source of protein like lean meat or beans, a whole grain like brown rice or quinoa, and a variety of colorful vegetables. For example, a grilled chicken salad or a black bean burger on a whole wheat bun."
What are the key points of cooking temperatures when preparing food for toddlers (1-3 years)?,"When it comes to cooking temperatures for toddlers (1-3 years), it's important to always wash your hands before preparing food, cook meat to the proper temperature, and store leftovers in the refrigerator promptly."
How can I deal with how to introduce new foods in kids (6-12 years)?,"Dealing with how to introduce new foods in kids (6-12 years) can be challenging. One tip is to how to introduce new foods, for example, by creating a colorful plate or cutting sandwiches into fun shapes. It's also important to be patient and continue offering new foods without pressure."
What are some pescatarian dinner for preschoolers (4-5 years)?,"A pescatarian dinner for preschoolers (4-5 years) could be a lentil soup with a side of whole-grain bread, or a tofu stir-fry with a variety of vegetables."
My child is allergic to peanuts. What are some safe snacks for them?,"For a child with a peanuts allergy, it's crucial to avoid any foods containing that allergen. For snacks, a safe option could be a sunflower seed butter and jelly sandwich on gluten-free bread, or a rice pasta with a vegetable-based sauce."
Can you give me some information about the importance of hydration for teens (13-18 years)?,"The importance of hydration is especially important for teens (13-18 years). For example, it's recommended that they drink plenty of water throughout the day to stay hydrated and support their growing bodies."
What are the key points of hand washing before meals when preparing food for preschoolers (4-5 years)?,"When it comes to hand washing before meals for preschoolers (4-5 years), it's important to always wash your hands before preparing food, cook meat to the proper temperature, and store leftovers in the refrigerator promptly."
My child is allergic to dairy. What are some safe dinner for them?,"For a child with a dairy allergy, it's crucial to avoid any foods containing that allergen. For dinner, a safe option could be a sunflower seed butter and jelly sandwich on gluten-free bread, or a rice pasta with a vegetable-based sauce."
Can you give me some information about the the food pyramid for kids (6-12 years)?,"The the food pyramid is especially important for kids (6-12 years). For example, it's recommended that they drink plenty of water throughout the day to stay hydrated and support their growing bodies."
What are some healthy breakfast for preschoolers (4-5 years)?,"For preschoolers (4-5 years), a healthy breakfast could include a source of protein like lean meat or beans, a whole grain like brown rice or quinoa, and a variety of colorful vegetables. For example, a grilled chicken salad or a black bean burger on a whole wheat bun."
What are some healthy dinner for teens (13-18 years)?,"For teens (13-18 years), a healthy dinner could include a source of protein like lean meat or beans, a whole grain like brown rice or quinoa, and a variety of colorful vegetables. For example, a grilled chicken salad or a black bean burger on a whole wheat bun."
What are some healthy breakfast for kids (6-12 years)?,"For kids (6-12 years), a healthy breakfast could include a source of protein like lean meat or beans, a whole grain like brown rice or quinoa, and a variety of colorful vegetables. For example, a grilled chicken salad or a black bean burger on a whole wheat bun."
My child is allergic to gluten. What are some safe breakfast for them?,"For a child with a gluten allergy, it's crucial to avoid any foods containing that allergen. For breakfast, a safe option could be a sunflower seed butter and jelly sandwich on gluten-free bread, or a rice pasta with a vegetable-based sauce."
What are the key points of safe food storage when preparing food for teens (13-18 years)?,"When it comes to safe food storage for teens (13-18 years), it's important to always wash your hands before preparing food, cook meat to the proper temperature, and store leftovers in the refrigerator promptly."
My child is allergic to gluten. What are some safe dinner for them?,"For a child with a gluten allergy, it's crucial to avoid any foods containing that allergen. For dinner, a safe option could be a sunflower seed butter and jelly sandwich on gluten-free bread, or a rice pasta with a vegetable-based sauce."
How can I deal with making food fun in toddlers (1-3 years)?,"Dealing with making food fun in toddlers (1-3 years) can be challenging. One tip is to making food fun, for example, by creating a colorful plate or cutting sandwiches into fun shapes. It's also important to be patient and continue offering new foods without pressure."
My child is allergic to shellfish. What are some safe snacks for them?,"For a child with a shellfish allergy, it's crucial to avoid any foods containing that allergen. For snacks, a safe option could be a sunflower seed butter and jelly sandwich on gluten-free bread, or a rice pasta with a vegetable-based sauce."
What are some vegetarian dinner for toddlers (1-3 years)?,"A vegetarian dinner for toddlers (1-3 years) could be a lentil soup with a side of whole-grain bread, or a tofu stir-fry with a variety of vegetables."
What are some vegan breakfast for teens (13-18 years)?,"A vegan breakfast for teens (13-18 years) could be a lentil soup with a side of whole-grain bread, or a tofu stir-fry with a variety of vegetables."
What are some healthy snacks for teens (13-18 years)?,"For teens (13-18 years), a healthy snacks could include a source of protein like lean meat or beans, a whole grain like brown rice or quinoa, and a variety of colorful vegetables. For example, a grilled chicken salad or a black bean burger on a whole wheat bun."
Can you give me some information about the how to read nutrition labels for toddlers (1-3 years)?,"The how to read nutrition labels is especially important for toddlers (1-3 years). For example, it's recommended that they drink plenty of water throughout the day to stay hydrated and support their growing bodies."
What are some vegan snacks for teens (13-18 years)?,"A vegan snacks for teens (13-18 years) could be a lentil soup with a side of whole-grain bread, or a tofu stir-fry with a variety of vegetables."
What are some pescatarian dinner for kids (6-12 years)?,"A pescatarian dinner for kids (6-12 years) could be a lentil soup with a side of whole-grain bread, or a tofu stir-fry with a variety of vegetables."
What are some vegetarian breakfast for teens (13-18 years)?,"A vegetarian breakfast for teens (13-18 years) could be a lentil soup with a side of whole-grain bread, or a tofu stir-fry with a variety of vegetables."
What are some vegetarian breakfast for toddlers (1-3 years)?,"A vegetarian breakfast for toddlers (1-3 years) could be a lentil soup with a side of whole-grain bread, or a tofu stir-fry with a variety of vegetables."
My child is allergic to gluten. What are some safe dinner for them?,"For a child with a gluten allergy, it's crucial to avoid any foods containing that allergen. For dinner, a safe option could be a sunflower seed butter and jelly sandwich on gluten-free bread, or a rice pasta with a vegetable-based sauce."
What are some vegan lunch for teens (13-18 years)?,"A vegan lunch for teens (13-18 years) could be a lentil soup with a side of whole-grain bread, or a tofu stir-fry with a variety of vegetables."
What are some healthy snacks for preschoolers (4-5 years)?,"For preschoolers (4-5 years), a healthy snacks could include a source of protein like lean meat or beans, a whole grain like brown rice or quinoa, and a variety of colorful vegetables. For example, a grilled chicken salad or a black bean burger on a whole wheat bun."
How can I deal with making food fun in toddlers (1-3 years)?,"Dealing with making food fun in toddlers (1-3 years) can be challenging. One tip is to making food fun, for example, by creating a colorful plate or cutting sandwiches into fun shapes. It's also important to be patient and continue offering new foods without pressure."
What are some pescatarian breakfast for kids (6-12 years)?,"A pescatarian breakfast for kids (6-12 years) could be a lentil soup with a side of whole-grain bread, or a tofu stir-fry with a variety of vegetables."
What are some vegan snacks for toddlers (1-3 years)?,"A vegan snacks for toddlers (1-3 years) could be a lentil soup with a side of whole-grain bread, or a tofu stir-fry with a variety of vegetables."
What are some healthy snacks for kids (6-12 years)?,"For kids (6-12 years), a healthy snacks could include a source of protein like lean meat or beans, a whole grain like brown rice or quinoa, and a variety of colorful vegetables. For example, a grilled chicken salad or a black bean burger on a whole wheat bun."
How can I deal with involving kids in cooking in kids (6-12 years)?,"Dealing with involving kids in cooking in kids (6-12 years) can be challenging. One tip is to involving kids in cooking, for example, by creating a colorful plate or cutting sandwiches into fun shapes. It's also important to be patient and continue offering new foods without pressure."
How can I deal with making food fun in preschoolers (4-5 years)?,"Dealing with making food fun in preschoolers (4-5 years) can be challenging. One tip is to making food fun, for example, by creating a colorful plate or cutting sandwiches into fun shapes. It's also important to be patient and continue offering new foods without pressure."
What are some healthy lunch for toddlers (1-3 years)?,"For toddlers (1-3 years), a healthy lunch could include a source of protein like lean meat or beans, a whole grain like brown rice or quinoa, and a variety of colorful vegetables. For example, a grilled chicken salad or a black bean burger on a whole wheat bun."
What are some pescatarian snacks for preschoolers (4-5 years)?,"A pescatarian snacks for preschoolers (4-5 years) could be a lentil soup with a side of whole-grain bread, or a tofu stir-fry with a variety of vegetables."
How can I deal with patience with picky eaters in preschoolers (4-5 years)?,"Dealing with patience with picky eaters in preschoolers (4-5 years) can be challenging. One tip is to patience with picky eaters, for example, by creating a colorful plate or cutting sandwiches into fun shapes. It's also important to be patient and continue offering new foods without pressure."
What are some healthy snacks for toddlers (1-3 years)?,"For toddlers (1-3 years), a healthy snacks could include a source of protein like lean meat or beans, a whole grain like brown rice or quinoa, and a variety of colorful vegetables. For example, a grilled chicken salad or a black bean burger on a whole wheat bun."
My child is allergic to shellfish. What are some safe breakfast for them?,"For a child with a shellfish allergy, it's crucial to avoid any foods containing that allergen. For breakfast, a safe option could be a sunflower seed butter and jelly sandwich on gluten-free bread, or a rice pasta with a vegetable-based sauce."
What are some healthy lunch for toddlers (1-3 years)?,"For toddlers (1-3 years), a healthy lunch could include a source of protein like lean meat or beans, a whole grain like brown rice or quinoa, and a variety of colorful vegetables. For example, a grilled chicken salad or a black bean burger on a whole wheat bun."
What are some vegan breakfast for teens (13-18 years)?,"A vegan breakfast for teens (13-18 years) could be a lentil soup with a side of whole-grain bread, or a tofu stir-fry with a variety of vegetables."
Can you give me some information about the importance of hydration for teens (13-18 years)?,"The importance of hydration is especially important for teens (13-18 years). For example, it's recommended that they drink plenty of water throughout the day to stay hydrated and support their growing bodies."
Can you give me some information about the the food pyramid for toddlers (1-3 years)?,"The the food pyramid is especially important for toddlers (1-3 years). For example, it's recommended that they drink plenty of water throughout the day to stay hydrated and support their growing bodies."
What are some vegetarian breakfast for toddlers (1-3 years)?,"A vegetarian breakfast for toddlers (1-3 years) could be a lentil soup with a side of whole-grain bread, or a tofu stir-fry with a variety of vegetables."
What are the key points of cooking temperatures when preparing food for preschoolers (4-5 years)?,"When it comes to cooking temperatures for preschoolers (4-5 years), it's important to always wash your hands before preparing food, cook meat to the proper temperature, and store leftovers in the refrigerator promptly."
My child is allergic to dairy. What are some safe snacks for them?,"For a child with a dairy allergy, it's crucial to avoid any foods containing that allergen. For snacks, a safe option could be a sunflower seed butter and jelly sandwich on gluten-free bread, or a rice pasta with a vegetable-based sauce."
What are some vegan lunch for preschoolers (4-5 years)?,"A vegan lunch for preschoolers (4-5 years) could be a lentil soup with a side of whole-grain bread, or a tofu stir-fry with a variety of vegetables."
What are some vegetarian lunch for teens (13-18 years)?,"A vegetarian lunch for teens (13-18 years) could be a lentil soup with a side of whole-grain bread, or a tofu stir-fry with a variety of vegetables."
What are the key points of hand washing before meals when preparing food for teens (13-18 years)?,"When it comes to hand washing before meals for teens (13-18 years), it's important to always wash your hands before preparing food, cook meat to the proper temperature, and store leftovers in the refrigerator promptly."
My child is allergic to peanuts. What are some safe lunch for them?,"For a child with a peanuts allergy, it's crucial to avoid any foods containing that allergen. For lunch, a safe option could be a sunflower seed butter and jelly sandwich on gluten-free bread, or a rice pasta with a vegetable-based sauce."
Can you give me some information about the importance of hydration for teens (13-18 years)?,"The importance of hydration is especially important for teens (13-18 years). For example, it's recommended that they drink plenty of water throughout the day to stay hydrated and support their growing bodies."
What are the key points of cross-contamination when preparing food for kids (6-12 years)?,"When it comes to cross-contamination for kids (6-12 years), it's important to always wash your hands before preparing food, cook meat to the proper temperature, and store leftovers in the refrigerator promptly."
My child is allergic to eggs. What are some safe snacks for them?,"For a child with a eggs allergy, it's crucial to avoid any foods containing that allergen. For snacks, a safe option could be a sunflower seed butter and jelly sandwich on gluten-free bread, or a rice pasta with a vegetable-based sauce."
What are some healthy breakfast for preschoolers (4-5 years)?,"For preschoolers (4-5 years), a healthy breakfast could include a source of protein like lean meat or beans, a whole grain like brown rice or quinoa, and a variety of colorful vegetables. For example, a grilled chicken salad or a black bean burger on a whole wheat bun."
Can you give me some information about the how to read nutrition labels for teens (13-18 years)?,"The how to read nutrition labels is especially important for teens (13-18 years). For example, it's recommended that they drink plenty of water throughout the day to stay hydrated and support their growing bodies."
What are some healthy breakfast for toddlers (1-3 years)?,"For toddlers (1-3 years), a healthy breakfast could include a source of protein like lean meat or beans, a whole grain like brown rice or quinoa, and a variety of colorful vegetables. For example, a grilled chicken salad or a black bean burger on a whole wheat bun."
My child is allergic to gluten. What are some safe breakfast for them?,"For a child with a gluten allergy, it's crucial to avoid any foods containing that allergen. For breakfast, a safe option could be a sunflower seed butter and jelly sandwich on gluten-free bread, or a rice pasta with a vegetable-based sauce."
Can you give me some information about the healthy snack ideas for preschoolers (4-5 years)?,"The healthy snack ideas is especially important for preschoolers (4-5 years). For example, it's recommended that they drink plenty of water throughout the day to stay hydrated and support their growing bodies."
What are the key points of safe food storage when preparing food for teens (13-18 years)?,"When it comes to safe food storage for teens (13-18 years), it's important to always wash your hands before preparing food, cook meat to the proper temperature, and store leftovers in the refrigerator promptly."
My child is allergic to dairy. What are some safe snacks for them?,"For a child with a dairy allergy, it's crucial to avoid any foods containing that allergen. For snacks, a safe option could be a sunflower seed butter and jelly sandwich on gluten-free bread, or a rice pasta with a vegetable-based sauce."
What are some healthy dinner for toddlers (1-3 years)?,"For toddlers (1-3 years), a healthy dinner could include a source of protein like lean meat or beans, a whole grain like brown rice or quinoa, and a variety of colorful vegetables. For example, a grilled chicken salad or a black bean burger on a whole wheat bun."
What are some pescatarian breakfast for teens (13-18 years)?,"A pescatarian breakfast for teens (13-18 years) could be a lentil soup with a side of whole-grain bread, or a tofu stir-fry with a variety of vegetables."
What are some healthy lunch for preschoolers (4-5 years)?,"For preschoolers (4-5 years), a healthy lunch could include a source of protein like lean meat or beans, a whole grain like brown rice or quinoa, and a variety of colorful vegetables. For example, a grilled chicken salad or a black bean burger on a whole wheat bun."
How can I deal with patience with picky eaters in teens (13-18 years)?,"Dealing with patience with picky eaters in teens (13-18 years) can be challenging. One tip is to patience with picky eaters, for example, by creating a colorful plate or cutting sandwiches into fun shapes. It's also important to be patient and continue offering new foods without pressure."
How can I deal with patience with picky eaters in kids (6-12 years)?,"Dealing with patience with picky eaters in kids (6-12 years) can be challenging. One tip is to patience with picky eaters, for example, by creating a colorful plate or cutting sandwiches into fun shapes. It's also important to be patient and continue offering new foods without pressure."
My child is allergic to gluten. What are some safe dinner for them?,"For a child with a gluten allergy, it's crucial to avoid any foods containing that allergen. For dinner, a safe option could be a sunflower seed butter and jelly sandwich on gluten-free bread, or a rice pasta with a vegetable-based sauce."
What are some healthy lunch for kids (6-12 years)?,"For kids (6-12 years), a healthy lunch could include a source of protein like lean meat or beans, a whole grain like brown rice or quinoa, and a variety of colorful vegetables. For example, a grilled chicken salad or a black bean burger on a whole wheat bun."
Can you give me some information about the healthy snack ideas for kids (6-12 years)?,"The healthy snack ideas is especially important for kids (6-12 years). For example, it's recommended that they drink plenty of water throughout the day to stay hydrated and support their growing bodies."
My child is allergic to peanuts. What are some safe lunch for them?,"For a child with a peanuts allergy, it's crucial to avoid any foods containing that allergen. For lunch, a safe option could be a sunflower seed butter and jelly sandwich on gluten-free bread, or a rice pasta with a vegetable-based sauce."
What are some healthy dinner for preschoolers (4-5 years)?,"For preschoolers (4-5 years), a healthy dinner could include a source of protein like lean meat or beans, a whole grain like brown rice or quinoa, and a variety of colorful vegetables. For example, a grilled chicken salad or a black bean burger on a whole wheat bun."
My child is allergic to peanuts. What are some safe snacks for them?,"For a child with a peanuts allergy, it's crucial to avoid any foods containing that allergen. For snacks, a safe option could be a sunflower seed butter and jelly sandwich on gluten-free bread, or a rice pasta with a vegetable-based sauce."
What are the key points of cooking temperatures when preparing food for teens (13-18 years)?,"When it comes to cooking temperatures for teens (13-18 years), it's important to always wash your hands before preparing food, cook meat to the proper temperature, and store leftovers in the refrigerator promptly."
My child is allergic to dairy. What are some safe breakfast for them?,"For a child with a dairy allergy, it's crucial to avoid any foods containing that allergen. For breakfast, a safe option could be a sunflower seed butter and jelly sandwich on gluten-free bread, or a rice pasta with a vegetable-based sauce."
Can you give me some information about the the food pyramid for teens (13-18 years)?,"The the food pyramid is especially important for teens (13-18 years). For example, it's recommended that they drink plenty of water throughout the day to stay hydrated and support their growing bodies."
What are the key points of safe food storage when preparing food for preschoolers (4-5 years)?,"When it comes to safe food storage for preschoolers (4-5 years), it's important to always wash your hands before preparing food, cook meat to the proper temperature, and store leftovers in the refrigerator promptly."
Can you give me some information about the healthy snack ideas for kids (6-12 years)?,"The healthy snack ideas is especially important for kids (6-12 years). For example, it's recommended that they drink plenty of water throughout the day to stay hydrated and support their growing bodies."
My child is allergic to gluten. What are some safe dinner for them?,"For a child with a gluten allergy, it's crucial to avoid any foods containing that allergen. For dinner, a safe option could be a sunflower seed butter and jelly sandwich on gluten-free bread, or a rice pasta with a vegetable-based sauce."
Can you give me some information about the importance of hydration for preschoolers (4-5 years)?,"The importance of hydration is especially important for preschoolers (4-5 years). For example, it's recommended that they drink plenty of water throughout the day to stay hydrated and support their growing bodies."
What are the key points of hand washing before meals when preparing food for preschoolers (4-5 years)?,"When it comes to hand washing before meals for preschoolers (4-5 years), it's important to always wash your hands before preparing food, cook meat to the proper temperature, and store leftovers in the refrigerator promptly."
What are some healthy lunch for teens (13-18 years)?,"For teens (13-18 years), a healthy lunch could include a source of protein like lean meat or beans, a whole grain like brown rice or quinoa, and a variety of colorful vegetables. For example, a grilled chicken salad or a black bean burger on a whole wheat bun."
What are the key points of cooking temperatures when preparing food for preschoolers (4-5 years)?,"When it comes to cooking temperatures for preschoolers (4-5 years), it's important to always wash your hands before preparing food, cook meat to the proper temperature, and store leftovers in the refrigerator promptly."
My child is allergic to dairy. What are some safe breakfast for them?,"For a child with a dairy allergy, it's crucial to avoid any foods containing that allergen. For breakfast, a safe option could be a sunflower seed butter and jelly sandwich on gluten-free bread, or a rice pasta with a vegetable-based sauce."
How can I deal with patience with picky eaters in toddlers (1-3 years)?,"Dealing with patience with picky eaters in toddlers (1-3 years) can be challenging. One tip is to patience with picky eaters, for example, by creating a colorful plate or cutting sandwiches into fun shapes. It's also important to be patient and continue offering new foods without pressure."
What are some healthy breakfast for teens (13-18 years)?,"For teens (13-18 years), a healthy breakfast could include a source of protein like lean meat or beans, a whole grain like brown rice or quinoa, and a variety of colorful vegetables. For example, a grilled chicken salad or a black bean burger on a whole wheat bun."
What are some healthy lunch for kids (6-12 years)?,"For kids (6-12 years), a healthy lunch could include a source of protein like lean meat or beans, a whole grain like brown rice or quinoa, and a variety of colorful vegetables. For example, a grilled chicken salad or a black bean burger on a whole wheat bun."
What are some vegan dinner for preschoolers (4-5 years)?,"A vegan dinner for preschoolers (4-5 years) could be a lentil soup with a side of whole-grain bread, or a tofu stir-fry with a variety of vegetables."
Can you give me some information about the importance of hydration for kids (6-12 years)?,"The importance of hydration is especially important for kids (6-12 years). For example, it's recommended that they drink plenty of water throughout the day to stay hydrated and support their growing bodies."
What are some vegetarian dinner for teens (13-18 years)?,"A vegetarian dinner for teens (13-18 years) could be a lentil soup with a side of whole-grain bread, or a tofu stir-fry with a variety of vegetables."
How can I deal with involving kids in cooking in toddlers (1-3 years)?,"Dealing with involving kids in cooking in toddlers (1-3 years) can be challenging. One tip is to involving kids in cooking, for example, by creating a colorful plate or cutting sandwiches into fun shapes. It's also important to be patient and continue offering new foods without pressure."
My child is allergic to eggs. What are some safe lunch for them?,"For a child with a eggs allergy, it's crucial to avoid any foods containing that allergen. For lunch, a safe option could be a sunflower seed butter and jelly sandwich on gluten-free bread, or a rice pasta with a vegetable-based sauce."
What are the key points of cooking temperatures when preparing food for teens (13-18 years)?,"When it comes to cooking temperatures for teens (13-18 years), it's important to always wash your hands before preparing food, cook meat to the proper temperature, and store leftovers in the refrigerator promptly."
What are some healthy dinner for kids (6-12 years)?,"For kids (6-12 years), a healthy dinner could include a source of protein like lean meat or beans, a whole grain like brown rice or quinoa, and a variety of colorful vegetables. For example, a grilled chicken salad or a black bean burger on a whole wheat bun."
What are the key points of cooking temperatures when preparing food for kids (6-12 years)?,"When it comes to cooking temperatures for kids (6-12 years), it's important to always wash your hands before preparing food, cook meat to the proper temperature, and store leftovers in the refrigerator promptly."
What are some pescatarian dinner for teens (13-18 years)?,"A pescatarian dinner for teens (13-18 years) could be a lentil soup with a side of whole-grain bread, or a tofu stir-fry with a variety of vegetables."
My child is allergic to dairy. What are some safe dinner for them?,"For a child with a dairy allergy, it's crucial to avoid any foods containing that allergen. For dinner, a safe option could be a sunflower seed butter and jelly sandwich on gluten-free bread, or a rice pasta with a vegetable-based sauce."
My child is allergic to gluten. What are some safe dinner for them?,"For a child with a gluten allergy, it's crucial to avoid any foods containing that allergen. For dinner, a safe option could be a sunflower seed butter and jelly sandwich on gluten-free bread, or a rice pasta with a vegetable-based sauce."
My child is allergic to eggs. What are some safe dinner for them?,"For a child with a eggs allergy, it's crucial to avoid any foods containing that allergen. For dinner, a safe option could be a sunflower seed butter and jelly sandwich on gluten-free bread, or a rice pasta with a vegetable-based sauce."
What are some healthy lunch for teens (13-18 years)?,"For teens (13-18 years), a healthy lunch could include a source of protein like lean meat or beans, a whole grain like brown rice or quinoa, and a variety of colorful vegetables. For example, a grilled chicken salad or a black bean burger on a whole wheat bun."
How can I deal with involving kids in cooking in preschoolers (4-5 years)?,"Dealing with involving kids in cooking in preschoolers (4-5 years) can be challenging. One tip is to involving kids in cooking, for example, by creating a colorful plate or cutting sandwiches into fun shapes. It's also important to be patient and continue offering new foods without pressure."
What are some healthy breakfast for teens (13-18 years)?,"For teens (13-18 years), a healthy breakfast could include a source of protein like lean meat or beans, a whole grain like brown rice or quinoa, and a variety of colorful vegetables. For example, a grilled chicken salad or a black bean burger on a whole wheat bun."
What are some vegetarian breakfast for toddlers (1-3 years)?,"A vegetarian breakfast for toddlers (1-3 years) could be a lentil soup with a side of whole-grain bread, or a tofu stir-fry with a variety of vegetables."
What are the key points of cross-contamination when preparing food for preschoolers (4-5 years)?,"When it comes to cross-contamination for preschoolers (4-5 years), it's important to always wash your hands before preparing food, cook meat to the proper temperature, and store leftovers in the refrigerator promptly."
What are some healthy breakfast for kids (6-12 years)?,"For kids (6-12 years), a healthy breakfast could include a source of protein like lean meat or beans, a whole grain like brown rice or quinoa, and a variety of colorful vegetables. For example, a grilled chicken salad or a black bean burger on a whole wheat bun."
Can you give me some information about the healthy snack ideas for teens (13-18 years)?,"The healthy snack ideas is especially important for teens (13-18 years). For example, it's recommended that they drink plenty of water throughout the day to stay hydrated and support their growing bodies."
What are some vegan lunch for toddlers (1-3 years)?,"A vegan lunch for toddlers (1-3 years) could be a lentil soup with a side of whole-grain bread, or a tofu stir-fry with a variety of vegetables."
What are some healthy lunch for kids (6-12 years)?,"For kids (6-12 years), a healthy lunch could include a source of protein like lean meat or beans, a whole grain like brown rice or quinoa, and a variety of colorful vegetables. For example, a grilled chicken salad or a black bean burger on a whole wheat bun."
What are some vegan lunch for teens (13-18 years)?,"A vegan lunch for teens (13-18 years) could be a lentil soup with a side of whole-grain bread, or a tofu stir-fry with a variety of vegetables."
My child is allergic to eggs. What are some safe lunch for them?,"For a child with a eggs allergy, it's crucial to avoid any foods containing that allergen. For lunch, a safe option could be a sunflower seed butter and jelly sandwich on gluten-free bread, or a rice pasta with a vegetable-based sauce."
What are some vegetarian breakfast for preschoolers (4-5 years)?,"A vegetarian breakfast for preschoolers (4-5 years) could be a lentil soup with a side of whole-grain bread, or a tofu stir-fry with a variety of vegetables."
Can you give me some information about the the food pyramid for toddlers (1-3 years)?,"The the food pyramid is especially important for toddlers (1-3 years). For example, it's recommended that they drink plenty of water throughout the day to stay hydrated and support their growing bodies."
How can I deal with patience with picky eaters in preschoolers (4-5 years)?,"Dealing with patience with picky eaters in preschoolers (4-5 years) can be challenging. One tip is to patience with picky eaters, for example, by creating a colorful plate or cutting sandwiches into fun shapes. It's also important to be patient and continue offering new foods without pressure."
What are some healthy snacks for kids (6-12 years)?,"For kids (6-12 years), a healthy snacks could include a source of protein like lean meat or beans, a whole grain like brown rice or quinoa, and a variety of colorful vegetables. For example, a grilled chicken salad or a black bean burger on a whole wheat bun."
How can I deal with involving kids in cooking in preschoolers (4-5 years)?,"Dealing with involving kids in cooking in preschoolers (4-5 years) can be challenging. One tip is to involving kids in cooking, for example, by creating a colorful plate or cutting sandwiches into fun shapes. It's also important to be patient and continue offering new foods without pressure."
My child is allergic to eggs. What are some safe lunch for them?,"For a child with a eggs allergy, it's crucial to avoid any foods containing that allergen. For lunch, a safe option could be a sunflower seed butter and jelly sandwich on gluten-free bread, or a rice pasta with a vegetable-based sauce."
What are some healthy snacks for kids (6-12 years)?,"For kids (6-12 years), a healthy snacks could include a source of protein like lean meat or beans, a whole grain like brown rice or quinoa, and a variety of colorful vegetables. For example, a grilled chicken salad or a black bean burger on a whole wheat bun."
Can you give me some information about the healthy snack ideas for teens (13-18 years)?,"The healthy snack ideas is especially important for teens (13-18 years). For example, it's recommended that they drink plenty of water throughout the day to stay hydrated and support their growing bodies."
How can I deal with making food fun in teens (13-18 years)?,"Dealing with making food fun in teens (13-18 years) can be challenging. One tip is to making food fun, for example, by creating a colorful plate or cutting sandwiches into fun shapes. It's also important to be patient and continue offering new foods without pressure."
What are some healthy dinner for teens (13-18 years)?,"For teens (13-18 years), a healthy dinner could include a source of protein like lean meat or beans, a whole grain like brown rice or quinoa, and a variety of colorful vegetables. For example, a grilled chicken salad or a black bean burger on a whole wheat bun."
Can you give me some information about the benefits of a balanced diet for kids (6-12 years)?,"The benefits of a balanced diet is especially important for kids (6-12 years). For example, it's recommended that they drink plenty of water throughout the day to stay hydrated and support their growing bodies."
What are the key points of safe food storage when preparing food for toddlers (1-3 years)?,"When it comes to safe food storage for toddlers (1-3 years), it's important to always wash your hands before preparing food, cook meat to the proper temperature, and store leftovers in the refrigerator promptly."
What are the key points of cooking temperatures when preparing food for toddlers (1-3 years)?,"When it comes to cooking temperatures for toddlers (1-3 years), it's important to always wash your hands before preparing food, cook meat to the proper temperature, and store leftovers in the refrigerator promptly."
How can I deal with how to introduce new foods in kids (6-12 years)?,"Dealing with how to introduce new foods in kids (6-12 years) can be challenging. One tip is to how to introduce new foods, for example, by creating a colorful plate or cutting sandwiches into fun shapes. It's also important to be patient and continue offering new foods without pressure."
What are some healthy dinner for preschoolers (4-5 years)?,"For preschoolers (4-5 years), a healthy dinner could include a source of protein like lean meat or beans, a whole grain like brown rice or quinoa, and a variety of colorful vegetables. For example, a grilled chicken salad or a black bean burger on a whole wheat bun."
How can I deal with patience with picky eaters in preschoolers (4-5 years)?,"Dealing with patience with picky eaters in preschoolers (4-5 years) can be challenging. One tip is to patience with picky eaters, for example, by creating a colorful plate or cutting sandwiches into fun shapes. It's also important to be patient and continue offering new foods without pressure."
My child is allergic to peanuts. What are some safe dinner for them?,"For a child with a peanuts allergy, it's crucial to avoid any foods containing that allergen. For dinner, a safe option could be a sunflower seed butter and jelly sandwich on gluten-free bread, or a rice pasta with a vegetable-based sauce."
What are some healthy breakfast for kids (6-12 years)?,"For kids (6-12 years), a healthy breakfast could include a source of protein like lean meat or beans, a whole grain like brown rice or quinoa, and a variety of colorful vegetables. For example, a grilled chicken salad or a black bean burger on a whole wheat bun."
What are some healthy lunch for toddlers (1-3 years)?,"For toddlers (1-3 years), a healthy lunch could include a source of protein like lean meat or beans, a whole grain like brown rice or quinoa, and a variety of colorful vegetables. For example, a grilled chicken salad or a black bean burger on a whole wheat bun."
Can you give me some information about the importance of hydration for preschoolers (4-5 years)?,"The importance of hydration is especially important for preschoolers (4-5 years). For example, it's recommended that they drink plenty of water throughout the day to stay hydrated and support their growing bodies."
What are some healthy dinner for toddlers (1-3 years)?,"For toddlers (1-3 years), a healthy dinner could include a source of protein like lean meat or beans, a whole grain like brown rice or quinoa, and a variety of colorful vegetables. For example, a grilled chicken salad or a black bean burger on a whole wheat bun."
Can you give me some information about the benefits of a balanced diet for preschoolers (4-5 years)?,"The benefits of a balanced diet is especially important for preschoolers (4-5 years). For example, it's recommended that they drink plenty of water throughout the day to stay hydrated and support their growing bodies."
How can I deal with involving kids in cooking in kids (6-12 years)?,"Dealing with involving kids in cooking in kids (6-12 years) can be challenging. One tip is to involving kids in cooking, for example, by creating a colorful plate or cutting sandwiches into fun shapes. It's also important to be patient and continue offering new foods without pressure."
Can you give me some information about the benefits of a balanced diet for toddlers (1-3 years)?,"The benefits of a balanced diet is especially important for toddlers (1-3 years). For example, it's recommended that they drink plenty of water throughout the day to stay hydrated and support their growing bodies."
Can you give me some information about the how to read nutrition labels for toddlers (1-3 years)?,"The how to read nutrition labels is especially important for toddlers (1-3 years). For example, it's recommended that they drink plenty of water throughout the day to stay hydrated and support their growing bodies."
My child is allergic to dairy. What are some safe dinner for them?,"For a child with a dairy allergy, it's crucial to avoid any foods containing that allergen. For dinner, a safe option could be a sunflower seed butter and jelly sandwich on gluten-free bread, or a rice pasta with a vegetable-based sauce."
What are the key points of hand washing before meals when preparing food for toddlers (1-3 years)?,"When it comes to hand washing before meals for toddlers (1-3 years), it's important to always wash your hands before preparing food, cook meat to the proper temperature, and store leftovers in the refrigerator promptly."
What are some vegetarian dinner for teens (13-18 years)?,"A vegetarian dinner for teens (13-18 years) could be a lentil soup with a side of whole-grain bread, or a tofu stir-fry with a variety of vegetables."
What are some healthy breakfast for preschoolers (4-5 years)?,"For preschoolers (4-5 years), a healthy breakfast could include a source of protein like lean meat or beans, a whole grain like brown rice or quinoa, and a variety of colorful vegetables. For example, a grilled chicken salad or a black bean burger on a whole wheat bun."
What are the key points of hand washing before meals when preparing food for kids (6-12 years)?,"When it comes to hand washing before meals for kids (6-12 years), it's important to always wash your hands before preparing food, cook meat to the proper temperature, and store leftovers in the refrigerator promptly."
What are some healthy dinner for preschoolers (4-5 years)?,"For preschoolers (4-5 years), a healthy dinner could include a source of protein like lean meat or beans, a whole grain like brown rice or quinoa, and a variety of colorful vegetables. For example, a grilled chicken salad or a black bean burger on a whole wheat bun."
What are some healthy dinner for preschoolers (4-5 years)?,"For preschoolers (4-5 years), a healthy dinner could include a source of protein like lean meat or beans, a whole grain like brown rice or quinoa, and a variety of colorful vegetables. For example, a grilled chicken salad or a black bean burger on a whole wheat bun."
What are the key points of cooking temperatures when preparing food for toddlers (1-3 years)?,"When it comes to cooking temperatures for toddlers (1-3 years), it's important to always wash your hands before preparing food, cook meat to the proper temperature, and store leftovers in the refrigerator promptly."
How can I deal with how to introduce new foods in kids (6-12 years)?,"Dealing with how to introduce new foods in kids (6-12 years) can be challenging. One tip is to how to introduce new foods, for example, by creating a colorful plate or cutting sandwiches into fun shapes. It's also important to be patient and continue offering new foods without pressure."
What are the key points of hand washing before meals when preparing food for preschoolers (4-5 years)?,"When it comes to hand washing before meals for preschoolers (4-5 years), it's important to always wash your hands before preparing food, cook meat to the proper temperature, and store leftovers in the refrigerator promptly."
My child is allergic to dairy. What are some safe breakfast for them?,"For a child with a dairy allergy, it's crucial to avoid any foods containing that allergen. For breakfast, a safe option could be a sunflower seed butter and jelly sandwich on gluten-free bread, or a rice pasta with a vegetable-based sauce."
My child is allergic to peanuts. What are some safe dinner for them?,"For a child with a peanuts allergy, it's crucial to avoid any foods containing that allergen. For dinner, a safe option could be a sunflower seed butter and jelly sandwich on gluten-free bread, or a rice pasta with a vegetable-based sauce."
My child is allergic to eggs. What are some safe dinner for them?,"For a child with a eggs allergy, it's crucial to avoid any foods containing that allergen. For dinner, a safe option could be a sunflower seed butter and jelly sandwich on gluten-free bread, or a rice pasta with a vegetable-based sauce."
What are the key points of hand washing before meals when preparing food for teens (13-18 years)?,"When it comes to hand washing before meals for teens (13-18 years), it's important to always wash your hands before preparing food, cook meat to the proper temperature, and store leftovers in the refrigerator promptly."
My child is allergic to eggs. What are some safe lunch for them?,"For a child with a eggs allergy, it's crucial to avoid any foods containing that allergen. For lunch, a safe option could be a sunflower seed butter and jelly sandwich on gluten-free bread, or a rice pasta with a vegetable-based sauce."
What are some vegan breakfast for kids (6-12 years)?,"A vegan breakfast for kids (6-12 years) could be a lentil soup with a side of whole-grain bread, or a tofu stir-fry with a variety of vegetables."
What are the key points of cooking temperatures when preparing food for preschoolers (4-5 years)?,"When it comes to cooking temperatures for preschoolers (4-5 years), it's important to always wash your hands before preparing food, cook meat to the proper temperature, and store leftovers in the refrigerator promptly."
What are the key points of hand washing before meals when preparing food for teens (13-18 years)?,"When it comes to hand washing before meals for teens (13-18 years), it's important to always wash your hands before preparing food, cook meat to the proper temperature, and store leftovers in the refrigerator promptly."
What are the key points of cross-contamination when preparing food for teens (13-18 years)?,"When it comes to cross-contamination for teens (13-18 years), it's important to always wash your hands before preparing food, cook meat to the proper temperature, and store leftovers in the refrigerator promptly."
What are the key points of hand washing before meals when preparing food for toddlers (1-3 years)?,"When it comes to hand washing before meals for toddlers (1-3 years), it's important to always wash your hands before preparing food, cook meat to the proper temperature, and store leftovers in the refrigerator promptly."
Can you give me some information about the how to read nutrition labels for toddlers (1-3 years)?,"The how to read nutrition labels is especially important for toddlers (1-3 years). For example, it's recommended that they drink plenty of water throughout the day to stay hydrated and support their growing bodies."
What are some vegetarian breakfast for teens (13-18 years)?,"A vegetarian breakfast for teens (13-18 years) could be a lentil soup with a side of whole-grain bread, or a tofu stir-fry with a variety of vegetables."
What are some healthy lunch for teens (13-18 years)?,"For teens (13-18 years), a healthy lunch could include a source of protein like lean meat or beans, a whole grain like brown rice or quinoa, and a variety of colorful vegetables. For example, a grilled chicken salad or a black bean burger on a whole wheat bun."
How can I deal with making food fun in preschoolers (4-5 years)?,"Dealing with making food fun in preschoolers (4-5 years) can be challenging. One tip is to making food fun, for example, by creating a colorful plate or cutting sandwiches into fun shapes. It's also important to be patient and continue offering new foods without pressure."
My child is allergic to eggs. What are some safe lunch for them?,"For a child with a eggs allergy, it's crucial to avoid any foods containing that allergen. For lunch, a safe option could be a sunflower seed butter and jelly sandwich on gluten-free bread, or a rice pasta with a vegetable-based sauce."
What are the key points of cross-contamination when preparing food for kids (6-12 years)?,"When it comes to cross-contamination for kids (6-12 years), it's important to always wash your hands before preparing food, cook meat to the proper temperature, and store leftovers in the refrigerator promptly."
What are the key points of cooking temperatures when preparing food for teens (13-18 years)?,"When it comes to cooking temperatures for teens (13-18 years), it's important to always wash your hands before preparing food, cook meat to the proper temperature, and store leftovers in the refrigerator promptly."
Can you give me some information about the importance of hydration for toddlers (1-3 years)?,"The importance of hydration is especially important for toddlers (1-3 years). For example, it's recommended that they drink plenty of water throughout the day to stay hydrated and support their growing bodies."
What are the key points of safe food storage when preparing food for kids (6-12 years)?,"When it comes to safe food storage for kids (6-12 years), it's important to always wash your hands before preparing food, cook meat to the proper temperature, and store leftovers in the refrigerator promptly."
What are the key points of safe food storage when preparing food for kids (6-12 years)?,"When it comes to safe food storage for kids (6-12 years), it's important to always wash your hands before preparing food, cook meat to the proper temperature, and store leftovers in the refrigerator promptly."
What are the key points of cooking temperatures when preparing food for toddlers (1-3 years)?,"When it comes to cooking temperatures for toddlers (1-3 years), it's important to always wash your hands before preparing food, cook meat to the proper temperature, and store leftovers in the refrigerator promptly."
How can I deal with how to introduce new foods in kids (6-12 years)?,"Dealing with how to introduce new foods in kids (6-12 years) can be challenging. One tip is to how to introduce new foods, for example, by creating a colorful plate or cutting sandwiches into fun shapes. It's also important to be patient and continue offering new foods without pressure."
What are some vegan dinner for teens (13-18 years)?,"A vegan dinner for teens (13-18 years) could be a lentil soup with a side of whole-grain bread, or a tofu stir-fry with a variety of vegetables."
My child is allergic to dairy. What are some safe snacks for them?,"For a child with a dairy allergy, it's crucial to avoid any foods containing that allergen. For snacks, a safe option could be a sunflower seed butter and jelly sandwich on gluten-free bread, or a rice pasta with a vegetable-based sauce."
What are the key points of safe food storage when preparing food for kids (6-12 years)?,"When it comes to safe food storage for kids (6-12 years), it's important to always wash your hands before preparing food, cook meat to the proper temperature, and store leftovers in the refrigerator promptly."
My child is allergic to gluten. What are some safe dinner for them?,"For a child with a gluten allergy, it's crucial to avoid any foods containing that allergen. For dinner, a safe option could be a sunflower seed butter and jelly sandwich on gluten-free bread, or a rice pasta with a vegetable-based sauce."
How can I deal with patience with picky eaters in toddlers (1-3 years)?,"Dealing with patience with picky eaters in toddlers (1-3 years) can be challenging. One tip is to patience with picky eaters, for example, by creating a colorful plate or cutting sandwiches into fun shapes. It's also important to be patient and continue offering new foods without pressure."
Can you give me some information about the healthy snack ideas for preschoolers (4-5 years)?,"The healthy snack ideas is especially important for preschoolers (4-5 years). For example, it's recommended that they drink plenty of water throughout the day to stay hydrated and support their growing bodies."
How can I deal with involving kids in cooking in teens (13-18 years)?,"Dealing with involving kids in cooking in teens (13-18 years) can be challenging. One tip is to involving kids in cooking, for example, by creating a colorful plate or cutting sandwiches into fun shapes. It's also important to be patient and continue offering new foods without pressure."
My child is allergic to dairy. What are some safe snacks for them?,"For a child with a dairy allergy, it's crucial to avoid any foods containing that allergen. For snacks, a safe option could be a sunflower seed butter and jelly sandwich on gluten-free bread, or a rice pasta with a vegetable-based sauce."
What are some healthy breakfast for toddlers (1-3 years)?,"For toddlers (1-3 years), a healthy breakfast could include a source of protein like lean meat or beans, a whole grain like brown rice or quinoa, and a variety of colorful vegetables. For example, a grilled chicken salad or a black bean burger on a whole wheat bun."
How can I deal with involving kids in cooking in kids (6-12 years)?,"Dealing with involving kids in cooking in kids (6-12 years) can be challenging. One tip is to involving kids in cooking, for example, by creating a colorful plate or cutting sandwiches into fun shapes. It's also important to be patient and continue offering new foods without pressure."
My child is allergic to eggs. What are some safe dinner for them?,"For a child with a eggs allergy, it's crucial to avoid any foods containing that allergen. For dinner, a safe option could be a sunflower seed butter and jelly sandwich on gluten-free bread, or a rice pasta with a vegetable-based sauce."
How can I deal with making food fun in kids (6-12 years)?,"Dealing with making food fun in kids (6-12 years) can be challenging. One tip is to making food fun, for example, by creating a colorful plate or cutting sandwiches into fun shapes. It's also important to be patient and continue offering new foods without pressure."
What are the key points of hand washing before meals when preparing food for kids (6-12 years)?,"When it comes to hand washing before meals for kids (6-12 years), it's important to always wash your hands before preparing food, cook meat to the proper temperature, and store leftovers in the refrigerator promptly."
What are some healthy dinner for toddlers (1-3 years)?,"For toddlers (1-3 years), a healthy dinner could include a source of protein like lean meat or beans, a whole grain like brown rice or quinoa, and a variety of colorful vegetables. For example, a grilled chicken salad or a black bean burger on a whole wheat bun."
What are some healthy breakfast for preschoolers (4-5 years)?,"For preschoolers (4-5 years), a healthy breakfast could include a source of protein like lean meat or beans, a whole grain like brown rice or quinoa, and a variety of colorful vegetables. For example, a grilled chicken salad or a black bean burger on a whole wheat bun."
Can you give me some information about the the food pyramid for toddlers (1-3 years)?,"The the food pyramid is especially important for toddlers (1-3 years). For example, it's recommended that they drink plenty of water throughout the day to stay hydrated and support their growing bodies."
Can you give me some information about the healthy snack ideas for preschoolers (4-5 years)?,"The healthy snack ideas is especially important for preschoolers (4-5 years). For example, it's recommended that they drink plenty of water throughout the day to stay hydrated and support their growing bodies."
My child is allergic to dairy. What are some safe lunch for them?,"For a child with a dairy allergy, it's crucial to avoid any foods containing that allergen. For lunch, a safe option could be a sunflower seed butter and jelly sandwich on gluten-free bread, or a rice pasta with a vegetable-based sauce."
How can I deal with how to introduce new foods in preschoolers (4-5 years)?,"Dealing with how to introduce new foods in preschoolers (4-5 years) can be challenging. One tip is to how to introduce new foods, for example, by creating a colorful plate or cutting sandwiches into fun shapes. It's also important to be patient and continue offering new foods without pressure."
My child is allergic to gluten. What are some safe breakfast for them?,"For a child with a gluten allergy, it's crucial to avoid any foods containing that allergen. For breakfast, a safe option could be a sunflower seed butter and jelly sandwich on gluten-free bread, or a rice pasta with a vegetable-based sauce."
What are the key points of cooking temperatures when preparing food for preschoolers (4-5 years)?,"When it comes to cooking temperatures for preschoolers (4-5 years), it's important to always wash your hands before preparing food, cook meat to the proper temperature, and store leftovers in the refrigerator promptly."
How can I deal with patience with picky eaters in teens (13-18 years)?,"Dealing with patience with picky eaters in teens (13-18 years) can be challenging. One tip is to patience with picky eaters, for example, by creating a colorful plate or cutting sandwiches into fun shapes. It's also important to be patient and continue offering new foods without pressure."
My child is allergic to peanuts. What are some safe breakfast for them?,"For a child with a peanuts allergy, it's crucial to avoid any foods containing that allergen. For breakfast, a safe option could be a sunflower seed butter and jelly sandwich on gluten-free bread, or a rice pasta with a vegetable-based sauce."
My child is allergic to dairy. What are some safe lunch for them?,"For a child with a dairy allergy, it's crucial to avoid any foods containing that allergen. For lunch, a safe option could be a sunflower seed butter and jelly sandwich on gluten-free bread, or a rice pasta with a vegetable-based sauce."
What are the key points of cooking temperatures when preparing food for toddlers (1-3 years)?,"When it comes to cooking temperatures for toddlers (1-3 years), it's important to always wash your hands before preparing food, cook meat to the proper temperature, and store leftovers in the refrigerator promptly."
Can you give me some information about the how to read nutrition labels for toddlers (1-3 years)?,"The how to read nutrition labels is especially important for toddlers (1-3 years). For example, it's recommended that they drink plenty of water throughout the day to stay hydrated and support their growing bodies."
How can I deal with making food fun in kids (6-12 years)?,"Dealing with making food fun in kids (6-12 years) can be challenging. One tip is to making food fun, for example, by creating a colorful plate or cutting sandwiches into fun shapes. It's also important to be patient and continue offering new foods without pressure."
Can you give me some information about the benefits of a balanced diet for toddlers (1-3 years)?,"The benefits of a balanced diet is especially important for toddlers (1-3 years). For example, it's recommended that they drink plenty of water throughout the day to stay hydrated and support their growing bodies."
How can I deal with making food fun in toddlers (1-3 years)?,"Dealing with making food fun in toddlers (1-3 years) can be challenging. One tip is to making food fun, for example, by creating a colorful plate or cutting sandwiches into fun shapes. It's also important to be patient and continue offering new foods without pressure."
My child is allergic to peanuts. What are some safe breakfast for them?,"For a child with a peanuts allergy, it's crucial to avoid any foods containing that allergen. For breakfast, a safe option could be a sunflower seed butter and jelly sandwich on gluten-free bread, or a rice pasta with a vegetable-based sauce."
What are some vegan snacks for preschoolers (4-5 years)?,"A vegan snacks for preschoolers (4-5 years) could be a lentil soup with a side of whole-grain bread, or a tofu stir-fry with a variety of vegetables."
Can you give me some information about the how to read nutrition labels for preschoolers (4-5 years)?,"The how to read nutrition labels is especially important for preschoolers (4-5 years). For example, it's recommended that they drink plenty of water throughout the day to stay hydrated and support their growing bodies."
What are some vegan lunch for teens (13-18 years)?,"A vegan lunch for teens (13-18 years) could be a lentil soup with a side of whole-grain bread, or a tofu stir-fry with a variety of vegetables."
What are some pescatarian dinner for teens (13-18 years)?,"A pescatarian dinner for teens (13-18 years) could be a lentil soup with a side of whole-grain bread, or a tofu stir-fry with a variety of vegetables."
What are some pescatarian breakfast for kids (6-12 years)?,"A pescatarian breakfast for kids (6-12 years) could be a lentil soup with a side of whole-grain bread, or a tofu stir-fry with a variety of vegetables."
My child is allergic to eggs. What are some safe dinner for them?,"For a child with a eggs allergy, it's crucial to avoid any foods containing that allergen. For dinner, a safe option could be a sunflower seed butter and jelly sandwich on gluten-free bread, or a rice pasta with a vegetable-based sauce."
Can you give me some information about the healthy snack ideas for preschoolers (4-5 years)?,"The healthy snack ideas is especially important for preschoolers (4-5 years). For example, it's recommended that they drink plenty of water throughout the day to stay hydrated and support their growing bodies."
What are some healthy breakfast for preschoolers (4-5 years)?,"For preschoolers (4-5 years), a healthy breakfast could include a source of protein like lean meat or beans, a whole grain like brown rice or quinoa, and a variety of colorful vegetables. For example, a grilled chicken salad or a black bean burger on a whole wheat bun."
How can I deal with how to introduce new foods in teens (13-18 years)?,"Dealing with how to introduce new foods in teens (13-18 years) can be challenging. One tip is to how to introduce new foods, for example, by creating a colorful plate or cutting sandwiches into fun shapes. It's also important to be patient and continue offering new foods without pressure."
What are some healthy lunch for kids (6-12 years)?,"For kids (6-12 years), a healthy lunch could include a source of protein like lean meat or beans, a whole grain like brown rice or quinoa, and a variety of colorful vegetables. For example, a grilled chicken salad or a black bean burger on a whole wheat bun."
Can you give me some information about the benefits of a balanced diet for teens (13-18 years)?,"The benefits of a balanced diet is especially important for teens (13-18 years). For example, it's recommended that they drink plenty of water throughout the day to stay hydrated and support their growing bodies."
My child is allergic to shellfish. What are some safe lunch for them?,"For a child with a shellfish allergy, it's crucial to avoid any foods containing that allergen. For lunch, a safe option could be a sunflower seed butter and jelly sandwich on gluten-free bread, or a rice pasta with a vegetable-based sauce."
How can I deal with patience with picky eaters in kids (6-12 years)?,"Dealing with patience with picky eaters in kids (6-12 years) can be challenging. One tip is to patience with picky eaters, for example, by creating a colorful plate or cutting sandwiches into fun shapes. It's also important to be patient and continue offering new foods without pressure."
How can I deal with how to introduce new foods in preschoolers (4-5 years)?,"Dealing with how to introduce new foods in preschoolers (4-5 years) can be challenging. One tip is to how to introduce new foods, for example, by creating a colorful plate or cutting sandwiches into fun shapes. It's also important to be patient and continue offering new foods without pressure."
What are the key points of hand washing before meals when preparing food for preschoolers (4-5 years)?,"When it comes to hand washing before meals for preschoolers (4-5 years), it's important to always wash your hands before preparing food, cook meat to the proper temperature, and store leftovers in the refrigerator promptly."
My child is allergic to dairy. What are some safe breakfast for them?,"For a child with a dairy allergy, it's crucial to avoid any foods containing that allergen. For breakfast, a safe option could be a sunflower seed butter and jelly sandwich on gluten-free bread, or a rice pasta with a vegetable-based sauce."
What are the key points of cooking temperatures when preparing food for kids (6-12 years)?,"When it comes to cooking temperatures for kids (6-12 years), it's important to always wash your hands before preparing food, cook meat to the proper temperature, and store leftovers in the refrigerator promptly."
What are some vegan dinner for teens (13-18 years)?,"A vegan dinner for teens (13-18 years) could be a lentil soup with a side of whole-grain bread, or a tofu stir-fry with a variety of vegetables."
What are the key points of hand washing before meals when preparing food for kids (6-12 years)?,"When it comes to hand washing before meals for kids (6-12 years), it's important to always wash your hands before preparing food, cook meat to the proper temperature, and store leftovers in the refrigerator promptly."
What are some vegan snacks for toddlers (1-3 years)?,"A vegan snacks for toddlers (1-3 years) could be a lentil soup with a side of whole-grain bread, or a tofu stir-fry with a variety of vegetables."
My child is allergic to eggs. What are some safe dinner for them?,"For a child with a eggs allergy, it's crucial to avoid any foods containing that allergen. For dinner, a safe option could be a sunflower seed butter and jelly sandwich on gluten-free bread, or a rice pasta with a vegetable-based sauce."
My child is allergic to eggs. What are some safe breakfast for them?,"For a child with a eggs allergy, it's crucial to avoid any foods containing that allergen. For breakfast, a safe option could be a sunflower seed butter and jelly sandwich on gluten-free bread, or a rice pasta with a vegetable-based sauce."
How can I deal with patience with picky eaters in kids (6-12 years)?,"Dealing with patience with picky eaters in kids (6-12 years) can be challenging. One tip is to patience with picky eaters, for example, by creating a colorful plate or cutting sandwiches into fun shapes. It's also important to be patient and continue offering new foods without pressure."
What are the key points of safe food storage when preparing food for toddlers (1-3 years)?,"When it comes to safe food storage for toddlers (1-3 years), it's important to always wash your hands before preparing food, cook meat to the proper temperature, and store leftovers in the refrigerator promptly."
Can you give me some information about the how to read nutrition labels for toddlers (1-3 years)?,"The how to read nutrition labels is especially important for toddlers (1-3 years). For example, it's recommended that they drink plenty of water throughout the day to stay hydrated and support their growing bodies."
How can I deal with how to introduce new foods in kids (6-12 years)?,"Dealing with how to introduce new foods in kids (6-12 years) can be challenging. One tip is to how to introduce new foods, for example, by creating a colorful plate or cutting sandwiches into fun shapes. It's also important to be patient and continue offering new foods without pressure."
Can you give me some information about the importance of hydration for toddlers (1-3 years)?,"The importance of hydration is especially important for toddlers (1-3 years). For example, it's recommended that they drink plenty of water throughout the day to stay hydrated and support their growing bodies."
How can I deal with how to introduce new foods in teens (13-18 years)?,"Dealing with how to introduce new foods in teens (13-18 years) can be challenging. One tip is to how to introduce new foods, for example, by creating a colorful plate or cutting sandwiches into fun shapes. It's also important to be patient and continue offering new foods without pressure."
What are some vegan lunch for teens (13-18 years)?,"A vegan lunch for teens (13-18 years) could be a lentil soup with a side of whole-grain bread, or a tofu stir-fry with a variety of vegetables."
Can you give me some information about the healthy snack ideas for teens (13-18 years)?,"The healthy snack ideas is especially important for teens (13-18 years). For example, it's recommended that they drink plenty of water throughout the day to stay hydrated and support their growing bodies."
Can you give me some information about the how to read nutrition labels for teens (13-18 years)?,"The how to read nutrition labels is especially important for teens (13-18 years). For example, it's recommended that they drink plenty of water throughout the day to stay hydrated and support their growing bodies."
My child is allergic to shellfish. What are some safe breakfast for them?,"For a child with a shellfish allergy, it's crucial to avoid any foods containing that allergen. For breakfast, a safe option could be a sunflower seed butter and jelly sandwich on gluten-free bread, or a rice pasta with a vegetable-based sauce."
What are some vegetarian snacks for toddlers (1-3 years)?,"A vegetarian snacks for toddlers (1-3 years) could be a lentil soup with a side of whole-grain bread, or a tofu stir-fry with a variety of vegetables."
What are some pescatarian lunch for teens (13-18 years)?,"A pescatarian lunch for teens (13-18 years) could be a lentil soup with a side of whole-grain bread, or a tofu stir-fry with a variety of vegetables."
Can you give me some information about the how to read nutrition labels for teens (13-18 years)?,"The how to read nutrition labels is especially important for teens (13-18 years). For example, it's recommended that they drink plenty of water throughout the day to stay hydrated and support their growing bodies."
How can I deal with how to introduce new foods in preschoolers (4-5 years)?,"Dealing with how to introduce new foods in preschoolers (4-5 years) can be challenging. One tip is to how to introduce new foods, for example, by creating a colorful plate or cutting sandwiches into fun shapes. It's also important to be patient and continue offering new foods without pressure."
What are the key points of cross-contamination when preparing food for preschoolers (4-5 years)?,"When it comes to cross-contamination for preschoolers (4-5 years), it's important to always wash your hands before preparing food, cook meat to the proper temperature, and store leftovers in the refrigerator promptly."
My child is allergic to gluten. What are some safe snacks for them?,"For a child with a gluten allergy, it's crucial to avoid any foods containing that allergen. For snacks, a safe option could be a sunflower seed butter and jelly sandwich on gluten-free bread, or a rice pasta with a vegetable-based sauce."
What are some vegetarian snacks for teens (13-18 years)?,"A vegetarian snacks for teens (13-18 years) could be a lentil soup with a side of whole-grain bread, or a tofu stir-fry with a variety of vegetables."
Can you give me some information about the importance of hydration for teens (13-18 years)?,"The importance of hydration is especially important for teens (13-18 years). For example, it's recommended that they drink plenty of water throughout the day to stay hydrated and support their growing bodies."
What are the key points of cross-contamination when preparing food for preschoolers (4-5 years)?,"When it comes to cross-contamination for preschoolers (4-5 years), it's important to always wash your hands before preparing food, cook meat to the proper temperature, and store leftovers in the refrigerator promptly."
My child is allergic to gluten. What are some safe dinner for them?,"For a child with a gluten allergy, it's crucial to avoid any foods containing that allergen. For dinner, a safe option could be a sunflower seed butter and jelly sandwich on gluten-free bread, or a rice pasta with a vegetable-based sauce."
My child is allergic to dairy. What are some safe breakfast for them?,"For a child with a dairy allergy, it's crucial to avoid any foods containing that allergen. For breakfast, a safe option could be a sunflower seed butter and jelly sandwich on gluten-free bread, or a rice pasta with a vegetable-based sauce."
What are the key points of safe food storage when preparing food for toddlers (1-3 years)?,"When it comes to safe food storage for toddlers (1-3 years), it's important to always wash your hands before preparing food, cook meat to the proper temperature, and store leftovers in the refrigerator promptly."
Can you give me some information about the how to read nutrition labels for toddlers (1-3 years)?,"The how to read nutrition labels is especially important for toddlers (1-3 years). For example, it's recommended that they drink plenty of water throughout the day to stay hydrated and support their growing bodies."
How can I deal with making food fun in kids (6-12 years)?,"Dealing with making food fun in kids (6-12 years) can be challenging. One tip is to making food fun, for example, by creating a colorful plate or cutting sandwiches into fun shapes. It's also important to be patient and continue offering new foods without pressure."
What are the key points of cooking temperatures when preparing food for kids (6-12 years)?,"When it comes to cooking temperatures for kids (6-12 years), it's important to always wash your hands before preparing food, cook meat to the proper temperature, and store leftovers in the refrigerator promptly."
What are some pescatarian lunch for teens (13-18 years)?,"A pescatarian lunch for teens (13-18 years) could be a lentil soup with a side of whole-grain bread, or a tofu stir-fry with a variety of vegetables."
Can you give me some information about the how to read nutrition labels for toddlers (1-3 years)?,"The how to read nutrition labels is especially important for toddlers (1-3 years). For example, it's recommended that they drink plenty of water throughout the day to stay hydrated and support their growing bodies."
How can I deal with patience with picky eaters in teens (13-18 years)?,"Dealing with patience with picky eaters in teens (13-18 years) can be challenging. One tip is to patience with picky eaters, for example, by creating a colorful plate or cutting sandwiches into fun shapes. It's also important to be patient and continue offering new foods without pressure."
How can I deal with making food fun in toddlers (1-3 years)?,"Dealing with making food fun in toddlers (1-3 years) can be challenging. One tip is to making food fun, for example, by creating a colorful plate or cutting sandwiches into fun shapes. It's also important to be patient and continue offering new foods without pressure."
How can I deal with patience with picky eaters in toddlers (1-3 years)?,"Dealing with patience with picky eaters in toddlers (1-3 years) can be challenging. One tip is to patience with picky eaters, for example, by creating a colorful plate or cutting sandwiches into fun shapes. It's also important to be patient and continue offering new foods without pressure."
Can you give me some information about the healthy snack ideas for preschoolers (4-5 years)?,"The healthy snack ideas is especially important for preschoolers (4-5 years). For example, it's recommended that they drink plenty of water throughout the day to stay hydrated and support their growing bodies."
My child is allergic to gluten. What are some safe snacks for them?,"For a child with a gluten allergy, it's crucial to avoid any foods containing that allergen. For snacks, a safe option could be a sunflower seed butter and jelly sandwich on gluten-free bread, or a rice pasta with a vegetable-based sauce."
My child is allergic to eggs. What are some safe lunch for them?,"For a child with a eggs allergy, it's crucial to avoid any foods containing that allergen. For lunch, a safe option could be a sunflower seed butter and jelly sandwich on gluten-free bread, or a rice pasta with a vegetable-based sauce."
What are some vegetarian lunch for kids (6-12 years)?,"A vegetarian lunch for kids (6-12 years) could be a lentil soup with a side of whole-grain bread, or a tofu stir-fry with a variety of vegetables."
What are some vegetarian lunch for toddlers (1-3 years)?,"A vegetarian lunch for toddlers (1-3 years) could be a lentil soup with a side of whole-grain bread, or a tofu stir-fry with a variety of vegetables."
What are the key points of cross-contamination when preparing food for toddlers (1-3 years)?,"When it comes to cross-contamination for toddlers (1-3 years), it's important to always wash your hands before preparing food, cook meat to the proper temperature, and store leftovers in the refrigerator promptly."
My child is allergic to shellfish. What are some safe lunch for them?,"For a child with a shellfish allergy, it's crucial to avoid any foods containing that allergen. For lunch, a safe option could be a sunflower seed butter and jelly sandwich on gluten-free bread, or a rice pasta with a vegetable-based sauce."
What are the key points of hand washing before meals when preparing food for toddlers (1-3 years)?,"When it comes to hand washing before meals for toddlers (1-3 years), it's important to always wash your hands before preparing food, cook meat to the proper temperature, and store leftovers in the refrigerator promptly."
Can you give me some information about the healthy snack ideas for kids (6-12 years)?,"The healthy snack ideas is especially important for kids (6-12 years). For example, it's recommended that they drink plenty of water throughout the day to stay hydrated and support their growing bodies."
How can I deal with patience with picky eaters in kids (6-12 years)?,"Dealing with patience with picky eaters in kids (6-12 years) can be challenging. One tip is to patience with picky eaters, for example, by creating a colorful plate or cutting sandwiches into fun shapes. It's also important to be patient and continue offering new foods without pressure."
What are some healthy lunch for teens (13-18 years)?,"For teens (13-18 years), a healthy lunch could include a source of protein like lean meat or beans, a whole grain like brown rice or quinoa, and a variety of colorful vegetables. For example, a grilled chicken salad or a black bean burger on a whole wheat bun."
My child is allergic to eggs. What are some safe lunch for them?,"For a child with a eggs allergy, it's crucial to avoid any foods containing that allergen. For lunch, a safe option could be a sunflower seed butter and jelly sandwich on gluten-free bread, or a rice pasta with a vegetable-based sauce."
What are the key points of cross-contamination when preparing food for toddlers (1-3 years)?,"When it comes to cross-contamination for toddlers (1-3 years), it's important to always wash your hands before preparing food, cook meat to the proper temperature, and store leftovers in the refrigerator promptly."
How can I deal with how to introduce new foods in kids (6-12 years)?,"Dealing with how to introduce new foods in kids (6-12 years) can be challenging. One tip is to how to introduce new foods, for example, by creating a colorful plate or cutting sandwiches into fun shapes. It's also important to be patient and continue offering new foods without pressure."
Can you give me some information about the importance of hydration for teens (13-18 years)?,"The importance of hydration is especially important for teens (13-18 years). For example, it's recommended that they drink plenty of water throughout the day to stay hydrated and support their growing bodies."
What are some healthy dinner for kids (6-12 years)?,"For kids (6-12 years), a healthy dinner could include a source of protein like lean meat or beans, a whole grain like brown rice or quinoa, and a variety of colorful vegetables. For example, a grilled chicken salad or a black bean burger on a whole wheat bun."
What are the key points of cooking temperatures when preparing food for kids (6-12 years)?,"When it comes to cooking temperatures for kids (6-12 years), it's important to always wash your hands before preparing food, cook meat to the proper temperature, and store leftovers in the refrigerator promptly."
Can you give me some information about the healthy snack ideas for teens (13-18 years)?,"The healthy snack ideas is especially important for teens (13-18 years). For example, it's recommended that they drink plenty of water throughout the day to stay hydrated and support their growing bodies."
What are some pescatarian breakfast for teens (13-18 years)?,"A pescatarian breakfast for teens (13-18 years) could be a lentil soup with a side of whole-grain bread, or a tofu stir-fry with a variety of vegetables."
What are the key points of cooking temperatures when preparing food for kids (6-12 years)?,"When it comes to cooking temperatures for kids (6-12 years), it's important to always wash your hands before preparing food, cook meat to the proper temperature, and store leftovers in the refrigerator promptly."
My child is allergic to gluten. What are some safe dinner for them?,"For a child with a gluten allergy, it's crucial to avoid any foods containing that allergen. For dinner, a safe option could be a sunflower seed butter and jelly sandwich on gluten-free bread, or a rice pasta with a vegetable-based sauce."
Can you give me some information about the how to read nutrition labels for kids (6-12 years)?,"The how to read nutrition labels is especially important for kids (6-12 years). For example, it's recommended that they drink plenty of water throughout the day to stay hydrated and support their growing bodies."
What are some pescatarian dinner for teens (13-18 years)?,"A pescatarian dinner for teens (13-18 years) could be a lentil soup with a side of whole-grain bread, or a tofu stir-fry with a variety of vegetables."
What are some vegetarian lunch for teens (13-18 years)?,"A vegetarian lunch for teens (13-18 years) could be a lentil soup with a side of whole-grain bread, or a tofu stir-fry with a variety of vegetables."
Can you give me some information about the how to read nutrition labels for toddlers (1-3 years)?,"The how to read nutrition labels is especially important for toddlers (1-3 years). For example, it's recommended that they drink plenty of water throughout the day to stay hydrated and support their growing bodies."
My child is allergic to shellfish. What are some safe breakfast for them?,"For a child with a shellfish allergy, it's crucial to avoid any foods containing that allergen. For breakfast, a safe option could be a sunflower seed butter and jelly sandwich on gluten-free bread, or a rice pasta with a vegetable-based sauce."
What are the key points of cross-contamination when preparing food for kids (6-12 years)?,"When it comes to cross-contamination for kids (6-12 years), it's important to always wash your hands before preparing food, cook meat to the proper temperature, and store leftovers in the refrigerator promptly."
How can I deal with patience with picky eaters in preschoolers (4-5 years)?,"Dealing with patience with picky eaters in preschoolers (4-5 years) can be challenging. One tip is to patience with picky eaters, for example, by creating a colorful plate or cutting sandwiches into fun shapes. It's also important to be patient and continue offering new foods without pressure."
My child is allergic to dairy. What are some safe breakfast for them?,"For a child with a dairy allergy, it's crucial to avoid any foods containing that allergen. For breakfast, a safe option could be a sunflower seed butter and jelly sandwich on gluten-free bread, or a rice pasta with a vegetable-based sauce."
How can I deal with making food fun in kids (6-12 years)?,"Dealing with making food fun in kids (6-12 years) can be challenging. One tip is to making food fun, for example, by creating a colorful plate or cutting sandwiches into fun shapes. It's also important to be patient and continue offering new foods without pressure."
What are some pescatarian lunch for kids (6-12 years)?,"A pescatarian lunch for kids (6-12 years) could be a lentil soup with a side of whole-grain bread, or a tofu stir-fry with a variety of vegetables."
How can I deal with involving kids in cooking in toddlers (1-3 years)?,"Dealing with involving kids in cooking in toddlers (1-3 years) can be challenging. One tip is to involving kids in cooking, for example, by creating a colorful plate or cutting sandwiches into fun shapes. It's also important to be patient and continue offering new foods without pressure."
What are some healthy snacks for preschoolers (4-5 years)?,"For preschoolers (4-5 years), a healthy snacks could include a source of protein like lean meat or beans, a whole grain like brown rice or quinoa, and a variety of colorful vegetables. For example, a grilled chicken salad or a black bean burger on a whole wheat bun."
What are some vegan dinner for preschoolers (4-5 years)?,"A vegan dinner for preschoolers (4-5 years) could be a lentil soup with a side of whole-grain bread, or a tofu stir-fry with a variety of vegetables."
My child is allergic to eggs. What are some safe dinner for them?,"For a child with a eggs allergy, it's crucial to avoid any foods containing that allergen. For dinner, a safe option could be a sunflower seed butter and jelly sandwich on gluten-free bread, or a rice pasta with a vegetable-based sauce."
What are some vegan lunch for teens (13-18 years)?,"A vegan lunch for teens (13-18 years) could be a lentil soup with a side of whole-grain bread, or a tofu stir-fry with a variety of vegetables."
Can you give me some information about the healthy snack ideas for kids (6-12 years)?,"The healthy snack ideas is especially important for kids (6-12 years). For example, it's recommended that they drink plenty of water throughout the day to stay hydrated and support their growing bodies."
How can I deal with how to introduce new foods in teens (13-18 years)?,"Dealing with how to introduce new foods in teens (13-18 years) can be challenging. One tip is to how to introduce new foods, for example, by creating a colorful plate or cutting sandwiches into fun shapes. It's also important to be patient and continue offering new foods without pressure."
Can you give me some information about the the food pyramid for toddlers (1-3 years)?,"The the food pyramid is especially important for toddlers (1-3 years). For example, it's recommended that they drink plenty of water throughout the day to stay hydrated and support their growing bodies."
What are the key points of safe food storage when preparing food for kids (6-12 years)?,"When it comes to safe food storage for kids (6-12 years), it's important to always wash your hands before preparing food, cook meat to the proper temperature, and store leftovers in the refrigerator promptly."
What are some healthy snacks for preschoolers (4-5 years)?,"For preschoolers (4-5 years), a healthy snacks could include a source of protein like lean meat or beans, a whole grain like brown rice or quinoa, and a variety of colorful vegetables. For example, a grilled chicken salad or a black bean burger on a whole wheat bun."
What are some vegetarian snacks for toddlers (1-3 years)?,"A vegetarian snacks for toddlers (1-3 years) could be a lentil soup with a side of whole-grain bread, or a tofu stir-fry with a variety of vegetables."
What are some pescatarian snacks for teens (13-18 years)?,"A pescatarian snacks for teens (13-18 years) could be a lentil soup with a side of whole-grain bread, or a tofu stir-fry with a variety of vegetables."
What are some vegetarian snacks for teens (13-18 years)?,"A vegetarian snacks for teens (13-18 years) could be a lentil soup with a side of whole-grain bread, or a tofu stir-fry with a variety of vegetables."
What are some healthy snacks for toddlers (1-3 years)?,"For toddlers (1-3 years), a healthy snacks could include a source of protein like lean meat or beans, a whole grain like brown rice or quinoa, and a variety of colorful vegetables. For example, a grilled chicken salad or a black bean burger on a whole wheat bun."
How can I deal with involving kids in cooking in teens (13-18 years)?,"Dealing with involving kids in cooking in teens (13-18 years) can be challenging. One tip is to involving kids in cooking, for example, by creating a colorful plate or cutting sandwiches into fun shapes. It's also important to be patient and continue offering new foods without pressure."
What are some healthy breakfast for kids (6-12 years)?,"For kids (6-12 years), a healthy breakfast could include a source of protein like lean meat or beans, a whole grain like brown rice or quinoa, and a variety of colorful vegetables. For example, a grilled chicken salad or a black bean burger on a whole wheat bun."
How can I deal with involving kids in cooking in teens (13-18 years)?,"Dealing with involving kids in cooking in teens (13-18 years) can be challenging. One tip is to involving kids in cooking, for example, by creating a colorful plate or cutting sandwiches into fun shapes. It's also important to be patient and continue offering new foods without pressure."
How can I deal with making food fun in kids (6-12 years)?,"Dealing with making food fun in kids (6-12 years) can be challenging. One tip is to making food fun, for example, by creating a colorful plate or cutting sandwiches into fun shapes. It's also important to be patient and continue offering new foods without pressure."
What are some healthy dinner for toddlers (1-3 years)?,"For toddlers (1-3 years), a healthy dinner could include a source of protein like lean meat or beans, a whole grain like brown rice or quinoa, and a variety of colorful vegetables. For example, a grilled chicken salad or a black bean burger on a whole wheat bun."
My child is allergic to eggs. What are some safe breakfast for them?,"For a child with a eggs allergy, it's crucial to avoid any foods containing that allergen. For breakfast, a safe option could be a sunflower seed butter and jelly sandwich on gluten-free bread, or a rice pasta with a vegetable-based sauce."
What are some healthy lunch for preschoolers (4-5 years)?,"For preschoolers (4-5 years), a healthy lunch could include a source of protein like lean meat or beans, a whole grain like brown rice or quinoa, and a variety of colorful vegetables. For example, a grilled chicken salad or a black bean burger on a whole wheat bun."
What are some pescatarian dinner for teens (13-18 years)?,"A pescatarian dinner for teens (13-18 years) could be a lentil soup with a side of whole-grain bread, or a tofu stir-fry with a variety of vegetables."
What are some healthy dinner for teens (13-18 years)?,"For teens (13-18 years), a healthy dinner could include a source of protein like lean meat or beans, a whole grain like brown rice or quinoa, and a variety of colorful vegetables. For example, a grilled chicken salad or a black bean burger on a whole wheat bun."
What are the key points of hand washing before meals when preparing food for kids (6-12 years)?,"When it comes to hand washing before meals for kids (6-12 years), it's important to always wash your hands before preparing food, cook meat to the proper temperature, and store leftovers in the refrigerator promptly."
My child is allergic to dairy. What are some safe breakfast for them?,"For a child with a dairy allergy, it's crucial to avoid any foods containing that allergen. For breakfast, a safe option could be a sunflower seed butter and jelly sandwich on gluten-free bread, or a rice pasta with a vegetable-based sauce."
What are some healthy lunch for teens (13-18 years)?,"For teens (13-18 years), a healthy lunch could include a source of protein like lean meat or beans, a whole grain like brown rice or quinoa, and a variety of colorful vegetables. For example, a grilled chicken salad or a black bean burger on a whole wheat bun."
Can you give me some information about the importance of hydration for preschoolers (4-5 years)?,"The importance of hydration is especially important for preschoolers (4-5 years). For example, it's recommended that they drink plenty of water throughout the day to stay hydrated and support their growing bodies."
What are some pescatarian dinner for kids (6-12 years)?,"A pescatarian dinner for kids (6-12 years) could be a lentil soup with a side of whole-grain bread, or a tofu stir-fry with a variety of vegetables."
Can you give me some information about the how to read nutrition labels for toddlers (1-3 years)?,"The how to read nutrition labels is especially important for toddlers (1-3 years). For example, it's recommended that they drink plenty of water throughout the day to stay hydrated and support their growing bodies."
Can you give me some information about the benefits of a balanced diet for preschoolers (4-5 years)?,"The benefits of a balanced diet is especially important for preschoolers (4-5 years). For example, it's recommended that they drink plenty of water throughout the day to stay hydrated and support their growing bodies."
What are the key points of safe food storage when preparing food for toddlers (1-3 years)?,"When it comes to safe food storage for toddlers (1-3 years), it's important to always wash your hands before preparing food, cook meat to the proper temperature, and store leftovers in the refrigerator promptly."
What are the key points of cross-contamination when preparing food for preschoolers (4-5 years)?,"When it comes to cross-contamination for preschoolers (4-5 years), it's important to always wash your hands before preparing food, cook meat to the proper temperature, and store leftovers in the refrigerator promptly."
Can you give me some information about the healthy snack ideas for toddlers (1-3 years)?,"The healthy snack ideas is especially important for toddlers (1-3 years). For example, it's recommended that they drink plenty of water throughout the day to stay hydrated and support their growing bodies."
How can I deal with patience with picky eaters in preschoolers (4-5 years)?,"Dealing with patience with picky eaters in preschoolers (4-5 years) can be challenging. One tip is to patience with picky eaters, for example, by creating a colorful plate or cutting sandwiches into fun shapes. It's also important to be patient and continue offering new foods without pressure."
What are some healthy lunch for toddlers (1-3 years)?,"For toddlers (1-3 years), a healthy lunch could include a source of protein like lean meat or beans, a whole grain like brown rice or quinoa, and a variety of colorful vegetables. For example, a grilled chicken salad or a black bean burger on a whole wheat bun."
What are some vegan dinner for preschoolers (4-5 years)?,"A vegan dinner for preschoolers (4-5 years) could be a lentil soup with a side of whole-grain bread, or a tofu stir-fry with a variety of vegetables."
My child is allergic to shellfish. What are some safe snacks for them?,"For a child with a shellfish allergy, it's crucial to avoid any foods containing that allergen. For snacks, a safe option could be a sunflower seed butter and jelly sandwich on gluten-free bread, or a rice pasta with a vegetable-based sauce."
How can I deal with how to introduce new foods in toddlers (1-3 years)?,"Dealing with how to introduce new foods in toddlers (1-3 years) can be challenging. One tip is to how to introduce new foods, for example, by creating a colorful plate or cutting sandwiches into fun shapes. It's also important to be patient and continue offering new foods without pressure."
What are some healthy lunch for toddlers (1-3 years)?,"For toddlers (1-3 years), a healthy lunch could include a source of protein like lean meat or beans, a whole grain like brown rice or quinoa, and a variety of colorful vegetables. For example, a grilled chicken salad or a black bean burger on a whole wheat bun."
How can I deal with patience with picky eaters in preschoolers (4-5 years)?,"Dealing with patience with picky eaters in preschoolers (4-5 years) can be challenging. One tip is to patience with picky eaters, for example, by creating a colorful plate or cutting sandwiches into fun shapes. It's also important to be patient and continue offering new foods without pressure."
What are the key points of hand washing before meals when preparing food for kids (6-12 years)?,"When it comes to hand washing before meals for kids (6-12 years), it's important to always wash your hands before preparing food, cook meat to the proper temperature, and store leftovers in the refrigerator promptly."
Can you give me some information about the benefits of a balanced diet for teens (13-18 years)?,"The benefits of a balanced diet is especially important for teens (13-18 years). For example, it's recommended that they drink plenty of water throughout the day to stay hydrated and support their growing bodies."
Can you give me some information about the how to read nutrition labels for kids (6-12 years)?,"The how to read nutrition labels is especially important for kids (6-12 years). For example, it's recommended that they drink plenty of water throughout the day to stay hydrated and support their growing bodies."
What are the key points of cross-contamination when preparing food for toddlers (1-3 years)?,"When it comes to cross-contamination for toddlers (1-3 years), it's important to always wash your hands before preparing food, cook meat to the proper temperature, and store leftovers in the refrigerator promptly."
What are some vegetarian breakfast for preschoolers (4-5 years)?,"A vegetarian breakfast for preschoolers (4-5 years) could be a lentil soup with a side of whole-grain bread, or a tofu stir-fry with a variety of vegetables."
What are some healthy dinner for teens (13-18 years)?,"For teens (13-18 years), a healthy dinner could include a source of protein like lean meat or beans, a whole grain like brown rice or quinoa, and a variety of colorful vegetables. For example, a grilled chicken salad or a black bean burger on a whole wheat bun."
What are the key points of cross-contamination when preparing food for toddlers (1-3 years)?,"When it comes to cross-contamination for toddlers (1-3 years), it's important to always wash your hands before preparing food, cook meat to the proper temperature, and store leftovers in the refrigerator promptly."
Can you give me some information about the importance of hydration for preschoolers (4-5 years)?,"The importance of hydration is especially important for preschoolers (4-5 years). For example, it's recommended that they drink plenty of water throughout the day to stay hydrated and support their growing bodies."
What are some vegetarian breakfast for toddlers (1-3 years)?,"A vegetarian breakfast for toddlers (1-3 years) could be a lentil soup with a side of whole-grain bread, or a tofu stir-fry with a variety of vegetables."
Can you give me some information about the healthy snack ideas for teens (13-18 years)?,"The healthy snack ideas is especially important for teens (13-18 years). For example, it's recommended that they drink plenty of water throughout the day to stay hydrated and support their growing bodies."
What are some healthy lunch for teens (13-18 years)?,"For teens (13-18 years), a healthy lunch could include a source of protein like lean meat or beans, a whole grain like brown rice or quinoa, and a variety of colorful vegetables. For example, a grilled chicken salad or a black bean burger on a whole wheat bun."
What are some healthy breakfast for toddlers (1-3 years)?,"For toddlers (1-3 years), a healthy breakfast could include a source of protein like lean meat or beans, a whole grain like brown rice or quinoa, and a variety of colorful vegetables. For example, a grilled chicken salad or a black bean burger on a whole wheat bun."
What are some healthy breakfast for teens (13-18 years)?,"For teens (13-18 years), a healthy breakfast could include a source of protein like lean meat or beans, a whole grain like brown rice or quinoa, and a variety of colorful vegetables. For example, a grilled chicken salad or a black bean burger on a whole wheat bun."
What are the key points of hand washing before meals when preparing food for teens (13-18 years)?,"When it comes to hand washing before meals for teens (13-18 years), it's important to always wash your hands before preparing food, cook meat to the proper temperature, and store leftovers in the refrigerator promptly."
What are the key points of hand washing before meals when preparing food for preschoolers (4-5 years)?,"When it comes to hand washing before meals for preschoolers (4-5 years), it's important to always wash your hands before preparing food, cook meat to the proper temperature, and store leftovers in the refrigerator promptly."
Can you give me some information about the healthy snack ideas for preschoolers (4-5 years)?,"The healthy snack ideas is especially important for preschoolers (4-5 years). For example, it's recommended that they drink plenty of water throughout the day to stay hydrated and support their growing bodies."
What are some healthy dinner for teens (13-18 years)?,"For teens (13-18 years), a healthy dinner could include a source of protein like lean meat or beans, a whole grain like brown rice or quinoa, and a variety of colorful vegetables. For example, a grilled chicken salad or a black bean burger on a whole wheat bun."
What are some healthy lunch for kids (6-12 years)?,"For kids (6-12 years), a healthy lunch could include a source of protein like lean meat or beans, a whole grain like brown rice or quinoa, and a variety of colorful vegetables. For example, a grilled chicken salad or a black bean burger on a whole wheat bun."
What are some vegan lunch for preschoolers (4-5 years)?,"A vegan lunch for preschoolers (4-5 years) could be a lentil soup with a side of whole-grain bread, or a tofu stir-fry with a variety of vegetables."
What are some vegetarian breakfast for teens (13-18 years)?,"A vegetarian breakfast for teens (13-18 years) could be a lentil soup with a side of whole-grain bread, or a tofu stir-fry with a variety of vegetables."
What are some healthy lunch for preschoolers (4-5 years)?,"For preschoolers (4-5 years), a healthy lunch could include a source of protein like lean meat or beans, a whole grain like brown rice or quinoa, and a variety of colorful vegetables. For example, a grilled chicken salad or a black bean burger on a whole wheat bun."
My child is allergic to gluten. What are some safe breakfast for them?,"For a child with a gluten allergy, it's crucial to avoid any foods containing that allergen. For breakfast, a safe option could be a sunflower seed butter and jelly sandwich on gluten-free bread, or a rice pasta with a vegetable-based sauce."
What are some pescatarian dinner for teens (13-18 years)?,"A pescatarian dinner for teens (13-18 years) could be a lentil soup with a side of whole-grain bread, or a tofu stir-fry with a variety of vegetables."
What are the key points of cross-contamination when preparing food for toddlers (1-3 years)?,"When it comes to cross-contamination for toddlers (1-3 years), it's important to always wash your hands before preparing food, cook meat to the proper temperature, and store leftovers in the refrigerator promptly."
What are the key points of cross-contamination when preparing food for toddlers (1-3 years)?,"When it comes to cross-contamination for toddlers (1-3 years), it's important to always wash your hands before preparing food, cook meat to the proper temperature, and store leftovers in the refrigerator promptly."
My child is allergic to gluten. What are some safe dinner for them?,"For a child with a gluten allergy, it's crucial to avoid any foods containing that allergen. For dinner, a safe option could be a sunflower seed butter and jelly sandwich on gluten-free bread, or a rice pasta with a vegetable-based sauce."
My child is allergic to gluten. What are some safe dinner for them?,"For a child with a gluten allergy, it's crucial to avoid any foods containing that allergen. For dinner, a safe option could be a sunflower seed butter and jelly sandwich on gluten-free bread, or a rice pasta with a vegetable-based sauce."
Can you give me some information about the how to read nutrition labels for toddlers (1-3 years)?,"The how to read nutrition labels is especially important for toddlers (1-3 years). For example, it's recommended that they drink plenty of water throughout the day to stay hydrated and support their growing bodies."
Can you give me some information about the importance of hydration for preschoolers (4-5 years)?,"The importance of hydration is especially important for preschoolers (4-5 years). For example, it's recommended that they drink plenty of water throughout the day to stay hydrated and support their growing bodies."
My child is allergic to dairy. What are some safe breakfast for them?,"For a child with a dairy allergy, it's crucial to avoid any foods containing that allergen. For breakfast, a safe option could be a sunflower seed butter and jelly sandwich on gluten-free bread, or a rice pasta with a vegetable-based sauce."
Can you give me some information about the benefits of a balanced diet for kids (6-12 years)?,"The benefits of a balanced diet is especially important for kids (6-12 years). For example, it's recommended that they drink plenty of water throughout the day to stay hydrated and support their growing bodies."
How can I deal with patience with picky eaters in toddlers (1-3 years)?,"Dealing with patience with picky eaters in toddlers (1-3 years) can be challenging. One tip is to patience with picky eaters, for example, by creating a colorful plate or cutting sandwiches into fun shapes. It's also important to be patient and continue offering new foods without pressure."
My child is allergic to dairy. What are some safe dinner for them?,"For a child with a dairy allergy, it's crucial to avoid any foods containing that allergen. For dinner, a safe option could be a sunflower seed butter and jelly sandwich on gluten-free bread, or a rice pasta with a vegetable-based sauce."
Can you give me some information about the the food pyramid for toddlers (1-3 years)?,"The the food pyramid is especially important for toddlers (1-3 years). For example, it's recommended that they drink plenty of water throughout the day to stay hydrated and support their growing bodies."
What are some vegetarian lunch for kids (6-12 years)?,"A vegetarian lunch for kids (6-12 years) could be a lentil soup with a side of whole-grain bread, or a tofu stir-fry with a variety of vegetables."
How can I deal with how to introduce new foods in preschoolers (4-5 years)?,"Dealing with how to introduce new foods in preschoolers (4-5 years) can be challenging. One tip is to how to introduce new foods, for example, by creating a colorful plate or cutting sandwiches into fun shapes. It's also important to be patient and continue offering new foods without pressure."
How can I deal with how to introduce new foods in toddlers (1-3 years)?,"Dealing with how to introduce new foods in toddlers (1-3 years) can be challenging. One tip is to how to introduce new foods, for example, by creating a colorful plate or cutting sandwiches into fun shapes. It's also important to be patient and continue offering new foods without pressure."
What are the key points of cross-contamination when preparing food for preschoolers (4-5 years)?,"When it comes to cross-contamination for preschoolers (4-5 years), it's important to always wash your hands before preparing food, cook meat to the proper temperature, and store leftovers in the refrigerator promptly."
How can I deal with how to introduce new foods in kids (6-12 years)?,"Dealing with how to introduce new foods in kids (6-12 years) can be challenging. One tip is to how to introduce new foods, for example, by creating a colorful plate or cutting sandwiches into fun shapes. It's also important to be patient and continue offering new foods without pressure."
Can you give me some information about the importance of hydration for teens (13-18 years)?,"The importance of hydration is especially important for teens (13-18 years). For example, it's recommended that they drink plenty of water throughout the day to stay hydrated and support their growing bodies."
How can I deal with patience with picky eaters in kids (6-12 years)?,"Dealing with patience with picky eaters in kids (6-12 years) can be challenging. One tip is to patience with picky eaters, for example, by creating a colorful plate or cutting sandwiches into fun shapes. It's also important to be patient and continue offering new foods without pressure."
My child is allergic to dairy. What are some safe breakfast for them?,"For a child with a dairy allergy, it's crucial to avoid any foods containing that allergen. For breakfast, a safe option could be a sunflower seed butter and jelly sandwich on gluten-free bread, or a rice pasta with a vegetable-based sauce."
What are some vegan dinner for toddlers (1-3 years)?,"A vegan dinner for toddlers (1-3 years) could be a lentil soup with a side of whole-grain bread, or a tofu stir-fry with a variety of vegetables."
What are some healthy snacks for kids (6-12 years)?,"For kids (6-12 years), a healthy snacks could include a source of protein like lean meat or beans, a whole grain like brown rice or quinoa, and a variety of colorful vegetables. For example, a grilled chicken salad or a black bean burger on a whole wheat bun."
How can I deal with making food fun in kids (6-12 years)?,"Dealing with making food fun in kids (6-12 years) can be challenging. One tip is to making food fun, for example, by creating a colorful plate or cutting sandwiches into fun shapes. It's also important to be patient and continue offering new foods without pressure."
Can you give me some information about the the food pyramid for preschoolers (4-5 years)?,"The the food pyramid is especially important for preschoolers (4-5 years). For example, it's recommended that they drink plenty of water throughout the day to stay hydrated and support their growing bodies."
What are some vegetarian lunch for teens (13-18 years)?,"A vegetarian lunch for teens (13-18 years) could be a lentil soup with a side of whole-grain bread, or a tofu stir-fry with a variety of vegetables."
My child is allergic to peanuts. What are some safe dinner for them?,"For a child with a peanuts allergy, it's crucial to avoid any foods containing that allergen. For dinner, a safe option could be a sunflower seed butter and jelly sandwich on gluten-free bread, or a rice pasta with a vegetable-based sauce."
My child is allergic to gluten. What are some safe snacks for them?,"For a child with a gluten allergy, it's crucial to avoid any foods containing that allergen. For snacks, a safe option could be a sunflower seed butter and jelly sandwich on gluten-free bread, or a rice pasta with a vegetable-based sauce."
How can I deal with involving kids in cooking in preschoolers (4-5 years)?,"Dealing with involving kids in cooking in preschoolers (4-5 years) can be challenging. One tip is to involving kids in cooking, for example, by creating a colorful plate or cutting sandwiches into fun shapes. It's also important to be patient and continue offering new foods without pressure."
What are some healthy breakfast for preschoolers (4-5 years)?,"For preschoolers (4-5 years), a healthy breakfast could include a source of protein like lean meat or beans, a whole grain like brown rice or quinoa, and a variety of colorful vegetables. For example, a grilled chicken salad or a black bean burger on a whole wheat bun."
What are some vegan snacks for teens (13-18 years)?,"A vegan snacks for teens (13-18 years) could be a lentil soup with a side of whole-grain bread, or a tofu stir-fry with a variety of vegetables."
Can you give me some information about the benefits of a balanced diet for preschoolers (4-5 years)?,"The benefits of a balanced diet is especially important for preschoolers (4-5 years). For example, it's recommended that they drink plenty of water throughout the day to stay hydrated and support their growing bodies."
What are some healthy breakfast for teens (13-18 years)?,"For teens (13-18 years), a healthy breakfast could include a source of protein like lean meat or beans, a whole grain like brown rice or quinoa, and a variety of colorful vegetables. For example, a grilled chicken salad or a black bean burger on a whole wheat bun."
My child is allergic to peanuts. What are some safe snacks for them?,"For a child with a peanuts allergy, it's crucial to avoid any foods containing that allergen. For snacks, a safe option could be a sunflower seed butter and jelly sandwich on gluten-free bread, or a rice pasta with a vegetable-based sauce."
Can you give me some information about the importance of hydration for teens (13-18 years)?,"The importance of hydration is especially important for teens (13-18 years). For example, it's recommended that they drink plenty of water throughout the day to stay hydrated and support their growing bodies."
What are some healthy snacks for toddlers (1-3 years)?,"For toddlers (1-3 years), a healthy snacks could include a source of protein like lean meat or beans, a whole grain like brown rice or quinoa, and a variety of colorful vegetables. For example, a grilled chicken salad or a black bean burger on a whole wheat bun."
Can you give me some information about the healthy snack ideas for teens (13-18 years)?,"The healthy snack ideas is especially important for teens (13-18 years). For example, it's recommended that they drink plenty of water throughout the day to stay hydrated and support their growing bodies."
Can you give me some information about the healthy snack ideas for teens (13-18 years)?,"The healthy snack ideas is especially important for teens (13-18 years). For example, it's recommended that they drink plenty of water throughout the day to stay hydrated and support their growing bodies."
Can you give me some information about the healthy snack ideas for toddlers (1-3 years)?,"The healthy snack ideas is especially important for toddlers (1-3 years). For example, it's recommended that they drink plenty of water throughout the day to stay hydrated and support their growing bodies."
What are some pescatarian snacks for kids (6-12 years)?,"A pescatarian snacks for kids (6-12 years) could be a lentil soup with a side of whole-grain bread, or a tofu stir-fry with a variety of vegetables."
My child is allergic to peanuts. What are some safe breakfast for them?,"For a child with a peanuts allergy, it's crucial to avoid any foods containing that allergen. For breakfast, a safe option could be a sunflower seed butter and jelly sandwich on gluten-free bread, or a rice pasta with a vegetable-based sauce."
Can you give me some information about the healthy snack ideas for preschoolers (4-5 years)?,"The healthy snack ideas is especially important for preschoolers (4-5 years). For example, it's recommended that they drink plenty of water throughout the day to stay hydrated and support their growing bodies."
How can I deal with how to introduce new foods in kids (6-12 years)?,"Dealing with how to introduce new foods in kids (6-12 years) can be challenging. One tip is to how to introduce new foods, for example, by creating a colorful plate or cutting sandwiches into fun shapes. It's also important to be patient and continue offering new foods without pressure."
Can you give me some information about the how to read nutrition labels for preschoolers (4-5 years)?,"The how to read nutrition labels is especially important for preschoolers (4-5 years). For example, it's recommended that they drink plenty of water throughout the day to stay hydrated and support their growing bodies."
How can I deal with patience with picky eaters in kids (6-12 years)?,"Dealing with patience with picky eaters in kids (6-12 years) can be challenging. One tip is to patience with picky eaters, for example, by creating a colorful plate or cutting sandwiches into fun shapes. It's also important to be patient and continue offering new foods without pressure."
What are some vegan dinner for preschoolers (4-5 years)?,"A vegan dinner for preschoolers (4-5 years) could be a lentil soup with a side of whole-grain bread, or a tofu stir-fry with a variety of vegetables."
What are the key points of cross-contamination when preparing food for toddlers (1-3 years)?,"When it comes to cross-contamination for toddlers (1-3 years), it's important to always wash your hands before preparing food, cook meat to the proper temperature, and store leftovers in the refrigerator promptly."
What are some pescatarian snacks for teens (13-18 years)?,"A pescatarian snacks for teens (13-18 years) could be a lentil soup with a side of whole-grain bread, or a tofu stir-fry with a variety of vegetables."
How can I deal with patience with picky eaters in kids (6-12 years)?,"Dealing with patience with picky eaters in kids (6-12 years) can be challenging. One tip is to patience with picky eaters, for example, by creating a colorful plate or cutting sandwiches into fun shapes. It's also important to be patient and continue offering new foods without pressure."
What are some vegan snacks for toddlers (1-3 years)?,"A vegan snacks for toddlers (1-3 years) could be a lentil soup with a side of whole-grain bread, or a tofu stir-fry with a variety of vegetables."
Can you give me some information about the how to read nutrition labels for kids (6-12 years)?,"The how to read nutrition labels is especially important for kids (6-12 years). For example, it's recommended that they drink plenty of water throughout the day to stay hydrated and support their growing bodies."
My child is allergic to eggs. What are some safe snacks for them?,"For a child with a eggs allergy, it's crucial to avoid any foods containing that allergen. For snacks, a safe option could be a sunflower seed butter and jelly sandwich on gluten-free bread, or a rice pasta with a vegetable-based sauce."
Can you give me some information about the importance of hydration for preschoolers (4-5 years)?,"The importance of hydration is especially important for preschoolers (4-5 years). For example, it's recommended that they drink plenty of water throughout the day to stay hydrated and support their growing bodies."
What are some healthy dinner for teens (13-18 years)?,"For teens (13-18 years), a healthy dinner could include a source of protein like lean meat or beans, a whole grain like brown rice or quinoa, and a variety of colorful vegetables. For example, a grilled chicken salad or a black bean burger on a whole wheat bun."
What are the key points of hand washing before meals when preparing food for preschoolers (4-5 years)?,"When it comes to hand washing before meals for preschoolers (4-5 years), it's important to always wash your hands before preparing food, cook meat to the proper temperature, and store leftovers in the refrigerator promptly."
What are the key points of cooking temperatures when preparing food for preschoolers (4-5 years)?,"When it comes to cooking temperatures for preschoolers (4-5 years), it's important to always wash your hands before preparing food, cook meat to the proper temperature, and store leftovers in the refrigerator promptly."
Can you give me some information about the importance of hydration for kids (6-12 years)?,"The importance of hydration is especially important for kids (6-12 years). For example, it's recommended that they drink plenty of water throughout the day to stay hydrated and support their growing bodies."
My child is allergic to shellfish. What are some safe breakfast for them?,"For a child with a shellfish allergy, it's crucial to avoid any foods containing that allergen. For breakfast, a safe option could be a sunflower seed butter and jelly sandwich on gluten-free bread, or a rice pasta with a vegetable-based sauce."
What are some vegetarian dinner for preschoolers (4-5 years)?,"A vegetarian dinner for preschoolers (4-5 years) could be a lentil soup with a side of whole-grain bread, or a tofu stir-fry with a variety of vegetables."
What are some healthy breakfast for teens (13-18 years)?,"For teens (13-18 years), a healthy breakfast could include a source of protein like lean meat or beans, a whole grain like brown rice or quinoa, and a variety of colorful vegetables. For example, a grilled chicken salad or a black bean burger on a whole wheat bun."
What are some vegetarian breakfast for kids (6-12 years)?,"A vegetarian breakfast for kids (6-12 years) could be a lentil soup with a side of whole-grain bread, or a tofu stir-fry with a variety of vegetables."
What are some healthy breakfast for preschoolers (4-5 years)?,"For preschoolers (4-5 years), a healthy breakfast could include a source of protein like lean meat or beans, a whole grain like brown rice or quinoa, and a variety of colorful vegetables. For example, a grilled chicken salad or a black bean burger on a whole wheat bun."
What are some pescatarian dinner for kids (6-12 years)?,"A pescatarian dinner for kids (6-12 years) could be a lentil soup with a side of whole-grain bread, or a tofu stir-fry with a variety of vegetables."
What are some healthy snacks for preschoolers (4-5 years)?,"For preschoolers (4-5 years), a healthy snacks could include a source of protein like lean meat or beans, a whole grain like brown rice or quinoa, and a variety of colorful vegetables. For example, a grilled chicken salad or a black bean burger on a whole wheat bun."
My child is allergic to peanuts. What are some safe lunch for them?,"For a child with a peanuts allergy, it's crucial to avoid any foods containing that allergen. For lunch, a safe option could be a sunflower seed butter and jelly sandwich on gluten-free bread, or a rice pasta with a vegetable-based sauce."
Can you give me some information about the the food pyramid for teens (13-18 years)?,"The the food pyramid is especially important for teens (13-18 years). For example, it's recommended that they drink plenty of water throughout the day to stay hydrated and support their growing bodies."
What are some healthy breakfast for kids (6-12 years)?,"For kids (6-12 years), a healthy breakfast could include a source of protein like lean meat or beans, a whole grain like brown rice or quinoa, and a variety of colorful vegetables. For example, a grilled chicken salad or a black bean burger on a whole wheat bun."
How can I deal with how to introduce new foods in teens (13-18 years)?,"Dealing with how to introduce new foods in teens (13-18 years) can be challenging. One tip is to how to introduce new foods, for example, by creating a colorful plate or cutting sandwiches into fun shapes. It's also important to be patient and continue offering new foods without pressure."
Can you give me some information about the healthy snack ideas for teens (13-18 years)?,"The healthy snack ideas is especially important for teens (13-18 years). For example, it's recommended that they drink plenty of water throughout the day to stay hydrated and support their growing bodies."
My child is allergic to gluten. What are some safe dinner for them?,"For a child with a gluten allergy, it's crucial to avoid any foods containing that allergen. For dinner, a safe option could be a sunflower seed butter and jelly sandwich on gluten-free bread, or a rice pasta with a vegetable-based sauce."
How can I deal with making food fun in teens (13-18 years)?,"Dealing with making food fun in teens (13-18 years) can be challenging. One tip is to making food fun, for example, by creating a colorful plate or cutting sandwiches into fun shapes. It's also important to be patient and continue offering new foods without pressure."
What are the key points of safe food storage when preparing food for toddlers (1-3 years)?,"When it comes to safe food storage for toddlers (1-3 years), it's important to always wash your hands before preparing food, cook meat to the proper temperature, and store leftovers in the refrigerator promptly."
Can you give me some information about the how to read nutrition labels for toddlers (1-3 years)?,"The how to read nutrition labels is especially important for toddlers (1-3 years). For example, it's recommended that they drink plenty of water throughout the day to stay hydrated and support their growing bodies."
What are some pescatarian snacks for kids (6-12 years)?,"A pescatarian snacks for kids (6-12 years) could be a lentil soup with a side of whole-grain bread, or a tofu stir-fry with a variety of vegetables."
What are some vegan dinner for teens (13-18 years)?,"A vegan dinner for teens (13-18 years) could be a lentil soup with a side of whole-grain bread, or a tofu stir-fry with a variety of vegetables."
My child is allergic to eggs. What are some safe breakfast for them?,"For a child with a eggs allergy, it's crucial to avoid any foods containing that allergen. For breakfast, a safe option could be a sunflower seed butter and jelly sandwich on gluten-free bread, or a rice pasta with a vegetable-based sauce."
My child is allergic to shellfish. What are some safe dinner for them?,"For a child with a shellfish allergy, it's crucial to avoid any foods containing that allergen. For dinner, a safe option could be a sunflower seed butter and jelly sandwich on gluten-free bread, or a rice pasta with a vegetable-based sauce."
Can you give me some information about the healthy snack ideas for kids (6-12 years)?,"The healthy snack ideas is especially important for kids (6-12 years). For example, it's recommended that they drink plenty of water throughout the day to stay hydrated and support their growing bodies."
My child is allergic to eggs. What are some safe snacks for them?,"For a child with a eggs allergy, it's crucial to avoid any foods containing that allergen. For snacks, a safe option could be a sunflower seed butter and jelly sandwich on gluten-free bread, or a rice pasta with a vegetable-based sauce."
How can I deal with involving kids in cooking in kids (6-12 years)?,"Dealing with involving kids in cooking in kids (6-12 years) can be challenging. One tip is to involving kids in cooking, for example, by creating a colorful plate or cutting sandwiches into fun shapes. It's also important to be patient and continue offering new foods without pressure."
What are some pescatarian lunch for kids (6-12 years)?,"A pescatarian lunch for kids (6-12 years) could be a lentil soup with a side of whole-grain bread, or a tofu stir-fry with a variety of vegetables."
What are some healthy breakfast for toddlers (1-3 years)?,"For toddlers (1-3 years), a healthy breakfast could include a source of protein like lean meat or beans, a whole grain like brown rice or quinoa, and a variety of colorful vegetables. For example, a grilled chicken salad or a black bean burger on a whole wheat bun."
What are some healthy breakfast for kids (6-12 years)?,"For kids (6-12 years), a healthy breakfast could include a source of protein like lean meat or beans, a whole grain like brown rice or quinoa, and a variety of colorful vegetables. For example, a grilled chicken salad or a black bean burger on a whole wheat bun."
What are some healthy snacks for preschoolers (4-5 years)?,"For preschoolers (4-5 years), a healthy snacks could include a source of protein like lean meat or beans, a whole grain like brown rice or quinoa, and a variety of colorful vegetables. For example, a grilled chicken salad or a black bean burger on a whole wheat bun."
Can you give me some information about the the food pyramid for toddlers (1-3 years)?,"The the food pyramid is especially important for toddlers (1-3 years). For example, it's recommended that they drink plenty of water throughout the day to stay hydrated and support their growing bodies."
What are the key points of hand washing before meals when preparing food for preschoolers (4-5 years)?,"When it comes to hand washing before meals for preschoolers (4-5 years), it's important to always wash your hands before preparing food, cook meat to the proper temperature, and store leftovers in the refrigerator promptly."
What are the key points of cross-contamination when preparing food for teens (13-18 years)?,"When it comes to cross-contamination for teens (13-18 years), it's important to always wash your hands before preparing food, cook meat to the proper temperature, and store leftovers in the refrigerator promptly."
What are the key points of cross-contamination when preparing food for toddlers (1-3 years)?,"When it comes to cross-contamination for toddlers (1-3 years), it's important to always wash your hands before preparing food, cook meat to the proper temperature, and store leftovers in the refrigerator promptly."
Can you give me some information about the the food pyramid for kids (6-12 years)?,"The the food pyramid is especially important for kids (6-12 years). For example, it's recommended that they drink plenty of water throughout the day to stay hydrated and support their growing bodies."
Can you give me some information about the healthy snack ideas for toddlers (1-3 years)?,"The healthy snack ideas is especially important for toddlers (1-3 years). For example, it's recommended that they drink plenty of water throughout the day to stay hydrated and support their growing bodies."
What are some healthy snacks for toddlers (1-3 years)?,"For toddlers (1-3 years), a healthy snacks could include a source of protein like lean meat or beans, a whole grain like brown rice or quinoa, and a variety of colorful vegetables. For example, a grilled chicken salad or a black bean burger on a whole wheat bun."
My child is allergic to eggs. What are some safe dinner for them?,"For a child with a eggs allergy, it's crucial to avoid any foods containing that allergen. For dinner, a safe option could be a sunflower seed butter and jelly sandwich on gluten-free bread, or a rice pasta with a vegetable-based sauce."
What are the key points of cross-contamination when preparing food for toddlers (1-3 years)?,"When it comes to cross-contamination for toddlers (1-3 years), it's important to always wash your hands before preparing food, cook meat to the proper temperature, and store leftovers in the refrigerator promptly."
What are some healthy dinner for kids (6-12 years)?,"For kids (6-12 years), a healthy dinner could include a source of protein like lean meat or beans, a whole grain like brown rice or quinoa, and a variety of colorful vegetables. For example, a grilled chicken salad or a black bean burger on a whole wheat bun."
How can I deal with patience with picky eaters in toddlers (1-3 years)?,"Dealing with patience with picky eaters in toddlers (1-3 years) can be challenging. One tip is to patience with picky eaters, for example, by creating a colorful plate or cutting sandwiches into fun shapes. It's also important to be patient and continue offering new foods without pressure."
What are some healthy dinner for toddlers (1-3 years)?,"For toddlers (1-3 years), a healthy dinner could include a source of protein like lean meat or beans, a whole grain like brown rice or quinoa, and a variety of colorful vegetables. For example, a grilled chicken salad or a black bean burger on a whole wheat bun."
What are some pescatarian snacks for preschoolers (4-5 years)?,"A pescatarian snacks for preschoolers (4-5 years) could be a lentil soup with a side of whole-grain bread, or a tofu stir-fry with a variety of vegetables."
What are some healthy dinner for preschoolers (4-5 years)?,"For preschoolers (4-5 years), a healthy dinner could include a source of protein like lean meat or beans, a whole grain like brown rice or quinoa, and a variety of colorful vegetables. For example, a grilled chicken salad or a black bean burger on a whole wheat bun."
Can you give me some information about the importance of hydration for preschoolers (4-5 years)?,"The importance of hydration is especially important for preschoolers (4-5 years). For example, it's recommended that they drink plenty of water throughout the day to stay hydrated and support their growing bodies."
How can I deal with patience with picky eaters in preschoolers (4-5 years)?,"Dealing with patience with picky eaters in preschoolers (4-5 years) can be challenging. One tip is to patience with picky eaters, for example, by creating a colorful plate or cutting sandwiches into fun shapes. It's also important to be patient and continue offering new foods without pressure."
How can I deal with patience with picky eaters in preschoolers (4-5 years)?,"Dealing with patience with picky eaters in preschoolers (4-5 years) can be challenging. One tip is to patience with picky eaters, for example, by creating a colorful plate or cutting sandwiches into fun shapes. It's also important to be patient and continue offering new foods without pressure."
My child is allergic to peanuts. What are some safe breakfast for them?,"For a child with a peanuts allergy, it's crucial to avoid any foods containing that allergen. For breakfast, a safe option could be a sunflower seed butter and jelly sandwich on gluten-free bread, or a rice pasta with a vegetable-based sauce."
Can you give me some information about the importance of hydration for toddlers (1-3 years)?,"The importance of hydration is especially important for toddlers (1-3 years). For example, it's recommended that they drink plenty of water throughout the day to stay hydrated and support their growing bodies."
What are some pescatarian lunch for teens (13-18 years)?,"A pescatarian lunch for teens (13-18 years) could be a lentil soup with a side of whole-grain bread, or a tofu stir-fry with a variety of vegetables."
My child is allergic to shellfish. What are some safe dinner for them?,"For a child with a shellfish allergy, it's crucial to avoid any foods containing that allergen. For dinner, a safe option could be a sunflower seed butter and jelly sandwich on gluten-free bread, or a rice pasta with a vegetable-based sauce."
What are the key points of hand washing before meals when preparing food for teens (13-18 years)?,"When it comes to hand washing before meals for teens (13-18 years), it's important to always wash your hands before preparing food, cook meat to the proper temperature, and store leftovers in the refrigerator promptly."
What are the key points of hand washing before meals when preparing food for kids (6-12 years)?,"When it comes to hand washing before meals for kids (6-12 years), it's important to always wash your hands before preparing food, cook meat to the proper temperature, and store leftovers in the refrigerator promptly."
What are some vegan breakfast for kids (6-12 years)?,"A vegan breakfast for kids (6-12 years) could be a lentil soup with a side of whole-grain bread, or a tofu stir-fry with a variety of vegetables."
My child is allergic to eggs. What are some safe snacks for them?,"For a child with a eggs allergy, it's crucial to avoid any foods containing that allergen. For snacks, a safe option could be a sunflower seed butter and jelly sandwich on gluten-free bread, or a rice pasta with a vegetable-based sauce."
How can I deal with making food fun in teens (13-18 years)?,"Dealing with making food fun in teens (13-18 years) can be challenging. One tip is to making food fun, for example, by creating a colorful plate or cutting sandwiches into fun shapes. It's also important to be patient and continue offering new foods without pressure."
What are the key points of cross-contamination when preparing food for kids (6-12 years)?,"When it comes to cross-contamination for kids (6-12 years), it's important to always wash your hands before preparing food, cook meat to the proper temperature, and store leftovers in the refrigerator promptly."
My child is allergic to shellfish. What are some safe dinner for them?,"For a child with a shellfish allergy, it's crucial to avoid any foods containing that allergen. For dinner, a safe option could be a sunflower seed butter and jelly sandwich on gluten-free bread, or a rice pasta with a vegetable-based sauce."
How can I deal with making food fun in preschoolers (4-5 years)?,"Dealing with making food fun in preschoolers (4-5 years) can be challenging. One tip is to making food fun, for example, by creating a colorful plate or cutting sandwiches into fun shapes. It's also important to be patient and continue offering new foods without pressure."
Can you give me some information about the the food pyramid for kids (6-12 years)?,"The the food pyramid is especially important for kids (6-12 years). For example, it's recommended that they drink plenty of water throughout the day to stay hydrated and support their growing bodies."
Can you give me some information about the how to read nutrition labels for kids (6-12 years)?,"The how to read nutrition labels is especially important for kids (6-12 years). For example, it's recommended that they drink plenty of water throughout the day to stay hydrated and support their growing bodies."
My child is allergic to shellfish. What are some safe snacks for them?,"For a child with a shellfish allergy, it's crucial to avoid any foods containing that allergen. For snacks, a safe option could be a sunflower seed butter and jelly sandwich on gluten-free bread, or a rice pasta with a vegetable-based sauce."
What are some healthy lunch for teens (13-18 years)?,"For teens (13-18 years), a healthy lunch could include a source of protein like lean meat or beans, a whole grain like brown rice or quinoa, and a variety of colorful vegetables. For example, a grilled chicken salad or a black bean burger on a whole wheat bun."
My child is allergic to gluten. What are some safe breakfast for them?,"For a child with a gluten allergy, it's crucial to avoid any foods containing that allergen. For breakfast, a safe option could be a sunflower seed butter and jelly sandwich on gluten-free bread, or a rice pasta with a vegetable-based sauce."
My child is allergic to peanuts. What are some safe lunch for them?,"For a child with a peanuts allergy, it's crucial to avoid any foods containing that allergen. For lunch, a safe option could be a sunflower seed butter and jelly sandwich on gluten-free bread, or a rice pasta with a vegetable-based sauce."
How can I deal with making food fun in toddlers (1-3 years)?,"Dealing with making food fun in toddlers (1-3 years) can be challenging. One tip is to making food fun, for example, by creating a colorful plate or cutting sandwiches into fun shapes. It's also important to be patient and continue offering new foods without pressure."
How can I deal with involving kids in cooking in kids (6-12 years)?,"Dealing with involving kids in cooking in kids (6-12 years) can be challenging. One tip is to involving kids in cooking, for example, by creating a colorful plate or cutting sandwiches into fun shapes. It's also important to be patient and continue offering new foods without pressure."
How can I deal with patience with picky eaters in toddlers (1-3 years)?,"Dealing with patience with picky eaters in toddlers (1-3 years) can be challenging. One tip is to patience with picky eaters, for example, by creating a colorful plate or cutting sandwiches into fun shapes. It's also important to be patient and continue offering new foods without pressure."
What are some vegetarian lunch for preschoolers (4-5 years)?,"A vegetarian lunch for preschoolers (4-5 years) could be a lentil soup with a side of whole-grain bread, or a tofu stir-fry with a variety of vegetables."
What are some healthy breakfast for toddlers (1-3 years)?,"For toddlers (1-3 years), a healthy breakfast could include a source of protein like lean meat or beans, a whole grain like brown rice or quinoa, and a variety of colorful vegetables. For example, a grilled chicken salad or a black bean burger on a whole wheat bun."
How can I deal with making food fun in toddlers (1-3 years)?,"Dealing with making food fun in toddlers (1-3 years) can be challenging. One tip is to making food fun, for example, by creating a colorful plate or cutting sandwiches into fun shapes. It's also important to be patient and continue offering new foods without pressure."
My child is allergic to gluten. What are some safe breakfast for them?,"For a child with a gluten allergy, it's crucial to avoid any foods containing that allergen. For breakfast, a safe option could be a sunflower seed butter and jelly sandwich on gluten-free bread, or a rice pasta with a vegetable-based sauce."
My child is allergic to peanuts. What are some safe breakfast for them?,"For a child with a peanuts allergy, it's crucial to avoid any foods containing that allergen. For breakfast, a safe option could be a sunflower seed butter and jelly sandwich on gluten-free bread, or a rice pasta with a vegetable-based sauce."
What are some vegan snacks for preschoolers (4-5 years)?,"A vegan snacks for preschoolers (4-5 years) could be a lentil soup with a side of whole-grain bread, or a tofu stir-fry with a variety of vegetables."
What are some healthy lunch for preschoolers (4-5 years)?,"For preschoolers (4-5 years), a healthy lunch could include a source of protein like lean meat or beans, a whole grain like brown rice or quinoa, and a variety of colorful vegetables. For example, a grilled chicken salad or a black bean burger on a whole wheat bun."
What are some vegan breakfast for teens (13-18 years)?,"A vegan breakfast for teens (13-18 years) could be a lentil soup with a side of whole-grain bread, or a tofu stir-fry with a variety of vegetables."
Can you give me some information about the benefits of a balanced diet for toddlers (1-3 years)?,"The benefits of a balanced diet is especially important for toddlers (1-3 years). For example, it's recommended that they drink plenty of water throughout the day to stay hydrated and support their growing bodies."
Can you give me some information about the the food pyramid for preschoolers (4-5 years)?,"The the food pyramid is especially important for preschoolers (4-5 years). For example, it's recommended that they drink plenty of water throughout the day to stay hydrated and support their growing bodies."
What are some pescatarian breakfast for toddlers (1-3 years)?,"A pescatarian breakfast for toddlers (1-3 years) could be a lentil soup with a side of whole-grain bread, or a tofu stir-fry with a variety of vegetables."
What are some pescatarian breakfast for kids (6-12 years)?,"A pescatarian breakfast for kids (6-12 years) could be a lentil soup with a side of whole-grain bread, or a tofu stir-fry with a variety of vegetables."
What are some healthy snacks for kids (6-12 years)?,"For kids (6-12 years), a healthy snacks could include a source of protein like lean meat or beans, a whole grain like brown rice or quinoa, and a variety of colorful vegetables. For example, a grilled chicken salad or a black bean burger on a whole wheat bun."
How can I deal with how to introduce new foods in kids (6-12 years)?,"Dealing with how to introduce new foods in kids (6-12 years) can be challenging. One tip is to how to introduce new foods, for example, by creating a colorful plate or cutting sandwiches into fun shapes. It's also important to be patient and continue offering new foods without pressure."
My child is allergic to peanuts. What are some safe breakfast for them?,"For a child with a peanuts allergy, it's crucial to avoid any foods containing that allergen. For breakfast, a safe option could be a sunflower seed butter and jelly sandwich on gluten-free bread, or a rice pasta with a vegetable-based sauce."
What are the key points of cross-contamination when preparing food for preschoolers (4-5 years)?,"When it comes to cross-contamination for preschoolers (4-5 years), it's important to always wash your hands before preparing food, cook meat to the proper temperature, and store leftovers in the refrigerator promptly."
My child is allergic to peanuts. What are some safe dinner for them?,"For a child with a peanuts allergy, it's crucial to avoid any foods containing that allergen. For dinner, a safe option could be a sunflower seed butter and jelly sandwich on gluten-free bread, or a rice pasta with a vegetable-based sauce."
How can I deal with how to introduce new foods in kids (6-12 years)?,"Dealing with how to introduce new foods in kids (6-12 years) can be challenging. One tip is to how to introduce new foods, for example, by creating a colorful plate or cutting sandwiches into fun shapes. It's also important to be patient and continue offering new foods without pressure."
What are the key points of cross-contamination when preparing food for teens (13-18 years)?,"When it comes to cross-contamination for teens (13-18 years), it's important to always wash your hands before preparing food, cook meat to the proper temperature, and store leftovers in the refrigerator promptly."
My child is allergic to gluten. What are some safe breakfast for them?,"For a child with a gluten allergy, it's crucial to avoid any foods containing that allergen. For breakfast, a safe option could be a sunflower seed butter and jelly sandwich on gluten-free bread, or a rice pasta with a vegetable-based sauce."
What are some healthy breakfast for preschoolers (4-5 years)?,"For preschoolers (4-5 years), a healthy breakfast could include a source of protein like lean meat or beans, a whole grain like brown rice or quinoa, and a variety of colorful vegetables. For example, a grilled chicken salad or a black bean burger on a whole wheat bun."
What are some pescatarian snacks for teens (13-18 years)?,"A pescatarian snacks for teens (13-18 years) could be a lentil soup with a side of whole-grain bread, or a tofu stir-fry with a variety of vegetables."
Can you give me some information about the importance of hydration for preschoolers (4-5 years)?,"The importance of hydration is especially important for preschoolers (4-5 years). For example, it's recommended that they drink plenty of water throughout the day to stay hydrated and support their growing bodies."
What are some vegetarian snacks for toddlers (1-3 years)?,"A vegetarian snacks for toddlers (1-3 years) could be a lentil soup with a side of whole-grain bread, or a tofu stir-fry with a variety of vegetables."
What are some healthy snacks for toddlers (1-3 years)?,"For toddlers (1-3 years), a healthy snacks could include a source of protein like lean meat or beans, a whole grain like brown rice or quinoa, and a variety of colorful vegetables. For example, a grilled chicken salad or a black bean burger on a whole wheat bun."
What are the key points of hand washing before meals when preparing food for toddlers (1-3 years)?,"When it comes to hand washing before meals for toddlers (1-3 years), it's important to always wash your hands before preparing food, cook meat to the proper temperature, and store leftovers in the refrigerator promptly."
My child is allergic to shellfish. What are some safe breakfast for them?,"For a child with a shellfish allergy, it's crucial to avoid any foods containing that allergen. For breakfast, a safe option could be a sunflower seed butter and jelly sandwich on gluten-free bread, or a rice pasta with a vegetable-based sauce."
How can I deal with making food fun in preschoolers (4-5 years)?,"Dealing with making food fun in preschoolers (4-5 years) can be challenging. One tip is to making food fun, for example, by creating a colorful plate or cutting sandwiches into fun shapes. It's also important to be patient and continue offering new foods without pressure."
What are the key points of cooking temperatures when preparing food for preschoolers (4-5 years)?,"When it comes to cooking temperatures for preschoolers (4-5 years), it's important to always wash your hands before preparing food, cook meat to the proper temperature, and store leftovers in the refrigerator promptly."
Can you give me some information about the importance of hydration for toddlers (1-3 years)?,"The importance of hydration is especially important for toddlers (1-3 years). For example, it's recommended that they drink plenty of water throughout the day to stay hydrated and support their growing bodies."
What are the key points of cross-contamination when preparing food for kids (6-12 years)?,"When it comes to cross-contamination for kids (6-12 years), it's important to always wash your hands before preparing food, cook meat to the proper temperature, and store leftovers in the refrigerator promptly."
What are some healthy snacks for teens (13-18 years)?,"For teens (13-18 years), a healthy snacks could include a source of protein like lean meat or beans, a whole grain like brown rice or quinoa, and a variety of colorful vegetables. For example, a grilled chicken salad or a black bean burger on a whole wheat bun."
What are some vegetarian breakfast for kids (6-12 years)?,"A vegetarian breakfast for kids (6-12 years) could be a lentil soup with a side of whole-grain bread, or a tofu stir-fry with a variety of vegetables."
What are some vegan lunch for teens (13-18 years)?,"A vegan lunch for teens (13-18 years) could be a lentil soup with a side of whole-grain bread, or a tofu stir-fry with a variety of vegetables."
Can you give me some information about the the food pyramid for preschoolers (4-5 years)?,"The the food pyramid is especially important for preschoolers (4-5 years). For example, it's recommended that they drink plenty of water throughout the day to stay hydrated and support their growing bodies."
What are some pescatarian lunch for teens (13-18 years)?,"A pescatarian lunch for teens (13-18 years) could be a lentil soup with a side of whole-grain bread, or a tofu stir-fry with a variety of vegetables."
My child is allergic to peanuts. What are some safe dinner for them?,"For a child with a peanuts allergy, it's crucial to avoid any foods containing that allergen. For dinner, a safe option could be a sunflower seed butter and jelly sandwich on gluten-free bread, or a rice pasta with a vegetable-based sauce."
My child is allergic to shellfish. What are some safe breakfast for them?,"For a child with a shellfish allergy, it's crucial to avoid any foods containing that allergen. For breakfast, a safe option could be a sunflower seed butter and jelly sandwich on gluten-free bread, or a rice pasta with a vegetable-based sauce."
What are the key points of cooking temperatures when preparing food for kids (6-12 years)?,"When it comes to cooking temperatures for kids (6-12 years), it's important to always wash your hands before preparing food, cook meat to the proper temperature, and store leftovers in the refrigerator promptly."
What are some pescatarian snacks for teens (13-18 years)?,"A pescatarian snacks for teens (13-18 years) could be a lentil soup with a side of whole-grain bread, or a tofu stir-fry with a variety of vegetables."
What are some healthy dinner for preschoolers (4-5 years)?,"For preschoolers (4-5 years), a healthy dinner could include a source of protein like lean meat or beans, a whole grain like brown rice or quinoa, and a variety of colorful vegetables. For example, a grilled chicken salad or a black bean burger on a whole wheat bun."
How can I deal with involving kids in cooking in teens (13-18 years)?,"Dealing with involving kids in cooking in teens (13-18 years) can be challenging. One tip is to involving kids in cooking, for example, by creating a colorful plate or cutting sandwiches into fun shapes. It's also important to be patient and continue offering new foods without pressure."
What are some pescatarian snacks for preschoolers (4-5 years)?,"A pescatarian snacks for preschoolers (4-5 years) could be a lentil soup with a side of whole-grain bread, or a tofu stir-fry with a variety of vegetables."
Can you give me some information about the importance of hydration for preschoolers (4-5 years)?,"The importance of hydration is especially important for preschoolers (4-5 years). For example, it's recommended that they drink plenty of water throughout the day to stay hydrated and support their growing bodies."
Can you give me some information about the how to read nutrition labels for preschoolers (4-5 years)?,"The how to read nutrition labels is especially important for preschoolers (4-5 years). For example, it's recommended that they drink plenty of water throughout the day to stay hydrated and support their growing bodies."
What are the key points of safe food storage when preparing food for toddlers (1-3 years)?,"When it comes to safe food storage for toddlers (1-3 years), it's important to always wash your hands before preparing food, cook meat to the proper temperature, and store leftovers in the refrigerator promptly."
What are some pescatarian snacks for teens (13-18 years)?,"A pescatarian snacks for teens (13-18 years) could be a lentil soup with a side of whole-grain bread, or a tofu stir-fry with a variety of vegetables."
My child is allergic to dairy. What are some safe lunch for them?,"For a child with a dairy allergy, it's crucial to avoid any foods containing that allergen. For lunch, a safe option could be a sunflower seed butter and jelly sandwich on gluten-free bread, or a rice pasta with a vegetable-based sauce."
How can I deal with patience with picky eaters in teens (13-18 years)?,"Dealing with patience with picky eaters in teens (13-18 years) can be challenging. One tip is to patience with picky eaters, for example, by creating a colorful plate or cutting sandwiches into fun shapes. It's also important to be patient and continue offering new foods without pressure."
What are some pescatarian lunch for preschoolers (4-5 years)?,"A pescatarian lunch for preschoolers (4-5 years) could be a lentil soup with a side of whole-grain bread, or a tofu stir-fry with a variety of vegetables."
What are some healthy snacks for toddlers (1-3 years)?,"For toddlers (1-3 years), a healthy snacks could include a source of protein like lean meat or beans, a whole grain like brown rice or quinoa, and a variety of colorful vegetables. For example, a grilled chicken salad or a black bean burger on a whole wheat bun."
My child is allergic to shellfish. What are some safe snacks for them?,"For a child with a shellfish allergy, it's crucial to avoid any foods containing that allergen. For snacks, a safe option could be a sunflower seed butter and jelly sandwich on gluten-free bread, or a rice pasta with a vegetable-based sauce."
How can I deal with patience with picky eaters in preschoolers (4-5 years)?,"Dealing with patience with picky eaters in preschoolers (4-5 years) can be challenging. One tip is to patience with picky eaters, for example, by creating a colorful plate or cutting sandwiches into fun shapes. It's also important to be patient and continue offering new foods without pressure."
What are some healthy breakfast for kids (6-12 years)?,"For kids (6-12 years), a healthy breakfast could include a source of protein like lean meat or beans, a whole grain like brown rice or quinoa, and a variety of colorful vegetables. For example, a grilled chicken salad or a black bean burger on a whole wheat bun."
My child is allergic to shellfish. What are some safe breakfast for them?,"For a child with a shellfish allergy, it's crucial to avoid any foods containing that allergen. For breakfast, a safe option could be a sunflower seed butter and jelly sandwich on gluten-free bread, or a rice pasta with a vegetable-based sauce."
How can I deal with patience with picky eaters in kids (6-12 years)?,"Dealing with patience with picky eaters in kids (6-12 years) can be challenging. One tip is to patience with picky eaters, for example, by creating a colorful plate or cutting sandwiches into fun shapes. It's also important to be patient and continue offering new foods without pressure."
Can you give me some information about the importance of hydration for toddlers (1-3 years)?,"The importance of hydration is especially important for toddlers (1-3 years). For example, it's recommended that they drink plenty of water throughout the day to stay hydrated and support their growing bodies."
What are some vegan breakfast for kids (6-12 years)?,"A vegan breakfast for kids (6-12 years) could be a lentil soup with a side of whole-grain bread, or a tofu stir-fry with a variety of vegetables."
How can I deal with making food fun in preschoolers (4-5 years)?,"Dealing with making food fun in preschoolers (4-5 years) can be challenging. One tip is to making food fun, for example, by creating a colorful plate or cutting sandwiches into fun shapes. It's also important to be patient and continue offering new foods without pressure."
How can I deal with how to introduce new foods in toddlers (1-3 years)?,"Dealing with how to introduce new foods in toddlers (1-3 years) can be challenging. One tip is to how to introduce new foods, for example, by creating a colorful plate or cutting sandwiches into fun shapes. It's also important to be patient and continue offering new foods without pressure."
What are the key points of cross-contamination when preparing food for teens (13-18 years)?,"When it comes to cross-contamination for teens (13-18 years), it's important to always wash your hands before preparing food, cook meat to the proper temperature, and store leftovers in the refrigerator promptly."
Can you give me some information about the importance of hydration for preschoolers (4-5 years)?,"The importance of hydration is especially important for preschoolers (4-5 years). For example, it's recommended that they drink plenty of water throughout the day to stay hydrated and support their growing bodies."
What are some healthy snacks for toddlers (1-3 years)?,"For toddlers (1-3 years), a healthy snacks could include a source of protein like lean meat or beans, a whole grain like brown rice or quinoa, and a variety of colorful vegetables. For example, a grilled chicken salad or a black bean burger on a whole wheat bun."
My child is allergic to peanuts. What are some safe lunch for them?,"For a child with a peanuts allergy, it's crucial to avoid any foods containing that allergen. For lunch, a safe option could be a sunflower seed butter and jelly sandwich on gluten-free bread, or a rice pasta with a vegetable-based sauce."
Can you give me some information about the how to read nutrition labels for preschoolers (4-5 years)?,"The how to read nutrition labels is especially important for preschoolers (4-5 years). For example, it's recommended that they drink plenty of water throughout the day to stay hydrated and support their growing bodies."
How can I deal with how to introduce new foods in preschoolers (4-5 years)?,"Dealing with how to introduce new foods in preschoolers (4-5 years) can be challenging. One tip is to how to introduce new foods, for example, by creating a colorful plate or cutting sandwiches into fun shapes. It's also important to be patient and continue offering new foods without pressure."
How can I deal with how to introduce new foods in kids (6-12 years)?,"Dealing with how to introduce new foods in kids (6-12 years) can be challenging. One tip is to how to introduce new foods, for example, by creating a colorful plate or cutting sandwiches into fun shapes. It's also important to be patient and continue offering new foods without pressure."
What are some pescatarian snacks for kids (6-12 years)?,"A pescatarian snacks for kids (6-12 years) could be a lentil soup with a side of whole-grain bread, or a tofu stir-fry with a variety of vegetables."
What are some healthy breakfast for teens (13-18 years)?,"For teens (13-18 years), a healthy breakfast could include a source of protein like lean meat or beans, a whole grain like brown rice or quinoa, and a variety of colorful vegetables. For example, a grilled chicken salad or a black bean burger on a whole wheat bun."
What are some healthy breakfast for preschoolers (4-5 years)?,"For preschoolers (4-5 years), a healthy breakfast could include a source of protein like lean meat or beans, a whole grain like brown rice or quinoa, and a variety of colorful vegetables. For example, a grilled chicken salad or a black bean burger on a whole wheat bun."
Can you give me some information about the importance of hydration for toddlers (1-3 years)?,"The importance of hydration is especially important for toddlers (1-3 years). For example, it's recommended that they drink plenty of water throughout the day to stay hydrated and support their growing bodies."
What are the key points of cooking temperatures when preparing food for preschoolers (4-5 years)?,"When it comes to cooking temperatures for preschoolers (4-5 years), it's important to always wash your hands before preparing food, cook meat to the proper temperature, and store leftovers in the refrigerator promptly."
What are the key points of cooking temperatures when preparing food for teens (13-18 years)?,"When it comes to cooking temperatures for teens (13-18 years), it's important to always wash your hands before preparing food, cook meat to the proper temperature, and store leftovers in the refrigerator promptly."
What are some vegetarian snacks for teens (13-18 years)?,"A vegetarian snacks for teens (13-18 years) could be a lentil soup with a side of whole-grain bread, or a tofu stir-fry with a variety of vegetables."
What are the key points of safe food storage when preparing food for teens (13-18 years)?,"When it comes to safe food storage for teens (13-18 years), it's important to always wash your hands before preparing food, cook meat to the proper temperature, and store leftovers in the refrigerator promptly."
How can I deal with involving kids in cooking in teens (13-18 years)?,"Dealing with involving kids in cooking in teens (13-18 years) can be challenging. One tip is to involving kids in cooking, for example, by creating a colorful plate or cutting sandwiches into fun shapes. It's also important to be patient and continue offering new foods without pressure."
How can I deal with patience with picky eaters in toddlers (1-3 years)?,"Dealing with patience with picky eaters in toddlers (1-3 years) can be challenging. One tip is to patience with picky eaters, for example, by creating a colorful plate or cutting sandwiches into fun shapes. It's also important to be patient and continue offering new foods without pressure."
What are some vegetarian dinner for kids (6-12 years)?,"A vegetarian dinner for kids (6-12 years) could be a lentil soup with a side of whole-grain bread, or a tofu stir-fry with a variety of vegetables."
My child is allergic to dairy. What are some safe breakfast for them?,"For a child with a dairy allergy, it's crucial to avoid any foods containing that allergen. For breakfast, a safe option could be a sunflower seed butter and jelly sandwich on gluten-free bread, or a rice pasta with a vegetable-based sauce."
What are some pescatarian breakfast for kids (6-12 years)?,"A pescatarian breakfast for kids (6-12 years) could be a lentil soup with a side of whole-grain bread, or a tofu stir-fry with a variety of vegetables."
How can I deal with making food fun in preschoolers (4-5 years)?,"Dealing with making food fun in preschoolers (4-5 years) can be challenging. One tip is to making food fun, for example, by creating a colorful plate or cutting sandwiches into fun shapes. It's also important to be patient and continue offering new foods without pressure."
Can you give me some information about the the food pyramid for preschoolers (4-5 years)?,"The the food pyramid is especially important for preschoolers (4-5 years). For example, it's recommended that they drink plenty of water throughout the day to stay hydrated and support their growing bodies."
What are the key points of cooking temperatures when preparing food for preschoolers (4-5 years)?,"When it comes to cooking temperatures for preschoolers (4-5 years), it's important to always wash your hands before preparing food, cook meat to the proper temperature, and store leftovers in the refrigerator promptly."
What are some healthy lunch for kids (6-12 years)?,"For kids (6-12 years), a healthy lunch could include a source of protein like lean meat or beans, a whole grain like brown rice or quinoa, and a variety of colorful vegetables. For example, a grilled chicken salad or a black bean burger on a whole wheat bun."
What are the key points of hand washing before meals when preparing food for kids (6-12 years)?,"When it comes to hand washing before meals for kids (6-12 years), it's important to always wash your hands before preparing food, cook meat to the proper temperature, and store leftovers in the refrigerator promptly."
My child is allergic to gluten. What are some safe snacks for them?,"For a child with a gluten allergy, it's crucial to avoid any foods containing that allergen. For snacks, a safe option could be a sunflower seed butter and jelly sandwich on gluten-free bread, or a rice pasta with a vegetable-based sauce."
What are some vegetarian breakfast for teens (13-18 years)?,"A vegetarian breakfast for teens (13-18 years) could be a lentil soup with a side of whole-grain bread, or a tofu stir-fry with a variety of vegetables."
My child is allergic to dairy. What are some safe breakfast for them?,"For a child with a dairy allergy, it's crucial to avoid any foods containing that allergen. For breakfast, a safe option could be a sunflower seed butter and jelly sandwich on gluten-free bread, or a rice pasta with a vegetable-based sauce."
Can you give me some information about the the food pyramid for teens (13-18 years)?,"The the food pyramid is especially important for teens (13-18 years). For example, it's recommended that they drink plenty of water throughout the day to stay hydrated and support their growing bodies."
Can you give me some information about the importance of hydration for teens (13-18 years)?,"The importance of hydration is especially important for teens (13-18 years). For example, it's recommended that they drink plenty of water throughout the day to stay hydrated and support their growing bodies."
What are some healthy snacks for toddlers (1-3 years)?,"For toddlers (1-3 years), a healthy snacks could include a source of protein like lean meat or beans, a whole grain like brown rice or quinoa, and a variety of colorful vegetables. For example, a grilled chicken salad or a black bean burger on a whole wheat bun."
What are some pescatarian lunch for teens (13-18 years)?,"A pescatarian lunch for teens (13-18 years) could be a lentil soup with a side of whole-grain bread, or a tofu stir-fry with a variety of vegetables."
Can you give me some information about the benefits of a balanced diet for toddlers (1-3 years)?,"The benefits of a balanced diet is especially important for toddlers (1-3 years). For example, it's recommended that they drink plenty of water throughout the day to stay hydrated and support their growing bodies."
What are some healthy breakfast for toddlers (1-3 years)?,"For toddlers (1-3 years), a healthy breakfast could include a source of protein like lean meat or beans, a whole grain like brown rice or quinoa, and a variety of colorful vegetables. For example, a grilled chicken salad or a black bean burger on a whole wheat bun."
My child is allergic to peanuts. What are some safe dinner for them?,"For a child with a peanuts allergy, it's crucial to avoid any foods containing that allergen. For dinner, a safe option could be a sunflower seed butter and jelly sandwich on gluten-free bread, or a rice pasta with a vegetable-based sauce."
What are the key points of cooking temperatures when preparing food for preschoolers (4-5 years)?,"When it comes to cooking temperatures for preschoolers (4-5 years), it's important to always wash your hands before preparing food, cook meat to the proper temperature, and store leftovers in the refrigerator promptly."
What are some vegetarian dinner for kids (6-12 years)?,"A vegetarian dinner for kids (6-12 years) could be a lentil soup with a side of whole-grain bread, or a tofu stir-fry with a variety of vegetables."
What are the key points of cooking temperatures when preparing food for teens (13-18 years)?,"When it comes to cooking temperatures for teens (13-18 years), it's important to always wash your hands before preparing food, cook meat to the proper temperature, and store leftovers in the refrigerator promptly."
What are some vegan lunch for preschoolers (4-5 years)?,"A vegan lunch for preschoolers (4-5 years) could be a lentil soup with a side of whole-grain bread, or a tofu stir-fry with a variety of vegetables."
What are some vegetarian snacks for teens (13-18 years)?,"A vegetarian snacks for teens (13-18 years) could be a lentil soup with a side of whole-grain bread, or a tofu stir-fry with a variety of vegetables."
Can you give me some information about the importance of hydration for teens (13-18 years)?,"The importance of hydration is especially important for teens (13-18 years). For example, it's recommended that they drink plenty of water throughout the day to stay hydrated and support their growing bodies."
How can I deal with involving kids in cooking in preschoolers (4-5 years)?,"Dealing with involving kids in cooking in preschoolers (4-5 years) can be challenging. One tip is to involving kids in cooking, for example, by creating a colorful plate or cutting sandwiches into fun shapes. It's also important to be patient and continue offering new foods without pressure."
What are the key points of cooking temperatures when preparing food for teens (13-18 years)?,"When it comes to cooking temperatures for teens (13-18 years), it's important to always wash your hands before preparing food, cook meat to the proper temperature, and store leftovers in the refrigerator promptly."
Can you give me some information about the healthy snack ideas for toddlers (1-3 years)?,"The healthy snack ideas is especially important for toddlers (1-3 years). For example, it's recommended that they drink plenty of water throughout the day to stay hydrated and support their growing bodies."
What are some pescatarian breakfast for teens (13-18 years)?,"A pescatarian breakfast for teens (13-18 years) could be a lentil soup with a side of whole-grain bread, or a tofu stir-fry with a variety of vegetables."
What are the key points of hand washing before meals when preparing food for preschoolers (4-5 years)?,"When it comes to hand washing before meals for preschoolers (4-5 years), it's important to always wash your hands before preparing food, cook meat to the proper temperature, and store leftovers in the refrigerator promptly."
Can you give me some information about the healthy snack ideas for teens (13-18 years)?,"The healthy snack ideas is especially important for teens (13-18 years). For example, it's recommended that they drink plenty of water throughout the day to stay hydrated and support their growing bodies."
My child is allergic to dairy. What are some safe lunch for them?,"For a child with a dairy allergy, it's crucial to avoid any foods containing that allergen. For lunch, a safe option could be a sunflower seed butter and jelly sandwich on gluten-free bread, or a rice pasta with a vegetable-based sauce."
How can I deal with making food fun in toddlers (1-3 years)?,"Dealing with making food fun in toddlers (1-3 years) can be challenging. One tip is to making food fun, for example, by creating a colorful plate or cutting sandwiches into fun shapes. It's also important to be patient and continue offering new foods without pressure."
What are some pescatarian snacks for teens (13-18 years)?,"A pescatarian snacks for teens (13-18 years) could be a lentil soup with a side of whole-grain bread, or a tofu stir-fry with a variety of vegetables."
What are some pescatarian dinner for teens (13-18 years)?,"A pescatarian dinner for teens (13-18 years) could be a lentil soup with a side of whole-grain bread, or a tofu stir-fry with a variety of vegetables."
Can you give me some information about the benefits of a balanced diet for teens (13-18 years)?,"The benefits of a balanced diet is especially important for teens (13-18 years). For example, it's recommended that they drink plenty of water throughout the day to stay hydrated and support their growing bodies."
What are some healthy snacks for kids (6-12 years)?,"For kids (6-12 years), a healthy snacks could include a source of protein like lean meat or beans, a whole grain like brown rice or quinoa, and a variety of colorful vegetables. For example, a grilled chicken salad or a black bean burger on a whole wheat bun."
What are some healthy lunch for preschoolers (4-5 years)?,"For preschoolers (4-5 years), a healthy lunch could include a source of protein like lean meat or beans, a whole grain like brown rice or quinoa, and a variety of colorful vegetables. For example, a grilled chicken salad or a black bean burger on a whole wheat bun."
Can you give me some information about the importance of hydration for teens (13-18 years)?,"The importance of hydration is especially important for teens (13-18 years). For example, it's recommended that they drink plenty of water throughout the day to stay hydrated and support their growing bodies."
Can you give me some information about the healthy snack ideas for teens (13-18 years)?,"The healthy snack ideas is especially important for teens (13-18 years). For example, it's recommended that they drink plenty of water throughout the day to stay hydrated and support their growing bodies."
My child is allergic to dairy. What are some safe breakfast for them?,"For a child with a dairy allergy, it's crucial to avoid any foods containing that allergen. For breakfast, a safe option could be a sunflower seed butter and jelly sandwich on gluten-free bread, or a rice pasta with a vegetable-based sauce."
How can I deal with making food fun in preschoolers (4-5 years)?,"Dealing with making food fun in preschoolers (4-5 years) can be challenging. One tip is to making food fun, for example, by creating a colorful plate or cutting sandwiches into fun shapes. It's also important to be patient and continue offering new foods without pressure."
How can I deal with how to introduce new foods in teens (13-18 years)?,"Dealing with how to introduce new foods in teens (13-18 years) can be challenging. One tip is to how to introduce new foods, for example, by creating a colorful plate or cutting sandwiches into fun shapes. It's also important to be patient and continue offering new foods without pressure."
What are some vegan snacks for teens (13-18 years)?,"A vegan snacks for teens (13-18 years) could be a lentil soup with a side of whole-grain bread, or a tofu stir-fry with a variety of vegetables."
How can I deal with making food fun in kids (6-12 years)?,"Dealing with making food fun in kids (6-12 years) can be challenging. One tip is to making food fun, for example, by creating a colorful plate or cutting sandwiches into fun shapes. It's also important to be patient and continue offering new foods without pressure."
My child is allergic to eggs. What are some safe dinner for them?,"For a child with a eggs allergy, it's crucial to avoid any foods containing that allergen. For dinner, a safe option could be a sunflower seed butter and jelly sandwich on gluten-free bread, or a rice pasta with a vegetable-based sauce."
What are the key points of cooking temperatures when preparing food for kids (6-12 years)?,"When it comes to cooking temperatures for kids (6-12 years), it's important to always wash your hands before preparing food, cook meat to the proper temperature, and store leftovers in the refrigerator promptly."
My child is allergic to gluten. What are some safe dinner for them?,"For a child with a gluten allergy, it's crucial to avoid any foods containing that allergen. For dinner, a safe option could be a sunflower seed butter and jelly sandwich on gluten-free bread, or a rice pasta with a vegetable-based sauce."
Can you give me some information about the importance of hydration for preschoolers (4-5 years)?,"The importance of hydration is especially important for preschoolers (4-5 years). For example, it's recommended that they drink plenty of water throughout the day to stay hydrated and support their growing bodies."
My child is allergic to peanuts. What are some safe dinner for them?,"For a child with a peanuts allergy, it's crucial to avoid any foods containing that allergen. For dinner, a safe option could be a sunflower seed butter and jelly sandwich on gluten-free bread, or a rice pasta with a vegetable-based sauce."
What are the key points of hand washing before meals when preparing food for kids (6-12 years)?,"When it comes to hand washing before meals for kids (6-12 years), it's important to always wash your hands before preparing food, cook meat to the proper temperature, and store leftovers in the refrigerator promptly."
How can I deal with involving kids in cooking in preschoolers (4-5 years)?,"Dealing with involving kids in cooking in preschoolers (4-5 years) can be challenging. One tip is to involving kids in cooking, for example, by creating a colorful plate or cutting sandwiches into fun shapes. It's also important to be patient and continue offering new foods without pressure."
What are some healthy lunch for toddlers (1-3 years)?,"For toddlers (1-3 years), a healthy lunch could include a source of protein like lean meat or beans, a whole grain like brown rice or quinoa, and a variety of colorful vegetables. For example, a grilled chicken salad or a black bean burger on a whole wheat bun."
What are the key points of cooking temperatures when preparing food for teens (13-18 years)?,"When it comes to cooking temperatures for teens (13-18 years), it's important to always wash your hands before preparing food, cook meat to the proper temperature, and store leftovers in the refrigerator promptly."
My child is allergic to gluten. What are some safe breakfast for them?,"For a child with a gluten allergy, it's crucial to avoid any foods containing that allergen. For breakfast, a safe option could be a sunflower seed butter and jelly sandwich on gluten-free bread, or a rice pasta with a vegetable-based sauce."
What are some healthy breakfast for teens (13-18 years)?,"For teens (13-18 years), a healthy breakfast could include a source of protein like lean meat or beans, a whole grain like brown rice or quinoa, and a variety of colorful vegetables. For example, a grilled chicken salad or a black bean burger on a whole wheat bun."
What are some healthy lunch for kids (6-12 years)?,"For kids (6-12 years), a healthy lunch could include a source of protein like lean meat or beans, a whole grain like brown rice or quinoa, and a variety of colorful vegetables. For example, a grilled chicken salad or a black bean burger on a whole wheat bun."
My child is allergic to gluten. What are some safe lunch for them?,"For a child with a gluten allergy, it's crucial to avoid any foods containing that allergen. For lunch, a safe option could be a sunflower seed butter and jelly sandwich on gluten-free bread, or a rice pasta with a vegetable-based sauce."
What are the key points of cross-contamination when preparing food for preschoolers (4-5 years)?,"When it comes to cross-contamination for preschoolers (4-5 years), it's important to always wash your hands before preparing food, cook meat to the proper temperature, and store leftovers in the refrigerator promptly."
What are some vegan snacks for kids (6-12 years)?,"A vegan snacks for kids (6-12 years) could be a lentil soup with a side of whole-grain bread, or a tofu stir-fry with a variety of vegetables."
Can you give me some information about the importance of hydration for kids (6-12 years)?,"The importance of hydration is especially important for kids (6-12 years). For example, it's recommended that they drink plenty of water throughout the day to stay hydrated and support their growing bodies."
How can I deal with how to introduce new foods in kids (6-12 years)?,"Dealing with how to introduce new foods in kids (6-12 years) can be challenging. One tip is to how to introduce new foods, for example, by creating a colorful plate or cutting sandwiches into fun shapes. It's also important to be patient and continue offering new foods without pressure."
My child is allergic to peanuts. What are some safe breakfast for them?,"For a child with a peanuts allergy, it's crucial to avoid any foods containing that allergen. For breakfast, a safe option could be a sunflower seed butter and jelly sandwich on gluten-free bread, or a rice pasta with a vegetable-based sauce."
How can I deal with patience with picky eaters in toddlers (1-3 years)?,"Dealing with patience with picky eaters in toddlers (1-3 years) can be challenging. One tip is to patience with picky eaters, for example, by creating a colorful plate or cutting sandwiches into fun shapes. It's also important to be patient and continue offering new foods without pressure."
Can you give me some information about the importance of hydration for kids (6-12 years)?,"The importance of hydration is especially important for kids (6-12 years). For example, it's recommended that they drink plenty of water throughout the day to stay hydrated and support their growing bodies."
What are the key points of cooking temperatures when preparing food for kids (6-12 years)?,"When it comes to cooking temperatures for kids (6-12 years), it's important to always wash your hands before preparing food, cook meat to the proper temperature, and store leftovers in the refrigerator promptly."
What are the key points of cooking temperatures when preparing food for kids (6-12 years)?,"When it comes to cooking temperatures for kids (6-12 years), it's important to always wash your hands before preparing food, cook meat to the proper temperature, and store leftovers in the refrigerator promptly."
What are some healthy dinner for preschoolers (4-5 years)?,"For preschoolers (4-5 years), a healthy dinner could include a source of protein like lean meat or beans, a whole grain like brown rice or quinoa, and a variety of colorful vegetables. For example, a grilled chicken salad or a black bean burger on a whole wheat bun."
Can you give me some information about the the food pyramid for teens (13-18 years)?,"The the food pyramid is especially important for teens (13-18 years). For example, it's recommended that they drink plenty of water throughout the day to stay hydrated and support their growing bodies."
My child is allergic to shellfish. What are some safe dinner for them?,"For a child with a shellfish allergy, it's crucial to avoid any foods containing that allergen. For dinner, a safe option could be a sunflower seed butter and jelly sandwich on gluten-free bread, or a rice pasta with a vegetable-based sauce."
What are the key points of hand washing before meals when preparing food for toddlers (1-3 years)?,"When it comes to hand washing before meals for toddlers (1-3 years), it's important to always wash your hands before preparing food, cook meat to the proper temperature, and store leftovers in the refrigerator promptly."
My child is allergic to shellfish. What are some safe snacks for them?,"For a child with a shellfish allergy, it's crucial to avoid any foods containing that allergen. For snacks, a safe option could be a sunflower seed butter and jelly sandwich on gluten-free bread, or a rice pasta with a vegetable-based sauce."
My child is allergic to gluten. What are some safe dinner for them?,"For a child with a gluten allergy, it's crucial to avoid any foods containing that allergen. For dinner, a safe option could be a sunflower seed butter and jelly sandwich on gluten-free bread, or a rice pasta with a vegetable-based sauce."
How can I deal with making food fun in preschoolers (4-5 years)?,"Dealing with making food fun in preschoolers (4-5 years) can be challenging. One tip is to making food fun, for example, by creating a colorful plate or cutting sandwiches into fun shapes. It's also important to be patient and continue offering new foods without pressure."
What are some vegetarian breakfast for kids (6-12 years)?,"A vegetarian breakfast for kids (6-12 years) could be a lentil soup with a side of whole-grain bread, or a tofu stir-fry with a variety of vegetables."
What are some pescatarian dinner for preschoolers (4-5 years)?,"A pescatarian dinner for preschoolers (4-5 years) could be a lentil soup with a side of whole-grain bread, or a tofu stir-fry with a variety of vegetables."
My child is allergic to dairy. What are some safe lunch for them?,"For a child with a dairy allergy, it's crucial to avoid any foods containing that allergen. For lunch, a safe option could be a sunflower seed butter and jelly sandwich on gluten-free bread, or a rice pasta with a vegetable-based sauce."
What are some pescatarian breakfast for teens (13-18 years)?,"A pescatarian breakfast for teens (13-18 years) could be a lentil soup with a side of whole-grain bread, or a tofu stir-fry with a variety of vegetables."
My child is allergic to gluten. What are some safe lunch for them?,"For a child with a gluten allergy, it's crucial to avoid any foods containing that allergen. For lunch, a safe option could be a sunflower seed butter and jelly sandwich on gluten-free bread, or a rice pasta with a vegetable-based sauce."
My child is allergic to dairy. What are some safe snacks for them?,"For a child with a dairy allergy, it's crucial to avoid any foods containing that allergen. For snacks, a safe option could be a sunflower seed butter and jelly sandwich on gluten-free bread, or a rice pasta with a vegetable-based sauce."
Can you give me some information about the how to read nutrition labels for teens (13-18 years)?,"The how to read nutrition labels is especially important for teens (13-18 years). For example, it's recommended that they drink plenty of water throughout the day to stay hydrated and support their growing bodies."
What are some healthy snacks for kids (6-12 years)?,"For kids (6-12 years), a healthy snacks could include a source of protein like lean meat or beans, a whole grain like brown rice or quinoa, and a variety of colorful vegetables. For example, a grilled chicken salad or a black bean burger on a whole wheat bun."
My child is allergic to shellfish. What are some safe breakfast for them?,"For a child with a shellfish allergy, it's crucial to avoid any foods containing that allergen. For breakfast, a safe option could be a sunflower seed butter and jelly sandwich on gluten-free bread, or a rice pasta with a vegetable-based sauce."
Can you give me some information about the importance of hydration for kids (6-12 years)?,"The importance of hydration is especially important for kids (6-12 years). For example, it's recommended that they drink plenty of water throughout the day to stay hydrated and support their growing bodies."
Can you give me some information about the healthy snack ideas for toddlers (1-3 years)?,"The healthy snack ideas is especially important for toddlers (1-3 years). For example, it's recommended that they drink plenty of water throughout the day to stay hydrated and support their growing bodies."
What are some healthy breakfast for kids (6-12 years)?,"For kids (6-12 years), a healthy breakfast could include a source of protein like lean meat or beans, a whole grain like brown rice or quinoa, and a variety of colorful vegetables. For example, a grilled chicken salad or a black bean burger on a whole wheat bun."
My child is allergic to peanuts. What are some safe breakfast for them?,"For a child with a peanuts allergy, it's crucial to avoid any foods containing that allergen. For breakfast, a safe option could be a sunflower seed butter and jelly sandwich on gluten-free bread, or a rice pasta with a vegetable-based sauce."
What are some vegetarian lunch for teens (13-18 years)?,"A vegetarian lunch for teens (13-18 years) could be a lentil soup with a side of whole-grain bread, or a tofu stir-fry with a variety of vegetables."
What are some vegan dinner for preschoolers (4-5 years)?,"A vegan dinner for preschoolers (4-5 years) could be a lentil soup with a side of whole-grain bread, or a tofu stir-fry with a variety of vegetables."
How can I deal with how to introduce new foods in teens (13-18 years)?,"Dealing with how to introduce new foods in teens (13-18 years) can be challenging. One tip is to how to introduce new foods, for example, by creating a colorful plate or cutting sandwiches into fun shapes. It's also important to be patient and continue offering new foods without pressure."
What are some vegetarian lunch for preschoolers (4-5 years)?,"A vegetarian lunch for preschoolers (4-5 years) could be a lentil soup with a side of whole-grain bread, or a tofu stir-fry with a variety of vegetables."
Can you give me some information about the importance of hydration for kids (6-12 years)?,"The importance of hydration is especially important for kids (6-12 years). For example, it's recommended that they drink plenty of water throughout the day to stay hydrated and support their growing bodies."
What are some vegetarian dinner for preschoolers (4-5 years)?,"A vegetarian dinner for preschoolers (4-5 years) could be a lentil soup with a side of whole-grain bread, or a tofu stir-fry with a variety of vegetables."
Can you give me some information about the the food pyramid for teens (13-18 years)?,"The the food pyramid is especially important for teens (13-18 years). For example, it's recommended that they drink plenty of water throughout the day to stay hydrated and support their growing bodies."
What are some vegan dinner for teens (13-18 years)?,"A vegan dinner for teens (13-18 years) could be a lentil soup with a side of whole-grain bread, or a tofu stir-fry with a variety of vegetables."
What are some healthy breakfast for teens (13-18 years)?,"For teens (13-18 years), a healthy breakfast could include a source of protein like lean meat or beans, a whole grain like brown rice or quinoa, and a variety of colorful vegetables. For example, a grilled chicken salad or a black bean burger on a whole wheat bun."
What are some vegetarian lunch for preschoolers (4-5 years)?,"A vegetarian lunch for preschoolers (4-5 years) could be a lentil soup with a side of whole-grain bread, or a tofu stir-fry with a variety of vegetables."
What are the key points of hand washing before meals when preparing food for preschoolers (4-5 years)?,"When it comes to hand washing before meals for preschoolers (4-5 years), it's important to always wash your hands before preparing food, cook meat to the proper temperature, and store leftovers in the refrigerator promptly."
How can I deal with making food fun in preschoolers (4-5 years)?,"Dealing with making food fun in preschoolers (4-5 years) can be challenging. One tip is to making food fun, for example, by creating a colorful plate or cutting sandwiches into fun shapes. It's also important to be patient and continue offering new foods without pressure."
What are some vegan breakfast for kids (6-12 years)?,"A vegan breakfast for kids (6-12 years) could be a lentil soup with a side of whole-grain bread, or a tofu stir-fry with a variety of vegetables."
My child is allergic to gluten. What are some safe snacks for them?,"For a child with a gluten allergy, it's crucial to avoid any foods containing that allergen. For snacks, a safe option could be a sunflower seed butter and jelly sandwich on gluten-free bread, or a rice pasta with a vegetable-based sauce."
My child is allergic to dairy. What are some safe lunch for them?,"For a child with a dairy allergy, it's crucial to avoid any foods containing that allergen. For lunch, a safe option could be a sunflower seed butter and jelly sandwich on gluten-free bread, or a rice pasta with a vegetable-based sauce."
What are some vegan breakfast for kids (6-12 years)?,"A vegan breakfast for kids (6-12 years) could be a lentil soup with a side of whole-grain bread, or a tofu stir-fry with a variety of vegetables."
What are the key points of safe food storage when preparing food for toddlers (1-3 years)?,"When it comes to safe food storage for toddlers (1-3 years), it's important to always wash your hands before preparing food, cook meat to the proper temperature, and store leftovers in the refrigerator promptly."
My child is allergic to shellfish. What are some safe breakfast for them?,"For a child with a shellfish allergy, it's crucial to avoid any foods containing that allergen. For breakfast, a safe option could be a sunflower seed butter and jelly sandwich on gluten-free bread, or a rice pasta with a vegetable-based sauce."
What are the key points of safe food storage when preparing food for teens (13-18 years)?,"When it comes to safe food storage for teens (13-18 years), it's important to always wash your hands before preparing food, cook meat to the proper temperature, and store leftovers in the refrigerator promptly."
What are some vegetarian lunch for preschoolers (4-5 years)?,"A vegetarian lunch for preschoolers (4-5 years) could be a lentil soup with a side of whole-grain bread, or a tofu stir-fry with a variety of vegetables."
How can I deal with how to introduce new foods in kids (6-12 years)?,"Dealing with how to introduce new foods in kids (6-12 years) can be challenging. One tip is to how to introduce new foods, for example, by creating a colorful plate or cutting sandwiches into fun shapes. It's also important to be patient and continue offering new foods without pressure."
What are some vegan lunch for preschoolers (4-5 years)?,"A vegan lunch for preschoolers (4-5 years) could be a lentil soup with a side of whole-grain bread, or a tofu stir-fry with a variety of vegetables."
What are the key points of cross-contamination when preparing food for teens (13-18 years)?,"When it comes to cross-contamination for teens (13-18 years), it's important to always wash your hands before preparing food, cook meat to the proper temperature, and store leftovers in the refrigerator promptly."
What are some healthy dinner for preschoolers (4-5 years)?,"For preschoolers (4-5 years), a healthy dinner could include a source of protein like lean meat or beans, a whole grain like brown rice or quinoa, and a variety of colorful vegetables. For example, a grilled chicken salad or a black bean burger on a whole wheat bun."
What are some healthy dinner for kids (6-12 years)?,"For kids (6-12 years), a healthy dinner could include a source of protein like lean meat or beans, a whole grain like brown rice or quinoa, and a variety of colorful vegetables. For example, a grilled chicken salad or a black bean burger on a whole wheat bun."
What are the key points of cross-contamination when preparing food for kids (6-12 years)?,"When it comes to cross-contamination for kids (6-12 years), it's important to always wash your hands before preparing food, cook meat to the proper temperature, and store leftovers in the refrigerator promptly."
What are some healthy breakfast for teens (13-18 years)?,"For teens (13-18 years), a healthy breakfast could include a source of protein like lean meat or beans, a whole grain like brown rice or quinoa, and a variety of colorful vegetables. For example, a grilled chicken salad or a black bean burger on a whole wheat bun."
How can I deal with making food fun in preschoolers (4-5 years)?,"Dealing with making food fun in preschoolers (4-5 years) can be challenging. One tip is to making food fun, for example, by creating a colorful plate or cutting sandwiches into fun shapes. It's also important to be patient and continue offering new foods without pressure."
How can I deal with involving kids in cooking in preschoolers (4-5 years)?,"Dealing with involving kids in cooking in preschoolers (4-5 years) can be challenging. One tip is to involving kids in cooking, for example, by creating a colorful plate or cutting sandwiches into fun shapes. It's also important to be patient and continue offering new foods without pressure."
How can I deal with patience with picky eaters in preschoolers (4-5 years)?,"Dealing with patience with picky eaters in preschoolers (4-5 years) can be challenging. One tip is to patience with picky eaters, for example, by creating a colorful plate or cutting sandwiches into fun shapes. It's also important to be patient and continue offering new foods without pressure."
What are some pescatarian lunch for teens (13-18 years)?,"A pescatarian lunch for teens (13-18 years) could be a lentil soup with a side of whole-grain bread, or a tofu stir-fry with a variety of vegetables."
What are some pescatarian lunch for toddlers (1-3 years)?,"A pescatarian lunch for toddlers (1-3 years) could be a lentil soup with a side of whole-grain bread, or a tofu stir-fry with a variety of vegetables."
What are the key points of hand washing before meals when preparing food for toddlers (1-3 years)?,"When it comes to hand washing before meals for toddlers (1-3 years), it's important to always wash your hands before preparing food, cook meat to the proper temperature, and store leftovers in the refrigerator promptly."
What are some healthy lunch for teens (13-18 years)?,"For teens (13-18 years), a healthy lunch could include a source of protein like lean meat or beans, a whole grain like brown rice or quinoa, and a variety of colorful vegetables. For example, a grilled chicken salad or a black bean burger on a whole wheat bun."
What are some healthy breakfast for kids (6-12 years)?,"For kids (6-12 years), a healthy breakfast could include a source of protein like lean meat or beans, a whole grain like brown rice or quinoa, and a variety of colorful vegetables. For example, a grilled chicken salad or a black bean burger on a whole wheat bun."
What are some pescatarian lunch for preschoolers (4-5 years)?,"A pescatarian lunch for preschoolers (4-5 years) could be a lentil soup with a side of whole-grain bread, or a tofu stir-fry with a variety of vegetables."
What are some vegetarian breakfast for kids (6-12 years)?,"A vegetarian breakfast for kids (6-12 years) could be a lentil soup with a side of whole-grain bread, or a tofu stir-fry with a variety of vegetables."
What are some vegan lunch for toddlers (1-3 years)?,"A vegan lunch for toddlers (1-3 years) could be a lentil soup with a side of whole-grain bread, or a tofu stir-fry with a variety of vegetables."
My child is allergic to eggs. What are some safe breakfast for them?,"For a child with a eggs allergy, it's crucial to avoid any foods containing that allergen. For breakfast, a safe option could be a sunflower seed butter and jelly sandwich on gluten-free bread, or a rice pasta with a vegetable-based sauce."
My child is allergic to shellfish. What are some safe lunch for them?,"For a child with a shellfish allergy, it's crucial to avoid any foods containing that allergen. For lunch, a safe option could be a sunflower seed butter and jelly sandwich on gluten-free bread, or a rice pasta with a vegetable-based sauce."
What are some healthy dinner for kids (6-12 years)?,"For kids (6-12 years), a healthy dinner could include a source of protein like lean meat or beans, a whole grain like brown rice or quinoa, and a variety of colorful vegetables. For example, a grilled chicken salad or a black bean burger on a whole wheat bun."
My child is allergic to peanuts. What are some safe snacks for them?,"For a child with a peanuts allergy, it's crucial to avoid any foods containing that allergen. For snacks, a safe option could be a sunflower seed butter and jelly sandwich on gluten-free bread, or a rice pasta with a vegetable-based sauce."
What are some pescatarian snacks for teens (13-18 years)?,"A pescatarian snacks for teens (13-18 years) could be a lentil soup with a side of whole-grain bread, or a tofu stir-fry with a variety of vegetables."
What are some vegetarian lunch for kids (6-12 years)?,"A vegetarian lunch for kids (6-12 years) could be a lentil soup with a side of whole-grain bread, or a tofu stir-fry with a variety of vegetables."
How can I deal with involving kids in cooking in toddlers (1-3 years)?,"Dealing with involving kids in cooking in toddlers (1-3 years) can be challenging. One tip is to involving kids in cooking, for example, by creating a colorful plate or cutting sandwiches into fun shapes. It's also important to be patient and continue offering new foods without pressure."
My child is allergic to peanuts. What are some safe lunch for them?,"For a child with a peanuts allergy, it's crucial to avoid any foods containing that allergen. For lunch, a safe option could be a sunflower seed butter and jelly sandwich on gluten-free bread, or a rice pasta with a vegetable-based sauce."
What are some healthy breakfast for toddlers (1-3 years)?,"For toddlers (1-3 years), a healthy breakfast could include a source of protein like lean meat or beans, a whole grain like brown rice or quinoa, and a variety of colorful vegetables. For example, a grilled chicken salad or a black bean burger on a whole wheat bun."
Can you give me some information about the benefits of a balanced diet for toddlers (1-3 years)?,"The benefits of a balanced diet is especially important for toddlers (1-3 years). For example, it's recommended that they drink plenty of water throughout the day to stay hydrated and support their growing bodies."
What are some healthy snacks for preschoolers (4-5 years)?,"For preschoolers (4-5 years), a healthy snacks could include a source of protein like lean meat or beans, a whole grain like brown rice or quinoa, and a variety of colorful vegetables. For example, a grilled chicken salad or a black bean burger on a whole wheat bun."
What are the key points of safe food storage when preparing food for kids (6-12 years)?,"When it comes to safe food storage for kids (6-12 years), it's important to always wash your hands before preparing food, cook meat to the proper temperature, and store leftovers in the refrigerator promptly."
What are some healthy dinner for teens (13-18 years)?,"For teens (13-18 years), a healthy dinner could include a source of protein like lean meat or beans, a whole grain like brown rice or quinoa, and a variety of colorful vegetables. For example, a grilled chicken salad or a black bean burger on a whole wheat bun."
How can I deal with patience with picky eaters in toddlers (1-3 years)?,"Dealing with patience with picky eaters in toddlers (1-3 years) can be challenging. One tip is to patience with picky eaters, for example, by creating a colorful plate or cutting sandwiches into fun shapes. It's also important to be patient and continue offering new foods without pressure."
What are the key points of cross-contamination when preparing food for toddlers (1-3 years)?,"When it comes to cross-contamination for toddlers (1-3 years), it's important to always wash your hands before preparing food, cook meat to the proper temperature, and store leftovers in the refrigerator promptly."
How can I deal with making food fun in kids (6-12 years)?,"Dealing with making food fun in kids (6-12 years) can be challenging. One tip is to making food fun, for example, by creating a colorful plate or cutting sandwiches into fun shapes. It's also important to be patient and continue offering new foods without pressure."
What are some healthy dinner for kids (6-12 years)?,"For kids (6-12 years), a healthy dinner could include a source of protein like lean meat or beans, a whole grain like brown rice or quinoa, and a variety of colorful vegetables. For example, a grilled chicken salad or a black bean burger on a whole wheat bun."
What are some healthy dinner for kids (6-12 years)?,"For kids (6-12 years), a healthy dinner could include a source of protein like lean meat or beans, a whole grain like brown rice or quinoa, and a variety of colorful vegetables. For example, a grilled chicken salad or a black bean burger on a whole wheat bun."
My child is allergic to dairy. What are some safe snacks for them?,"For a child with a dairy allergy, it's crucial to avoid any foods containing that allergen. For snacks, a safe option could be a sunflower seed butter and jelly sandwich on gluten-free bread, or a rice pasta with a vegetable-based sauce."
What are some vegetarian snacks for toddlers (1-3 years)?,"A vegetarian snacks for toddlers (1-3 years) could be a lentil soup with a side of whole-grain bread, or a tofu stir-fry with a variety of vegetables."
What are some healthy lunch for toddlers (1-3 years)?,"For toddlers (1-3 years), a healthy lunch could include a source of protein like lean meat or beans, a whole grain like brown rice or quinoa, and a variety of colorful vegetables. For example, a grilled chicken salad or a black bean burger on a whole wheat bun."
What are some pescatarian breakfast for toddlers (1-3 years)?,"A pescatarian breakfast for toddlers (1-3 years) could be a lentil soup with a side of whole-grain bread, or a tofu stir-fry with a variety of vegetables."
Can you give me some information about the benefits of a balanced diet for kids (6-12 years)?,"The benefits of a balanced diet is especially important for kids (6-12 years). For example, it's recommended that they drink plenty of water throughout the day to stay hydrated and support their growing bodies."
Can you give me some information about the how to read nutrition labels for preschoolers (4-5 years)?,"The how to read nutrition labels is especially important for preschoolers (4-5 years). For example, it's recommended that they drink plenty of water throughout the day to stay hydrated and support their growing bodies."
My child is allergic to dairy. What are some safe lunch for them?,"For a child with a dairy allergy, it's crucial to avoid any foods containing that allergen. For lunch, a safe option could be a sunflower seed butter and jelly sandwich on gluten-free bread, or a rice pasta with a vegetable-based sauce."
My child is allergic to shellfish. What are some safe breakfast for them?,"For a child with a shellfish allergy, it's crucial to avoid any foods containing that allergen. For breakfast, a safe option could be a sunflower seed butter and jelly sandwich on gluten-free bread, or a rice pasta with a vegetable-based sauce."
Can you give me some information about the importance of hydration for toddlers (1-3 years)?,"The importance of hydration is especially important for toddlers (1-3 years). For example, it's recommended that they drink plenty of water throughout the day to stay hydrated and support their growing bodies."
What are the key points of cross-contamination when preparing food for kids (6-12 years)?,"When it comes to cross-contamination for kids (6-12 years), it's important to always wash your hands before preparing food, cook meat to the proper temperature, and store leftovers in the refrigerator promptly."
Can you give me some information about the importance of hydration for teens (13-18 years)?,"The importance of hydration is especially important for teens (13-18 years). For example, it's recommended that they drink plenty of water throughout the day to stay hydrated and support their growing bodies."
How can I deal with making food fun in preschoolers (4-5 years)?,"Dealing with making food fun in preschoolers (4-5 years) can be challenging. One tip is to making food fun, for example, by creating a colorful plate or cutting sandwiches into fun shapes. It's also important to be patient and continue offering new foods without pressure."
My child is allergic to peanuts. What are some safe snacks for them?,"For a child with a peanuts allergy, it's crucial to avoid any foods containing that allergen. For snacks, a safe option could be a sunflower seed butter and jelly sandwich on gluten-free bread, or a rice pasta with a vegetable-based sauce."
What are the key points of safe food storage when preparing food for toddlers (1-3 years)?,"When it comes to safe food storage for toddlers (1-3 years), it's important to always wash your hands before preparing food, cook meat to the proper temperature, and store leftovers in the refrigerator promptly."
How can I deal with how to introduce new foods in preschoolers (4-5 years)?,"Dealing with how to introduce new foods in preschoolers (4-5 years) can be challenging. One tip is to how to introduce new foods, for example, by creating a colorful plate or cutting sandwiches into fun shapes. It's also important to be patient and continue offering new foods without pressure."
Can you give me some information about the healthy snack ideas for kids (6-12 years)?,"The healthy snack ideas is especially important for kids (6-12 years). For example, it's recommended that they drink plenty of water throughout the day to stay hydrated and support their growing bodies."
What are some pescatarian lunch for toddlers (1-3 years)?,"A pescatarian lunch for toddlers (1-3 years) could be a lentil soup with a side of whole-grain bread, or a tofu stir-fry with a variety of vegetables."
What are the key points of safe food storage when preparing food for teens (13-18 years)?,"When it comes to safe food storage for teens (13-18 years), it's important to always wash your hands before preparing food, cook meat to the proper temperature, and store leftovers in the refrigerator promptly."
How can I deal with making food fun in preschoolers (4-5 years)?,"Dealing with making food fun in preschoolers (4-5 years) can be challenging. One tip is to making food fun, for example, by creating a colorful plate or cutting sandwiches into fun shapes. It's also important to be patient and continue offering new foods without pressure."
Can you give me some information about the benefits of a balanced diet for toddlers (1-3 years)?,"The benefits of a balanced diet is especially important for toddlers (1-3 years). For example, it's recommended that they drink plenty of water throughout the day to stay hydrated and support their growing bodies."
How can I deal with how to introduce new foods in teens (13-18 years)?,"Dealing with how to introduce new foods in teens (13-18 years) can be challenging. One tip is to how to introduce new foods, for example, by creating a colorful plate or cutting sandwiches into fun shapes. It's also important to be patient and continue offering new foods without pressure."
What are the key points of cross-contamination when preparing food for kids (6-12 years)?,"When it comes to cross-contamination for kids (6-12 years), it's important to always wash your hands before preparing food, cook meat to the proper temperature, and store leftovers in the refrigerator promptly."
My child is allergic to shellfish. What are some safe breakfast for them?,"For a child with a shellfish allergy, it's crucial to avoid any foods containing that allergen. For breakfast, a safe option could be a sunflower seed butter and jelly sandwich on gluten-free bread, or a rice pasta with a vegetable-based sauce."
What are some healthy lunch for teens (13-18 years)?,"For teens (13-18 years), a healthy lunch could include a source of protein like lean meat or beans, a whole grain like brown rice or quinoa, and a variety of colorful vegetables. For example, a grilled chicken salad or a black bean burger on a whole wheat bun."
What are the key points of cooking temperatures when preparing food for kids (6-12 years)?,"When it comes to cooking temperatures for kids (6-12 years), it's important to always wash your hands before preparing food, cook meat to the proper temperature, and store leftovers in the refrigerator promptly."
What are some healthy lunch for teens (13-18 years)?,"For teens (13-18 years), a healthy lunch could include a source of protein like lean meat or beans, a whole grain like brown rice or quinoa, and a variety of colorful vegetables. For example, a grilled chicken salad or a black bean burger on a whole wheat bun."
What are some healthy lunch for kids (6-12 years)?,"For kids (6-12 years), a healthy lunch could include a source of protein like lean meat or beans, a whole grain like brown rice or quinoa, and a variety of colorful vegetables. For example, a grilled chicken salad or a black bean burger on a whole wheat bun."
What are some healthy lunch for toddlers (1-3 years)?,"For toddlers (1-3 years), a healthy lunch could include a source of protein like lean meat or beans, a whole grain like brown rice or quinoa, and a variety of colorful vegetables. For example, a grilled chicken salad or a black bean burger on a whole wheat bun."
My child is allergic to shellfish. What are some safe snacks for them?,"For a child with a shellfish allergy, it's crucial to avoid any foods containing that allergen. For snacks, a safe option could be a sunflower seed butter and jelly sandwich on gluten-free bread, or a rice pasta with a vegetable-based sauce."
What are some pescatarian breakfast for toddlers (1-3 years)?,"A pescatarian breakfast for toddlers (1-3 years) could be a lentil soup with a side of whole-grain bread, or a tofu stir-fry with a variety of vegetables."
My child is allergic to shellfish. What are some safe snacks for them?,"For a child with a shellfish allergy, it's crucial to avoid any foods containing that allergen. For snacks, a safe option could be a sunflower seed butter and jelly sandwich on gluten-free bread, or a rice pasta with a vegetable-based sauce."
How can I deal with how to introduce new foods in toddlers (1-3 years)?,"Dealing with how to introduce new foods in toddlers (1-3 years) can be challenging. One tip is to how to introduce new foods, for example, by creating a colorful plate or cutting sandwiches into fun shapes. It's also important to be patient and continue offering new foods without pressure."
What are the key points of hand washing before meals when preparing food for teens (13-18 years)?,"When it comes to hand washing before meals for teens (13-18 years), it's important to always wash your hands before preparing food, cook meat to the proper temperature, and store leftovers in the refrigerator promptly."
My child is allergic to dairy. What are some safe lunch for them?,"For a child with a dairy allergy, it's crucial to avoid any foods containing that allergen. For lunch, a safe option could be a sunflower seed butter and jelly sandwich on gluten-free bread, or a rice pasta with a vegetable-based sauce."
What are some vegan dinner for toddlers (1-3 years)?,"A vegan dinner for toddlers (1-3 years) could be a lentil soup with a side of whole-grain bread, or a tofu stir-fry with a variety of vegetables."
Can you give me some information about the the food pyramid for teens (13-18 years)?,"The the food pyramid is especially important for teens (13-18 years). For example, it's recommended that they drink plenty of water throughout the day to stay hydrated and support their growing bodies."
What are some pescatarian breakfast for kids (6-12 years)?,"A pescatarian breakfast for kids (6-12 years) could be a lentil soup with a side of whole-grain bread, or a tofu stir-fry with a variety of vegetables."
My child is allergic to gluten. What are some safe snacks for them?,"For a child with a gluten allergy, it's crucial to avoid any foods containing that allergen. For snacks, a safe option could be a sunflower seed butter and jelly sandwich on gluten-free bread, or a rice pasta with a vegetable-based sauce."
What are some healthy lunch for teens (13-18 years)?,"For teens (13-18 years), a healthy lunch could include a source of protein like lean meat or beans, a whole grain like brown rice or quinoa, and a variety of colorful vegetables. For example, a grilled chicken salad or a black bean burger on a whole wheat bun."
What are the key points of hand washing before meals when preparing food for kids (6-12 years)?,"When it comes to hand washing before meals for kids (6-12 years), it's important to always wash your hands before preparing food, cook meat to the proper temperature, and store leftovers in the refrigerator promptly."
Can you give me some information about the the food pyramid for teens (13-18 years)?,"The the food pyramid is especially important for teens (13-18 years). For example, it's recommended that they drink plenty of water throughout the day to stay hydrated and support their growing bodies."
How can I deal with how to introduce new foods in preschoolers (4-5 years)?,"Dealing with how to introduce new foods in preschoolers (4-5 years) can be challenging. One tip is to how to introduce new foods, for example, by creating a colorful plate or cutting sandwiches into fun shapes. It's also important to be patient and continue offering new foods without pressure."
What are some healthy breakfast for preschoolers (4-5 years)?,"For preschoolers (4-5 years), a healthy breakfast could include a source of protein like lean meat or beans, a whole grain like brown rice or quinoa, and a variety of colorful vegetables. For example, a grilled chicken salad or a black bean burger on a whole wheat bun."
My child is allergic to shellfish. What are some safe breakfast for them?,"For a child with a shellfish allergy, it's crucial to avoid any foods containing that allergen. For breakfast, a safe option could be a sunflower seed butter and jelly sandwich on gluten-free bread, or a rice pasta with a vegetable-based sauce."
What are some vegetarian breakfast for preschoolers (4-5 years)?,"A vegetarian breakfast for preschoolers (4-5 years) could be a lentil soup with a side of whole-grain bread, or a tofu stir-fry with a variety of vegetables."
My child is allergic to peanuts. What are some safe lunch for them?,"For a child with a peanuts allergy, it's crucial to avoid any foods containing that allergen. For lunch, a safe option could be a sunflower seed butter and jelly sandwich on gluten-free bread, or a rice pasta with a vegetable-based sauce."
What are the key points of cross-contamination when preparing food for teens (13-18 years)?,"When it comes to cross-contamination for teens (13-18 years), it's important to always wash your hands before preparing food, cook meat to the proper temperature, and store leftovers in the refrigerator promptly."
Can you give me some information about the how to read nutrition labels for kids (6-12 years)?,"The how to read nutrition labels is especially important for kids (6-12 years). For example, it's recommended that they drink plenty of water throughout the day to stay hydrated and support their growing bodies."
My child is allergic to gluten. What are some safe snacks for them?,"For a child with a gluten allergy, it's crucial to avoid any foods containing that allergen. For snacks, a safe option could be a sunflower seed butter and jelly sandwich on gluten-free bread, or a rice pasta with a vegetable-based sauce."
My child is allergic to shellfish. What are some safe dinner for them?,"For a child with a shellfish allergy, it's crucial to avoid any foods containing that allergen. For dinner, a safe option could be a sunflower seed butter and jelly sandwich on gluten-free bread, or a rice pasta with a vegetable-based sauce."
Can you give me some information about the benefits of a balanced diet for preschoolers (4-5 years)?,"The benefits of a balanced diet is especially important for preschoolers (4-5 years). For example, it's recommended that they drink plenty of water throughout the day to stay hydrated and support their growing bodies."
How can I deal with involving kids in cooking in teens (13-18 years)?,"Dealing with involving kids in cooking in teens (13-18 years) can be challenging. One tip is to involving kids in cooking, for example, by creating a colorful plate or cutting sandwiches into fun shapes. It's also important to be patient and continue offering new foods without pressure."
My child is allergic to peanuts. What are some safe breakfast for them?,"For a child with a peanuts allergy, it's crucial to avoid any foods containing that allergen. For breakfast, a safe option could be a sunflower seed butter and jelly sandwich on gluten-free bread, or a rice pasta with a vegetable-based sauce."
What are the key points of cooking temperatures when preparing food for teens (13-18 years)?,"When it comes to cooking temperatures for teens (13-18 years), it's important to always wash your hands before preparing food, cook meat to the proper temperature, and store leftovers in the refrigerator promptly."
My child is allergic to gluten. What are some safe snacks for them?,"For a child with a gluten allergy, it's crucial to avoid any foods containing that allergen. For snacks, a safe option could be a sunflower seed butter and jelly sandwich on gluten-free bread, or a rice pasta with a vegetable-based sauce."
What are the key points of cross-contamination when preparing food for preschoolers (4-5 years)?,"When it comes to cross-contamination for preschoolers (4-5 years), it's important to always wash your hands before preparing food, cook meat to the proper temperature, and store leftovers in the refrigerator promptly."
Can you give me some information about the importance of hydration for toddlers (1-3 years)?,"The importance of hydration is especially important for toddlers (1-3 years). For example, it's recommended that they drink plenty of water throughout the day to stay hydrated and support their growing bodies."
What are the key points of hand washing before meals when preparing food for kids (6-12 years)?,"When it comes to hand washing before meals for kids (6-12 years), it's important to always wash your hands before preparing food, cook meat to the proper temperature, and store leftovers in the refrigerator promptly."
What are some pescatarian snacks for toddlers (1-3 years)?,"A pescatarian snacks for toddlers (1-3 years) could be a lentil soup with a side of whole-grain bread, or a tofu stir-fry with a variety of vegetables."
Can you give me some information about the healthy snack ideas for teens (13-18 years)?,"The healthy snack ideas is especially important for teens (13-18 years). For example, it's recommended that they drink plenty of water throughout the day to stay hydrated and support their growing bodies."
Can you give me some information about the benefits of a balanced diet for toddlers (1-3 years)?,"The benefits of a balanced diet is especially important for toddlers (1-3 years). For example, it's recommended that they drink plenty of water throughout the day to stay hydrated and support their growing bodies."
Can you give me some information about the how to read nutrition labels for teens (13-18 years)?,"The how to read nutrition labels is especially important for teens (13-18 years). For example, it's recommended that they drink plenty of water throughout the day to stay hydrated and support their growing bodies."
What are some vegan dinner for kids (6-12 years)?,"A vegan dinner for kids (6-12 years) could be a lentil soup with a side of whole-grain bread, or a tofu stir-fry with a variety of vegetables."
What are some healthy dinner for teens (13-18 years)?,"For teens (13-18 years), a healthy dinner could include a source of protein like lean meat or beans, a whole grain like brown rice or quinoa, and a variety of colorful vegetables. For example, a grilled chicken salad or a black bean burger on a whole wheat bun."
What are some healthy dinner for preschoolers (4-5 years)?,"For preschoolers (4-5 years), a healthy dinner could include a source of protein like lean meat or beans, a whole grain like brown rice or quinoa, and a variety of colorful vegetables. For example, a grilled chicken salad or a black bean burger on a whole wheat bun."
How can I deal with how to introduce new foods in toddlers (1-3 years)?,"Dealing with how to introduce new foods in toddlers (1-3 years) can be challenging. One tip is to how to introduce new foods, for example, by creating a colorful plate or cutting sandwiches into fun shapes. It's also important to be patient and continue offering new foods without pressure."
My child is allergic to gluten. What are some safe dinner for them?,"For a child with a gluten allergy, it's crucial to avoid any foods containing that allergen. For dinner, a safe option could be a sunflower seed butter and jelly sandwich on gluten-free bread, or a rice pasta with a vegetable-based sauce."
What are some vegetarian breakfast for toddlers (1-3 years)?,"A vegetarian breakfast for toddlers (1-3 years) could be a lentil soup with a side of whole-grain bread, or a tofu stir-fry with a variety of vegetables."
Can you give me some information about the importance of hydration for kids (6-12 years)?,"The importance of hydration is especially important for kids (6-12 years). For example, it's recommended that they drink plenty of water throughout the day to stay hydrated and support their growing bodies."
My child is allergic to dairy. What are some safe snacks for them?,"For a child with a dairy allergy, it's crucial to avoid any foods containing that allergen. For snacks, a safe option could be a sunflower seed butter and jelly sandwich on gluten-free bread, or a rice pasta with a vegetable-based sauce."
What are some vegan dinner for preschoolers (4-5 years)?,"A vegan dinner for preschoolers (4-5 years) could be a lentil soup with a side of whole-grain bread, or a tofu stir-fry with a variety of vegetables."
What are some vegetarian dinner for teens (13-18 years)?,"A vegetarian dinner for teens (13-18 years) could be a lentil soup with a side of whole-grain bread, or a tofu stir-fry with a variety of vegetables."
Can you give me some information about the importance of hydration for kids (6-12 years)?,"The importance of hydration is especially important for kids (6-12 years). For example, it's recommended that they drink plenty of water throughout the day to stay hydrated and support their growing bodies."
How can I deal with involving kids in cooking in kids (6-12 years)?,"Dealing with involving kids in cooking in kids (6-12 years) can be challenging. One tip is to involving kids in cooking, for example, by creating a colorful plate or cutting sandwiches into fun shapes. It's also important to be patient and continue offering new foods without pressure."
What are some healthy dinner for teens (13-18 years)?,"For teens (13-18 years), a healthy dinner could include a source of protein like lean meat or beans, a whole grain like brown rice or quinoa, and a variety of colorful vegetables. For example, a grilled chicken salad or a black bean burger on a whole wheat bun."
How can I deal with patience with picky eaters in preschoolers (4-5 years)?,"Dealing with patience with picky eaters in preschoolers (4-5 years) can be challenging. One tip is to patience with picky eaters, for example, by creating a colorful plate or cutting sandwiches into fun shapes. It's also important to be patient and continue offering new foods without pressure."
What are some healthy breakfast for preschoolers (4-5 years)?,"For preschoolers (4-5 years), a healthy breakfast could include a source of protein like lean meat or beans, a whole grain like brown rice or quinoa, and a variety of colorful vegetables. For example, a grilled chicken salad or a black bean burger on a whole wheat bun."
How can I deal with involving kids in cooking in toddlers (1-3 years)?,"Dealing with involving kids in cooking in toddlers (1-3 years) can be challenging. One tip is to involving kids in cooking, for example, by creating a colorful plate or cutting sandwiches into fun shapes. It's also important to be patient and continue offering new foods without pressure."
What are some healthy snacks for teens (13-18 years)?,"For teens (13-18 years), a healthy snacks could include a source of protein like lean meat or beans, a whole grain like brown rice or quinoa, and a variety of colorful vegetables. For example, a grilled chicken salad or a black bean burger on a whole wheat bun."
What are some pescatarian lunch for kids (6-12 years)?,"A pescatarian lunch for kids (6-12 years) could be a lentil soup with a side of whole-grain bread, or a tofu stir-fry with a variety of vegetables."
Can you give me some information about the importance of hydration for toddlers (1-3 years)?,"The importance of hydration is especially important for toddlers (1-3 years). For example, it's recommended that they drink plenty of water throughout the day to stay hydrated and support their growing bodies."
Can you give me some information about the benefits of a balanced diet for teens (13-18 years)?,"The benefits of a balanced diet is especially important for teens (13-18 years). For example, it's recommended that they drink plenty of water throughout the day to stay hydrated and support their growing bodies."
What are some healthy breakfast for preschoolers (4-5 years)?,"For preschoolers (4-5 years), a healthy breakfast could include a source of protein like lean meat or beans, a whole grain like brown rice or quinoa, and a variety of colorful vegetables. For example, a grilled chicken salad or a black bean burger on a whole wheat bun."
What are some healthy snacks for preschoolers (4-5 years)?,"For preschoolers (4-5 years), a healthy snacks could include a source of protein like lean meat or beans, a whole grain like brown rice or quinoa, and a variety of colorful vegetables. For example, a grilled chicken salad or a black bean burger on a whole wheat bun."
My child is allergic to gluten. What are some safe lunch for them?,"For a child with a gluten allergy, it's crucial to avoid any foods containing that allergen. For lunch, a safe option could be a sunflower seed butter and jelly sandwich on gluten-free bread, or a rice pasta with a vegetable-based sauce."
What are some healthy dinner for kids (6-12 years)?,"For kids (6-12 years), a healthy dinner could include a source of protein like lean meat or beans, a whole grain like brown rice or quinoa, and a variety of colorful vegetables. For example, a grilled chicken salad or a black bean burger on a whole wheat bun."
Can you give me some information about the how to read nutrition labels for preschoolers (4-5 years)?,"The how to read nutrition labels is especially important for preschoolers (4-5 years). For example, it's recommended that they drink plenty of water throughout the day to stay hydrated and support their growing bodies."
My child is allergic to shellfish. What are some safe lunch for them?,"For a child with a shellfish allergy, it's crucial to avoid any foods containing that allergen. For lunch, a safe option could be a sunflower seed butter and jelly sandwich on gluten-free bread, or a rice pasta with a vegetable-based sauce."
What are some vegan snacks for kids (6-12 years)?,"A vegan snacks for kids (6-12 years) could be a lentil soup with a side of whole-grain bread, or a tofu stir-fry with a variety of vegetables."
Can you give me some information about the importance of hydration for teens (13-18 years)?,"The importance of hydration is especially important for teens (13-18 years). For example, it's recommended that they drink plenty of water throughout the day to stay hydrated and support their growing bodies."
What are the key points of cross-contamination when preparing food for teens (13-18 years)?,"When it comes to cross-contamination for teens (13-18 years), it's important to always wash your hands before preparing food, cook meat to the proper temperature, and store leftovers in the refrigerator promptly."
What are some pescatarian breakfast for teens (13-18 years)?,"A pescatarian breakfast for teens (13-18 years) could be a lentil soup with a side of whole-grain bread, or a tofu stir-fry with a variety of vegetables."
What are some vegetarian snacks for toddlers (1-3 years)?,"A vegetarian snacks for toddlers (1-3 years) could be a lentil soup with a side of whole-grain bread, or a tofu stir-fry with a variety of vegetables."
What are some pescatarian dinner for kids (6-12 years)?,"A pescatarian dinner for kids (6-12 years) could be a lentil soup with a side of whole-grain bread, or a tofu stir-fry with a variety of vegetables."
What are some vegan dinner for toddlers (1-3 years)?,"A vegan dinner for toddlers (1-3 years) could be a lentil soup with a side of whole-grain bread, or a tofu stir-fry with a variety of vegetables."
What are some vegetarian lunch for kids (6-12 years)?,"A vegetarian lunch for kids (6-12 years) could be a lentil soup with a side of whole-grain bread, or a tofu stir-fry with a variety of vegetables."
What are some pescatarian snacks for teens (13-18 years)?,"A pescatarian snacks for teens (13-18 years) could be a lentil soup with a side of whole-grain bread, or a tofu stir-fry with a variety of vegetables."
What are some vegetarian dinner for preschoolers (4-5 years)?,"A vegetarian dinner for preschoolers (4-5 years) could be a lentil soup with a side of whole-grain bread, or a tofu stir-fry with a variety of vegetables."
What are some healthy snacks for toddlers (1-3 years)?,"For toddlers (1-3 years), a healthy snacks could include a source of protein like lean meat or beans, a whole grain like brown rice or quinoa, and a variety of colorful vegetables. For example, a grilled chicken salad or a black bean burger on a whole wheat bun."
Can you give me some information about the importance of hydration for kids (6-12 years)?,"The importance of hydration is especially important for kids (6-12 years). For example, it's recommended that they drink plenty of water throughout the day to stay hydrated and support their growing bodies."
Can you give me some information about the importance of hydration for teens (13-18 years)?,"The importance of hydration is especially important for teens (13-18 years). For example, it's recommended that they drink plenty of water throughout the day to stay hydrated and support their growing bodies."
What are some healthy breakfast for kids (6-12 years)?,"For kids (6-12 years), a healthy breakfast could include a source of protein like lean meat or beans, a whole grain like brown rice or quinoa, and a variety of colorful vegetables. For example, a grilled chicken salad or a black bean burger on a whole wheat bun."
Can you give me some information about the the food pyramid for preschoolers (4-5 years)?,"The the food pyramid is especially important for preschoolers (4-5 years). For example, it's recommended that they drink plenty of water throughout the day to stay hydrated and support their growing bodies."
How can I deal with patience with picky eaters in preschoolers (4-5 years)?,"Dealing with patience with picky eaters in preschoolers (4-5 years) can be challenging. One tip is to patience with picky eaters, for example, by creating a colorful plate or cutting sandwiches into fun shapes. It's also important to be patient and continue offering new foods without pressure."
What are some pescatarian dinner for kids (6-12 years)?,"A pescatarian dinner for kids (6-12 years) could be a lentil soup with a side of whole-grain bread, or a tofu stir-fry with a variety of vegetables."
Can you give me some information about the the food pyramid for preschoolers (4-5 years)?,"The the food pyramid is especially important for preschoolers (4-5 years). For example, it's recommended that they drink plenty of water throughout the day to stay hydrated and support their growing bodies."
My child is allergic to gluten. What are some safe dinner for them?,"For a child with a gluten allergy, it's crucial to avoid any foods containing that allergen. For dinner, a safe option could be a sunflower seed butter and jelly sandwich on gluten-free bread, or a rice pasta with a vegetable-based sauce."
What are the key points of hand washing before meals when preparing food for preschoolers (4-5 years)?,"When it comes to hand washing before meals for preschoolers (4-5 years), it's important to always wash your hands before preparing food, cook meat to the proper temperature, and store leftovers in the refrigerator promptly."
Can you give me some information about the benefits of a balanced diet for toddlers (1-3 years)?,"The benefits of a balanced diet is especially important for toddlers (1-3 years). For example, it's recommended that they drink plenty of water throughout the day to stay hydrated and support their growing bodies."
My child is allergic to shellfish. What are some safe dinner for them?,"For a child with a shellfish allergy, it's crucial to avoid any foods containing that allergen. For dinner, a safe option could be a sunflower seed butter and jelly sandwich on gluten-free bread, or a rice pasta with a vegetable-based sauce."
What are some healthy lunch for teens (13-18 years)?,"For teens (13-18 years), a healthy lunch could include a source of protein like lean meat or beans, a whole grain like brown rice or quinoa, and a variety of colorful vegetables. For example, a grilled chicken salad or a black bean burger on a whole wheat bun."
My child is allergic to shellfish. What are some safe breakfast for them?,"For a child with a shellfish allergy, it's crucial to avoid any foods containing that allergen. For breakfast, a safe option could be a sunflower seed butter and jelly sandwich on gluten-free bread, or a rice pasta with a vegetable-based sauce."
How can I deal with how to introduce new foods in teens (13-18 years)?,"Dealing with how to introduce new foods in teens (13-18 years) can be challenging. One tip is to how to introduce new foods, for example, by creating a colorful plate or cutting sandwiches into fun shapes. It's also important to be patient and continue offering new foods without pressure."
Can you give me some information about the benefits of a balanced diet for toddlers (1-3 years)?,"The benefits of a balanced diet is especially important for toddlers (1-3 years). For example, it's recommended that they drink plenty of water throughout the day to stay hydrated and support their growing bodies."
My child is allergic to peanuts. What are some safe breakfast for them?,"For a child with a peanuts allergy, it's crucial to avoid any foods containing that allergen. For breakfast, a safe option could be a sunflower seed butter and jelly sandwich on gluten-free bread, or a rice pasta with a vegetable-based sauce."
What are the key points of hand washing before meals when preparing food for toddlers (1-3 years)?,"When it comes to hand washing before meals for toddlers (1-3 years), it's important to always wash your hands before preparing food, cook meat to the proper temperature, and store leftovers in the refrigerator promptly."
What are some healthy breakfast for toddlers (1-3 years)?,"For toddlers (1-3 years), a healthy breakfast could include a source of protein like lean meat or beans, a whole grain like brown rice or quinoa, and a variety of colorful vegetables. For example, a grilled chicken salad or a black bean burger on a whole wheat bun."
What are the key points of cross-contamination when preparing food for preschoolers (4-5 years)?,"When it comes to cross-contamination for preschoolers (4-5 years), it's important to always wash your hands before preparing food, cook meat to the proper temperature, and store leftovers in the refrigerator promptly."
What are some healthy breakfast for preschoolers (4-5 years)?,"For preschoolers (4-5 years), a healthy breakfast could include a source of protein like lean meat or beans, a whole grain like brown rice or quinoa, and a variety of colorful vegetables. For example, a grilled chicken salad or a black bean burger on a whole wheat bun."
How can I deal with how to introduce new foods in teens (13-18 years)?,"Dealing with how to introduce new foods in teens (13-18 years) can be challenging. One tip is to how to introduce new foods, for example, by creating a colorful plate or cutting sandwiches into fun shapes. It's also important to be patient and continue offering new foods without pressure."
Can you give me some information about the benefits of a balanced diet for toddlers (1-3 years)?,"The benefits of a balanced diet is especially important for toddlers (1-3 years). For example, it's recommended that they drink plenty of water throughout the day to stay hydrated and support their growing bodies."
How can I deal with involving kids in cooking in preschoolers (4-5 years)?,"Dealing with involving kids in cooking in preschoolers (4-5 years) can be challenging. One tip is to involving kids in cooking, for example, by creating a colorful plate or cutting sandwiches into fun shapes. It's also important to be patient and continue offering new foods without pressure."
How can I deal with patience with picky eaters in toddlers (1-3 years)?,"Dealing with patience with picky eaters in toddlers (1-3 years) can be challenging. One tip is to patience with picky eaters, for example, by creating a colorful plate or cutting sandwiches into fun shapes. It's also important to be patient and continue offering new foods without pressure."
My child is allergic to eggs. What are some safe snacks for them?,"For a child with a eggs allergy, it's crucial to avoid any foods containing that allergen. For snacks, a safe option could be a sunflower seed butter and jelly sandwich on gluten-free bread, or a rice pasta with a vegetable-based sauce."
Can you give me some information about the how to read nutrition labels for teens (13-18 years)?,"The how to read nutrition labels is especially important for teens (13-18 years). For example, it's recommended that they drink plenty of water throughout the day to stay hydrated and support their growing bodies."
What are some healthy dinner for kids (6-12 years)?,"For kids (6-12 years), a healthy dinner could include a source of protein like lean meat or beans, a whole grain like brown rice or quinoa, and a variety of colorful vegetables. For example, a grilled chicken salad or a black bean burger on a whole wheat bun."
My child is allergic to dairy. What are some safe dinner for them?,"For a child with a dairy allergy, it's crucial to avoid any foods containing that allergen. For dinner, a safe option could be a sunflower seed butter and jelly sandwich on gluten-free bread, or a rice pasta with a vegetable-based sauce."
Can you give me some information about the healthy snack ideas for toddlers (1-3 years)?,"The healthy snack ideas is especially important for toddlers (1-3 years). For example, it's recommended that they drink plenty of water throughout the day to stay hydrated and support their growing bodies."
Can you give me some information about the benefits of a balanced diet for preschoolers (4-5 years)?,"The benefits of a balanced diet is especially important for preschoolers (4-5 years). For example, it's recommended that they drink plenty of water throughout the day to stay hydrated and support their growing bodies."
What are the key points of cross-contamination when preparing food for toddlers (1-3 years)?,"When it comes to cross-contamination for toddlers (1-3 years), it's important to always wash your hands before preparing food, cook meat to the proper temperature, and store leftovers in the refrigerator promptly."
Can you give me some information about the healthy snack ideas for toddlers (1-3 years)?,"The healthy snack ideas is especially important for toddlers (1-3 years). For example, it's recommended that they drink plenty of water throughout the day to stay hydrated and support their growing bodies."
Can you give me some information about the healthy snack ideas for teens (13-18 years)?,"The healthy snack ideas is especially important for teens (13-18 years). For example, it's recommended that they drink plenty of water throughout the day to stay hydrated and support their growing bodies."
My child is allergic to shellfish. What are some safe lunch for them?,"For a child with a shellfish allergy, it's crucial to avoid any foods containing that allergen. For lunch, a safe option could be a sunflower seed butter and jelly sandwich on gluten-free bread, or a rice pasta with a vegetable-based sauce."
What are some vegetarian lunch for preschoolers (4-5 years)?,"A vegetarian lunch for preschoolers (4-5 years) could be a lentil soup with a side of whole-grain bread, or a tofu stir-fry with a variety of vegetables."
What are some vegetarian lunch for preschoolers (4-5 years)?,"A vegetarian lunch for preschoolers (4-5 years) could be a lentil soup with a side of whole-grain bread, or a tofu stir-fry with a variety of vegetables."
Can you give me some information about the the food pyramid for teens (13-18 years)?,"The the food pyramid is especially important for teens (13-18 years). For example, it's recommended that they drink plenty of water throughout the day to stay hydrated and support their growing bodies."
How can I deal with making food fun in teens (13-18 years)?,"Dealing with making food fun in teens (13-18 years) can be challenging. One tip is to making food fun, for example, by creating a colorful plate or cutting sandwiches into fun shapes. It's also important to be patient and continue offering new foods without pressure."
What are the key points of safe food storage when preparing food for preschoolers (4-5 years)?,"When it comes to safe food storage for preschoolers (4-5 years), it's important to always wash your hands before preparing food, cook meat to the proper temperature, and store leftovers in the refrigerator promptly."
How can I deal with making food fun in teens (13-18 years)?,"Dealing with making food fun in teens (13-18 years) can be challenging. One tip is to making food fun, for example, by creating a colorful plate or cutting sandwiches into fun shapes. It's also important to be patient and continue offering new foods without pressure."
Can you give me some information about the importance of hydration for preschoolers (4-5 years)?,"The importance of hydration is especially important for preschoolers (4-5 years). For example, it's recommended that they drink plenty of water throughout the day to stay hydrated and support their growing bodies."
Can you give me some information about the importance of hydration for preschoolers (4-5 years)?,"The importance of hydration is especially important for preschoolers (4-5 years). For example, it's recommended that they drink plenty of water throughout the day to stay hydrated and support their growing bodies."
What are some vegetarian breakfast for teens (13-18 years)?,"A vegetarian breakfast for teens (13-18 years) could be a lentil soup with a side of whole-grain bread, or a tofu stir-fry with a variety of vegetables."
What are the key points of hand washing before meals when preparing food for preschoolers (4-5 years)?,"When it comes to hand washing before meals for preschoolers (4-5 years), it's important to always wash your hands before preparing food, cook meat to the proper temperature, and store leftovers in the refrigerator promptly."
What are some healthy dinner for kids (6-12 years)?,"For kids (6-12 years), a healthy dinner could include a source of protein like lean meat or beans, a whole grain like brown rice or quinoa, and a variety of colorful vegetables. For example, a grilled chicken salad or a black bean burger on a whole wheat bun."
Can you give me some information about the benefits of a balanced diet for toddlers (1-3 years)?,"The benefits of a balanced diet is especially important for toddlers (1-3 years). For example, it's recommended that they drink plenty of water throughout the day to stay hydrated and support their growing bodies."
What are some vegan breakfast for teens (13-18 years)?,"A vegan breakfast for teens (13-18 years) could be a lentil soup with a side of whole-grain bread, or a tofu stir-fry with a variety of vegetables."
What are the key points of cooking temperatures when preparing food for teens (13-18 years)?,"When it comes to cooking temperatures for teens (13-18 years), it's important to always wash your hands before preparing food, cook meat to the proper temperature, and store leftovers in the refrigerator promptly."
What are some healthy breakfast for teens (13-18 years)?,"For teens (13-18 years), a healthy breakfast could include a source of protein like lean meat or beans, a whole grain like brown rice or quinoa, and a variety of colorful vegetables. For example, a grilled chicken salad or a black bean burger on a whole wheat bun."
What are some healthy snacks for teens (13-18 years)?,"For teens (13-18 years), a healthy snacks could include a source of protein like lean meat or beans, a whole grain like brown rice or quinoa, and a variety of colorful vegetables. For example, a grilled chicken salad or a black bean burger on a whole wheat bun."
What are the key points of hand washing before meals when preparing food for kids (6-12 years)?,"When it comes to hand washing before meals for kids (6-12 years), it's important to always wash your hands before preparing food, cook meat to the proper temperature, and store leftovers in the refrigerator promptly."
My child is allergic to peanuts. What are some safe snacks for them?,"For a child with a peanuts allergy, it's crucial to avoid any foods containing that allergen. For snacks, a safe option could be a sunflower seed butter and jelly sandwich on gluten-free bread, or a rice pasta with a vegetable-based sauce."
Can you give me some information about the benefits of a balanced diet for preschoolers (4-5 years)?,"The benefits of a balanced diet is especially important for preschoolers (4-5 years). For example, it's recommended that they drink plenty of water throughout the day to stay hydrated and support their growing bodies."
My child is allergic to shellfish. What are some safe breakfast for them?,"For a child with a shellfish allergy, it's crucial to avoid any foods containing that allergen. For breakfast, a safe option could be a sunflower seed butter and jelly sandwich on gluten-free bread, or a rice pasta with a vegetable-based sauce."
Can you give me some information about the the food pyramid for kids (6-12 years)?,"The the food pyramid is especially important for kids (6-12 years). For example, it's recommended that they drink plenty of water throughout the day to stay hydrated and support their growing bodies."
Can you give me some information about the healthy snack ideas for kids (6-12 years)?,"The healthy snack ideas is especially important for kids (6-12 years). For example, it's recommended that they drink plenty of water throughout the day to stay hydrated and support their growing bodies."
Can you give me some information about the importance of hydration for preschoolers (4-5 years)?,"The importance of hydration is especially important for preschoolers (4-5 years). For example, it's recommended that they drink plenty of water throughout the day to stay hydrated and support their growing bodies."
Can you give me some information about the benefits of a balanced diet for preschoolers (4-5 years)?,"The benefits of a balanced diet is especially important for preschoolers (4-5 years). For example, it's recommended that they drink plenty of water throughout the day to stay hydrated and support their growing bodies."
What are some healthy lunch for toddlers (1-3 years)?,"For toddlers (1-3 years), a healthy lunch could include a source of protein like lean meat or beans, a whole grain like brown rice or quinoa, and a variety of colorful vegetables. For example, a grilled chicken salad or a black bean burger on a whole wheat bun."
What are some vegan lunch for teens (13-18 years)?,"A vegan lunch for teens (13-18 years) could be a lentil soup with a side of whole-grain bread, or a tofu stir-fry with a variety of vegetables."
What are some pescatarian snacks for kids (6-12 years)?,"A pescatarian snacks for kids (6-12 years) could be a lentil soup with a side of whole-grain bread, or a tofu stir-fry with a variety of vegetables."
How can I deal with patience with picky eaters in kids (6-12 years)?,"Dealing with patience with picky eaters in kids (6-12 years) can be challenging. One tip is to patience with picky eaters, for example, by creating a colorful plate or cutting sandwiches into fun shapes. It's also important to be patient and continue offering new foods without pressure."
What are some vegetarian lunch for preschoolers (4-5 years)?,"A vegetarian lunch for preschoolers (4-5 years) could be a lentil soup with a side of whole-grain bread, or a tofu stir-fry with a variety of vegetables."
How can I deal with patience with picky eaters in toddlers (1-3 years)?,"Dealing with patience with picky eaters in toddlers (1-3 years) can be challenging. One tip is to patience with picky eaters, for example, by creating a colorful plate or cutting sandwiches into fun shapes. It's also important to be patient and continue offering new foods without pressure."
My child is allergic to gluten. What are some safe snacks for them?,"For a child with a gluten allergy, it's crucial to avoid any foods containing that allergen. For snacks, a safe option could be a sunflower seed butter and jelly sandwich on gluten-free bread, or a rice pasta with a vegetable-based sauce."
What are some healthy breakfast for kids (6-12 years)?,"For kids (6-12 years), a healthy breakfast could include a source of protein like lean meat or beans, a whole grain like brown rice or quinoa, and a variety of colorful vegetables. For example, a grilled chicken salad or a black bean burger on a whole wheat bun."
What are the key points of safe food storage when preparing food for teens (13-18 years)?,"When it comes to safe food storage for teens (13-18 years), it's important to always wash your hands before preparing food, cook meat to the proper temperature, and store leftovers in the refrigerator promptly."
How can I deal with making food fun in toddlers (1-3 years)?,"Dealing with making food fun in toddlers (1-3 years) can be challenging. One tip is to making food fun, for example, by creating a colorful plate or cutting sandwiches into fun shapes. It's also important to be patient and continue offering new foods without pressure."
What are some vegetarian snacks for preschoolers (4-5 years)?,"A vegetarian snacks for preschoolers (4-5 years) could be a lentil soup with a side of whole-grain bread, or a tofu stir-fry with a variety of vegetables."
What are some vegan lunch for toddlers (1-3 years)?,"A vegan lunch for toddlers (1-3 years) could be a lentil soup with a side of whole-grain bread, or a tofu stir-fry with a variety of vegetables."
What are the key points of hand washing before meals when preparing food for kids (6-12 years)?,"When it comes to hand washing before meals for kids (6-12 years), it's important to always wash your hands before preparing food, cook meat to the proper temperature, and store leftovers in the refrigerator promptly."
My child is allergic to peanuts. What are some safe snacks for them?,"For a child with a peanuts allergy, it's crucial to avoid any foods containing that allergen. For snacks, a safe option could be a sunflower seed butter and jelly sandwich on gluten-free bread, or a rice pasta with a vegetable-based sauce."
How can I deal with involving kids in cooking in kids (6-12 years)?,"Dealing with involving kids in cooking in kids (6-12 years) can be challenging. One tip is to involving kids in cooking, for example, by creating a colorful plate or cutting sandwiches into fun shapes. It's also important to be patient and continue offering new foods without pressure."
My child is allergic to eggs. What are some safe lunch for them?,"For a child with a eggs allergy, it's crucial to avoid any foods containing that allergen. For lunch, a safe option could be a sunflower seed butter and jelly sandwich on gluten-free bread, or a rice pasta with a vegetable-based sauce."
My child is allergic to eggs. What are some safe lunch for them?,"For a child with a eggs allergy, it's crucial to avoid any foods containing that allergen. For lunch, a safe option could be a sunflower seed butter and jelly sandwich on gluten-free bread, or a rice pasta with a vegetable-based sauce."
What are some healthy breakfast for teens (13-18 years)?,"For teens (13-18 years), a healthy breakfast could include a source of protein like lean meat or beans, a whole grain like brown rice or quinoa, and a variety of colorful vegetables. For example, a grilled chicken salad or a black bean burger on a whole wheat bun."
What are the key points of hand washing before meals when preparing food for teens (13-18 years)?,"When it comes to hand washing before meals for teens (13-18 years), it's important to always wash your hands before preparing food, cook meat to the proper temperature, and store leftovers in the refrigerator promptly."
Can you give me some information about the healthy snack ideas for teens (13-18 years)?,"The healthy snack ideas is especially important for teens (13-18 years). For example, it's recommended that they drink plenty of water throughout the day to stay hydrated and support their growing bodies."
My child is allergic to dairy. What are some safe dinner for them?,"For a child with a dairy allergy, it's crucial to avoid any foods containing that allergen. For dinner, a safe option could be a sunflower seed butter and jelly sandwich on gluten-free bread, or a rice pasta with a vegetable-based sauce."
What are the key points of cross-contamination when preparing food for toddlers (1-3 years)?,"When it comes to cross-contamination for toddlers (1-3 years), it's important to always wash your hands before preparing food, cook meat to the proper temperature, and store leftovers in the refrigerator promptly."
How can I deal with making food fun in preschoolers (4-5 years)?,"Dealing with making food fun in preschoolers (4-5 years) can be challenging. One tip is to making food fun, for example, by creating a colorful plate or cutting sandwiches into fun shapes. It's also important to be patient and continue offering new foods without pressure."
What are the key points of cooking temperatures when preparing food for teens (13-18 years)?,"When it comes to cooking temperatures for teens (13-18 years), it's important to always wash your hands before preparing food, cook meat to the proper temperature, and store leftovers in the refrigerator promptly."
My child is allergic to peanuts. What are some safe breakfast for them?,"For a child with a peanuts allergy, it's crucial to avoid any foods containing that allergen. For breakfast, a safe option could be a sunflower seed butter and jelly sandwich on gluten-free bread, or a rice pasta with a vegetable-based sauce."
Can you give me some information about the healthy snack ideas for preschoolers (4-5 years)?,"The healthy snack ideas is especially important for preschoolers (4-5 years). For example, it's recommended that they drink plenty of water throughout the day to stay hydrated and support their growing bodies."
My child is allergic to dairy. What are some safe snacks for them?,"For a child with a dairy allergy, it's crucial to avoid any foods containing that allergen. For snacks, a safe option could be a sunflower seed butter and jelly sandwich on gluten-free bread, or a rice pasta with a vegetable-based sauce."
What are some healthy breakfast for preschoolers (4-5 years)?,"For preschoolers (4-5 years), a healthy breakfast could include a source of protein like lean meat or beans, a whole grain like brown rice or quinoa, and a variety of colorful vegetables. For example, a grilled chicken salad or a black bean burger on a whole wheat bun."
What are the key points of hand washing before meals when preparing food for toddlers (1-3 years)?,"When it comes to hand washing before meals for toddlers (1-3 years), it's important to always wash your hands before preparing food, cook meat to the proper temperature, and store leftovers in the refrigerator promptly."
What are some healthy snacks for kids (6-12 years)?,"For kids (6-12 years), a healthy snacks could include a source of protein like lean meat or beans, a whole grain like brown rice or quinoa, and a variety of colorful vegetables. For example, a grilled chicken salad or a black bean burger on a whole wheat bun."
What are the key points of hand washing before meals when preparing food for teens (13-18 years)?,"When it comes to hand washing before meals for teens (13-18 years), it's important to always wash your hands before preparing food, cook meat to the proper temperature, and store leftovers in the refrigerator promptly."
What are some vegetarian snacks for preschoolers (4-5 years)?,"A vegetarian snacks for preschoolers (4-5 years) could be a lentil soup with a side of whole-grain bread, or a tofu stir-fry with a variety of vegetables."
What are some healthy snacks for teens (13-18 years)?,"For teens (13-18 years), a healthy snacks could include a source of protein like lean meat or beans, a whole grain like brown rice or quinoa, and a variety of colorful vegetables. For example, a grilled chicken salad or a black bean burger on a whole wheat bun."
What are some vegetarian breakfast for toddlers (1-3 years)?,"A vegetarian breakfast for toddlers (1-3 years) could be a lentil soup with a side of whole-grain bread, or a tofu stir-fry with a variety of vegetables."
How can I deal with making food fun in preschoolers (4-5 years)?,"Dealing with making food fun in preschoolers (4-5 years) can be challenging. One tip is to making food fun, for example, by creating a colorful plate or cutting sandwiches into fun shapes. It's also important to be patient and continue offering new foods without pressure."
What are some healthy snacks for kids (6-12 years)?,"For kids (6-12 years), a healthy snacks could include a source of protein like lean meat or beans, a whole grain like brown rice or quinoa, and a variety of colorful vegetables. For example, a grilled chicken salad or a black bean burger on a whole wheat bun."
My child is allergic to shellfish. What are some safe dinner for them?,"For a child with a shellfish allergy, it's crucial to avoid any foods containing that allergen. For dinner, a safe option could be a sunflower seed butter and jelly sandwich on gluten-free bread, or a rice pasta with a vegetable-based sauce."
How can I deal with patience with picky eaters in toddlers (1-3 years)?,"Dealing with patience with picky eaters in toddlers (1-3 years) can be challenging. One tip is to patience with picky eaters, for example, by creating a colorful plate or cutting sandwiches into fun shapes. It's also important to be patient and continue offering new foods without pressure."
How can I deal with how to introduce new foods in teens (13-18 years)?,"Dealing with how to introduce new foods in teens (13-18 years) can be challenging. One tip is to how to introduce new foods, for example, by creating a colorful plate or cutting sandwiches into fun shapes. It's also important to be patient and continue offering new foods without pressure."
What are the key points of safe food storage when preparing food for toddlers (1-3 years)?,"When it comes to safe food storage for toddlers (1-3 years), it's important to always wash your hands before preparing food, cook meat to the proper temperature, and store leftovers in the refrigerator promptly."
